{"type": "FeatureCollection", "features": [{"type": "Feature", "properties": {"kind": "centerline", "reach": "Kanektok_River"}, "geometry": {"type": "LineString", "coordinates": [[-161.367495, 59.827588], [-161.367495, 59.827588], [-161.367495, 59.827588], [-161.367494, 59.827587], [-161.367494, 59.827587], [-161.367495, 59.827587], [-161.367495, 59.827587], [-161.367495, 59.827587], [-161.367496, 59.827586], [-161.367497, 59.827586], [-161.367498, 59.827586], [-161.367499, 59.827586], [-161.3675, 59.827586], [-161.367501, 59.827586], [-161.367503, 59.827586], [-161.367505, 59.827587], [-161.367506, 59.827587], [-161.367508, 59.827587], [-161.36751, 59.827587], [-161.367511, 59.827587], [-161.367512, 59.827587], [-161.367513, 59.827587], [-161.367513, 59.827587], [-161.367513, 59.827587], [-161.367512, 59.827586], [-161.36751, 59.827585], [-161.367508, 59.827583], [-161.367506, 59.827581], [-161.367505, 59.827577], [-161.367504, 59.827574], [-161.367505, 59.827569], [-161.367508, 59.827564], [-161.367513, 59.827558], [-161.367522, 59.827551], [-161.367532, 59.827545], [-161.367545, 59.82754], [-161.367561, 59.827534], [-161.367577, 59.827529], [-161.367593, 59.827525], [-161.367614, 59.82752], [-161.367635, 59.827515], [-161.367655, 59.82751], [-161.36768, 59.827505], [-161.367705, 59.8275], [-161.367732, 59.827494], [-161.36776, 59.827488], [-161.36779, 59.827481], [-161.36782, 59.827475], [-161.367852, 59.827468], [-161.367883, 59.827461], [-161.367918, 59.827454], [-161.367952, 59.827447], [-161.367987, 59.82744], [-161.368024, 59.827433], [-161.368063, 59.827426], [-161.368102, 59.827419], [-161.368144, 59.827413], [-161.368187, 59.827407], [-161.368231, 59.827401], [-161.368273, 59.827396], [-161.368319, 59.827391], [-161.368362, 59.827386], [-161.368409, 59.827382], [-161.368453, 59.827379], [-161.368501, 59.827375], [-161.368546, 59.827373], [-161.368593, 59.82737], [-161.368638, 59.827367], [-161.368686, 59.827365], [-161.368732, 59.827362], [-161.368777, 59.82736], [-161.368823, 59.827357], [-161.368872, 59.827355], [-161.368918, 59.827353], [-161.368966, 59.82735], [-161.369015, 59.827348], [-161.369064, 59.827346], [-161.369114, 59.827344], [-161.369163, 59.827342], [-161.369213, 59.82734], [-161.369263, 59.827338], [-161.369313, 59.827336], [-161.369363, 59.827334], [-161.369414, 59.827332], [-161.369464, 59.82733], [-161.369517, 59.827328], [-161.36957, 59.827325], [-161.369623, 59.827323], [-161.369679, 59.827321], [-161.369735, 59.827318], [-161.369793, 59.827315], [-161.369851, 59.827312], [-161.36991, 59.827309], [-161.369968, 59.827306], [-161.370027, 59.827303], [-161.370083, 59.827301], [-161.370139, 59.827298], [-161.370195, 59.827296], [-161.370251, 59.827294], [-161.370304, 59.827292], [-161.370357, 59.827289], [-161.37041, 59.827287], [-161.370463, 59.827285], [-161.370514, 59.827283], [-161.370567, 59.82728], [-161.370623, 59.827277], [-161.370678, 59.827274], [-161.370734, 59.827271], [-161.370789, 59.827267], [-161.370845, 59.827263], [-161.370897, 59.827259], [-161.37095, 59.827254], [-161.370999, 59.82725], [-161.371052, 59.827245], [-161.371104, 59.82724], [-161.371156, 59.827235], [-161.371211, 59.82723], [-161.371266, 59.827224], [-161.37132, 59.827218], [-161.371375, 59.827212], [-161.371426, 59.827206], [-161.371475, 59.827201], [-161.371528, 59.827194], [-161.37158, 59.827187], [-161.371631, 59.827179], [-161.371685, 59.827171], [-161.37174, 59.827162], [-161.371792, 59.827152], [-161.371845, 59.827143], [-161.371897, 59.827133], [-161.371947, 59.827123], [-161.371994, 59.827114], [-161.372041, 59.827104], [-161.372089, 59.827095], [-161.372136, 59.827085], [-161.372185, 59.827075], [-161.372234, 59.827065], [-161.372283, 59.827054], [-161.37233, 59.827045], [-161.372376, 59.827035], [-161.372423, 59.827025], [-161.37247, 59.827015], [-161.372514, 59.827005], [-161.372561, 59.826996], [-161.372608, 59.826986], [-161.372655, 59.826977], [-161.372699, 59.826967], [-161.372746, 59.826958], [-161.372793, 59.826948], [-161.372838, 59.826939], [-161.372885, 59.826929], [-161.372935, 59.826919], [-161.372983, 59.82691], [-161.373031, 59.8269], [-161.37308, 59.826891], [-161.373126, 59.826883], [-161.373172, 59.826875], [-161.373218, 59.826867], [-161.373265, 59.826859], [-161.373314, 59.826851], [-161.37336, 59.826843], [-161.373407, 59.826836], [-161.373454, 59.826829], [-161.3735, 59.826821], [-161.373544, 59.826815], [-161.37359, 59.826808], [-161.373636, 59.826802], [-161.373682, 59.826795], [-161.373725, 59.826789], [-161.373771, 59.826783], [-161.373817, 59.826777], [-161.373863, 59.82677], [-161.373911, 59.826764], [-161.373962, 59.826757], [-161.374013, 59.82675], [-161.374065, 59.826744], [-161.374116, 59.826738], [-161.374167, 59.826732], [-161.374219, 59.826726], [-161.374273, 59.82672], [-161.374327, 59.826714], [-161.374382, 59.826709], [-161.374439, 59.826705], [-161.374496, 59.8267], [-161.374551, 59.826697], [-161.374608, 59.826695], [-161.374666, 59.826693], [-161.374718, 59.826691], [-161.374773, 59.82669], [-161.374826, 59.82669], [-161.374877, 59.826689], [-161.374927, 59.82669], [-161.374984, 59.82669], [-161.375036, 59.826691], [-161.37509, 59.826692], [-161.375145, 59.826693], [-161.375201, 59.826694], [-161.375254, 59.826695], [-161.37531, 59.826697], [-161.375366, 59.826699], [-161.375422, 59.826701], [-161.375479, 59.826703], [-161.375535, 59.826706], [-161.375591, 59.826709], [-161.375646, 59.826712], [-161.375704, 59.826716], [-161.375762, 59.826721], [-161.375819, 59.826726], [-161.375875, 59.826732], [-161.375931, 59.826738], [-161.375983, 59.826745], [-161.376035, 59.826752], [-161.376087, 59.82676], [-161.376137, 59.826768], [-161.376187, 59.826777], [-161.376237, 59.826786], [-161.376288, 59.826797], [-161.376339, 59.826808], [-161.376389, 59.826819], [-161.376441, 59.826831], [-161.376494, 59.826843], [-161.376545, 59.826855], [-161.376595, 59.826866], [-161.376646, 59.826879], [-161.376695, 59.82689], [-161.376743, 59.826903], [-161.376791, 59.826915], [-161.376836, 59.826928], [-161.376879, 59.82694], [-161.376922, 59.826952], [-161.376962, 59.826963], [-161.377003, 59.826975], [-161.377048, 59.826988], [-161.377093, 59.827002], [-161.377137, 59.827016], [-161.377181, 59.82703], [-161.377224, 59.827045], [-161.377261, 59.827059], [-161.3773, 59.827074], [-161.377335, 59.827089], [-161.377372, 59.827105], [-161.377407, 59.827122], [-161.37744, 59.827139], [-161.377472, 59.827157], [-161.377502, 59.827176], [-161.377529, 59.827194], [-161.377554, 59.827212], [-161.37758, 59.827232], [-161.377603, 59.82725], [-161.377626, 59.82727], [-161.377648, 59.827289], [-161.37767, 59.827309], [-161.37769, 59.827328], [-161.37771, 59.827349], [-161.377728, 59.82737], [-161.377747, 59.827392], [-161.377763, 59.827414], [-161.37778, 59.827437], [-161.377795, 59.82746], [-161.37781, 59.827483], [-161.377823, 59.827507], [-161.377836, 59.827533], [-161.377848, 59.82756], [-161.377857, 59.827588], [-161.377865, 59.827616], [-161.377871, 59.827644], [-161.377876, 59.827671], [-161.37788, 59.827698], [-161.377884, 59.827727], [-161.377889, 59.827756], [-161.377893, 59.827785], [-161.377897, 59.827815], [-161.377901, 59.827844], [-161.377905, 59.827872], [-161.377909, 59.827902], [-161.377914, 59.827932], [-161.377919, 59.827962], [-161.377924, 59.827993], [-161.37793, 59.828023], [-161.377936, 59.828051], [-161.377942, 59.828078], [-161.377949, 59.828106], [-161.377957, 59.828133], [-161.377966, 59.828159], [-161.377975, 59.828187], [-161.377985, 59.828214], [-161.377995, 59.82824], [-161.378005, 59.828266], [-161.378015, 59.828292], [-161.378024, 59.828318], [-161.378034, 59.828343], [-161.378043, 59.828369], [-161.378051, 59.828394], [-161.37806, 59.828421], [-161.378068, 59.828446], [-161.378076, 59.828471], [-161.378084, 59.828496], [-161.378093, 59.82852], [-161.3781, 59.828543], [-161.378109, 59.828567], [-161.378117, 59.828591], [-161.378125, 59.828615], [-161.378134, 59.828639], [-161.378143, 59.828664], [-161.378151, 59.828687], [-161.37816, 59.828711], [-161.378169, 59.828736], [-161.37818, 59.82876], [-161.37819, 59.828783], [-161.378201, 59.828808], [-161.378213, 59.828832], [-161.378225, 59.828857], [-161.378239, 59.828883], [-161.378253, 59.82891], [-161.378266, 59.828936], [-161.37828, 59.828964], [-161.378293, 59.828992], [-161.378305, 59.829018], [-161.378315, 59.829043], [-161.378326, 59.829068], [-161.378334, 59.829092], [-161.378342, 59.829115], [-161.378348, 59.829136], [-161.378352, 59.829158], [-161.378354, 59.829179], [-161.37861, 59.829168], [-161.378868, 59.829149], [-161.379134, 59.829121], [-161.379403, 59.829085], [-161.37968, 59.829041], [-161.379707, 59.82902], [-161.379737, 59.829], [-161.379764, 59.828983], [-161.379793, 59.828965], [-161.379822, 59.828947], [-161.379851, 59.828929], [-161.379879, 59.828912], [-161.379908, 59.828894], [-161.379937, 59.828876], [-161.379966, 59.828857], [-161.379994, 59.82884], [-161.380024, 59.828822], [-161.380053, 59.828804], [-161.380083, 59.828785], [-161.380112, 59.828767], [-161.380143, 59.828748], [-161.380173, 59.828729], [-161.380204, 59.828709], [-161.380234, 59.828689], [-161.380264, 59.828669], [-161.380293, 59.82865], [-161.380324, 59.828629], [-161.380354, 59.828609], [-161.380383, 59.828589], [-161.380412, 59.828568], [-161.380442, 59.828547], [-161.380471, 59.828527], [-161.3805, 59.828506], [-161.380531, 59.828484], [-161.380562, 59.82846], [-161.380593, 59.828437], [-161.380624, 59.828413], [-161.380654, 59.828388], [-161.380683, 59.828365], [-161.38071, 59.828342], [-161.380737, 59.82832], [-161.380764, 59.828297], [-161.380791, 59.828274], [-161.380819, 59.82825], [-161.380846, 59.828227], [-161.380873, 59.828204], [-161.380899, 59.828182], [-161.380925, 59.82816], [-161.380951, 59.828138], [-161.380976, 59.828116], [-161.381, 59.828096], [-161.381025, 59.828074], [-161.381051, 59.828052], [-161.381078, 59.828029], [-161.381105, 59.828006], [-161.381134, 59.827983], [-161.381162, 59.827961], [-161.381192, 59.827939], [-161.381222, 59.827917], [-161.381253, 59.827896], [-161.381286, 59.827875], [-161.38132, 59.827854], [-161.381353, 59.827834], [-161.381386, 59.827815], [-161.381421, 59.827796], [-161.381458, 59.827777], [-161.381493, 59.827759], [-161.381532, 59.827741], [-161.38157, 59.827723], [-161.38161, 59.827705], [-161.381649, 59.827689], [-161.38169, 59.827672], [-161.381732, 59.827657], [-161.381774, 59.827642], [-161.381815, 59.827628], [-161.381856, 59.827615], [-161.381898, 59.827602], [-161.38194, 59.82759], [-161.381984, 59.827578], [-161.382032, 59.827565], [-161.38208, 59.827553], [-161.382128, 59.827542], [-161.382177, 59.827531], [-161.382226, 59.827521], [-161.382275, 59.82751], [-161.382325, 59.8275], [-161.382377, 59.82749], [-161.382429, 59.827479], [-161.38248, 59.82747], [-161.382528, 59.82746], [-161.382576, 59.827451], [-161.382623, 59.827442], [-161.382669, 59.827433], [-161.382716, 59.827424], [-161.382766, 59.827414], [-161.382816, 59.827404], [-161.382866, 59.827394], [-161.382916, 59.827384], [-161.382967, 59.827373], [-161.383017, 59.827363], [-161.383067, 59.827352], [-161.383118, 59.827341], [-161.383169, 59.827331], [-161.383219, 59.827321], [-161.38327, 59.827311], [-161.383321, 59.827301], [-161.383372, 59.827292], [-161.383423, 59.827283], [-161.383469, 59.827275], [-161.383513, 59.827267], [-161.383556, 59.82726], [-161.3836, 59.827253], [-161.383644, 59.827246], [-161.383693, 59.827239], [-161.383745, 59.827231], [-161.383797, 59.827224], [-161.38385, 59.827217], [-161.383902, 59.827211], [-161.383954, 59.827205], [-161.384006, 59.8272], [-161.384058, 59.827196], [-161.38411, 59.827191], [-161.384162, 59.827187], [-161.384216, 59.827184], [-161.384271, 59.82718], [-161.384326, 59.827177], [-161.384381, 59.827174], [-161.384439, 59.827171], [-161.384495, 59.827168], [-161.384548, 59.827166], [-161.384602, 59.827164], [-161.384656, 59.827161], [-161.384707, 59.82716], [-161.384756, 59.827159], [-161.384807, 59.827157], [-161.384858, 59.827156], [-161.384909, 59.827156], [-161.384958, 59.827155], [-161.385008, 59.827155], [-161.385059, 59.827155], [-161.385107, 59.827155], [-161.385154, 59.827154], [-161.385205, 59.827154], [-161.385255, 59.827153], [-161.385305, 59.827153], [-161.385355, 59.827152], [-161.385405, 59.827152], [-161.385455, 59.827151], [-161.385502, 59.82715], [-161.385549, 59.827149], [-161.385599, 59.827148], [-161.385646, 59.827146], [-161.385692, 59.827144], [-161.385741, 59.827142], [-161.385787, 59.827139], [-161.385832, 59.827136], [-161.385878, 59.827133], [-161.385923, 59.82713], [-161.385968, 59.827126], [-161.386013, 59.827123], [-161.386058, 59.827119], [-161.386105, 59.827115], [-161.38615, 59.827111], [-161.386194, 59.827108], [-161.386238, 59.827104], [-161.386282, 59.827101], [-161.386323, 59.827097], [-161.386367, 59.827093], [-161.38641, 59.82709], [-161.386453, 59.827086], [-161.386496, 59.827082], [-161.386539, 59.827078], [-161.38658, 59.827075], [-161.386621, 59.827071], [-161.386661, 59.827068], [-161.386702, 59.827065], [-161.386742, 59.827062], [-161.386785, 59.827059], [-161.386822, 59.827056], [-161.386862, 59.827054], [-161.386902, 59.827051], [-161.386941, 59.827049], [-161.38698, 59.827047], [-161.387021, 59.827044], [-161.387063, 59.827042], [-161.387102, 59.82704], [-161.387143, 59.827037], [-161.387182, 59.827035], [-161.387223, 59.827033], [-161.387264, 59.827032], [-161.387308, 59.82703], [-161.387351, 59.827028], [-161.387397, 59.827026], [-161.387443, 59.827024], [-161.387489, 59.827022], [-161.387535, 59.82702], [-161.387582, 59.827018], [-161.387626, 59.827017], [-161.387673, 59.827015], [-161.387717, 59.827014], [-161.387762, 59.827012], [-161.387807, 59.827011], [-161.387854, 59.82701], [-161.387899, 59.827009], [-161.387946, 59.827008], [-161.387996, 59.827008], [-161.388047, 59.827007], [-161.388097, 59.827007], [-161.388147, 59.827006], [-161.388197, 59.827006], [-161.388245, 59.827005], [-161.388292, 59.827004], [-161.38834, 59.827003], [-161.388387, 59.827002], [-161.388434, 59.827001], [-161.38848, 59.826999], [-161.388527, 59.826997], [-161.388573, 59.826994], [-161.38862, 59.826991], [-161.388666, 59.826988], [-161.388713, 59.826984], [-161.388759, 59.82698], [-161.388805, 59.826976], [-161.388851, 59.826971], [-161.388898, 59.826967], [-161.388944, 59.826962], [-161.38899, 59.826958], [-161.389034, 59.826953], [-161.389078, 59.826948], [-161.389121, 59.826944], [-161.389165, 59.826939], [-161.389208, 59.826933], [-161.389254, 59.826927], [-161.389299, 59.826921], [-161.389343, 59.826914], [-161.389388, 59.826907], [-161.389432, 59.8269], [-161.389476, 59.826892], [-161.389522, 59.826883], [-161.389569, 59.826874], [-161.389614, 59.826865], [-161.38966, 59.826856], [-161.389703, 59.826847], [-161.389744, 59.826838], [-161.389784, 59.826829], [-161.389827, 59.826819], [-161.389869, 59.826809], [-161.389913, 59.826798], [-161.389956, 59.826787], [-161.389997, 59.826776], [-161.390035, 59.826765], [-161.390073, 59.826754], [-161.390108, 59.826744], [-161.390143, 59.826732], [-161.390177, 59.826721], [-161.390211, 59.826709], [-161.390242, 59.826698], [-161.390275, 59.826686], [-161.390306, 59.826674], [-161.390338, 59.826661], [-161.39037, 59.826649], [-161.390401, 59.826636], [-161.390432, 59.826623], [-161.390464, 59.826609], [-161.390494, 59.826595], [-161.390523, 59.826582], [-161.390554, 59.826567], [-161.390584, 59.826552], [-161.390613, 59.826538], [-161.390642, 59.826523], [-161.39067, 59.826508], [-161.390697, 59.826494], [-161.390721, 59.826481], [-161.390746, 59.826467], [-161.390769, 59.826455], [-161.390793, 59.826441], [-161.390815, 59.826428], [-161.390838, 59.826415], [-161.390861, 59.826401], [-161.390885, 59.826386], [-161.390907, 59.826373], [-161.39093, 59.826359], [-161.390955, 59.826343], [-161.390978, 59.826329], [-161.391002, 59.826313], [-161.391025, 59.826297], [-161.391048, 59.82628], [-161.39107, 59.826264], [-161.391091, 59.826247], [-161.391111, 59.82623], [-161.391131, 59.826212], [-161.391151, 59.826194], [-161.39117, 59.826176], [-161.391188, 59.826158], [-161.391208, 59.82614], [-161.391226, 59.826123], [-161.391245, 59.826105], [-161.391263, 59.826088], [-161.391283, 59.826069], [-161.391302, 59.826051], [-161.391322, 59.826032], [-161.391341, 59.826013], [-161.39136, 59.825995], [-161.39138, 59.825976], [-161.391399, 59.825958], [-161.391419, 59.825939], [-161.391438, 59.82592], [-161.391458, 59.825901], [-161.391479, 59.825882], [-161.391501, 59.825862], [-161.391522, 59.825842], [-161.391543, 59.825822], [-161.391566, 59.825802], [-161.391587, 59.825783], [-161.391607, 59.825764], [-161.391629, 59.825744], [-161.391651, 59.825725], [-161.391672, 59.825706], [-161.391695, 59.825686], [-161.391717, 59.825666], [-161.391739, 59.825646], [-161.391762, 59.825626], [-161.391786, 59.825605], [-161.391809, 59.825584], [-161.391833, 59.825562], [-161.391858, 59.825541], [-161.391881, 59.825521], [-161.391904, 59.8255], [-161.391928, 59.82548], [-161.391951, 59.825461], [-161.391973, 59.825441], [-161.391996, 59.82542], [-161.392018, 59.825401], [-161.39204, 59.825381], [-161.392062, 59.82536], [-161.392085, 59.825338], [-161.392107, 59.825315], [-161.39213, 59.825292], [-161.392153, 59.825269], [-161.392176, 59.825244], [-161.392197, 59.825222], [-161.392216, 59.825201], [-161.392236, 59.82518], [-161.392254, 59.82516], [-161.392271, 59.825141], [-161.392289, 59.825123], [-161.392308, 59.825102], [-161.392327, 59.825083], [-161.392347, 59.825063], [-161.392366, 59.825044], [-161.392386, 59.825025], [-161.392405, 59.825006], [-161.392422, 59.82499], [-161.392442, 59.824972], [-161.39246, 59.824955], [-161.392479, 59.824937], [-161.392498, 59.824921], [-161.392519, 59.824902], [-161.392538, 59.824884], [-161.392559, 59.824866], [-161.39258, 59.824847], [-161.392602, 59.824828], [-161.392623, 59.824809], [-161.392645, 59.824789], [-161.392666, 59.82477], [-161.392687, 59.824752], [-161.392708, 59.824734], [-161.392729, 59.824715], [-161.392752, 59.824696], [-161.392775, 59.824676], [-161.392799, 59.824656], [-161.392825, 59.824636], [-161.39285, 59.824616], [-161.392874, 59.824596], [-161.3929, 59.824577], [-161.392924, 59.824558], [-161.392948, 59.82454], [-161.392973, 59.824521], [-161.392999, 59.824502], [-161.393023, 59.824483], [-161.393049, 59.824464], [-161.393073, 59.824446], [-161.393098, 59.824428], [-161.39312, 59.824412], [-161.393142, 59.824396], [-161.393165, 59.82438], [-161.393187, 59.824364], [-161.39321, 59.824349], [-161.393234, 59.824333], [-161.393259, 59.824317], [-161.393283, 59.824302], [-161.393307, 59.824288], [-161.393332, 59.824273], [-161.393357, 59.824259], [-161.39338, 59.824246], [-161.393405, 59.824232], [-161.393429, 59.824219], [-161.393454, 59.824205], [-161.393478, 59.824192], [-161.393502, 59.82418], [-161.393525, 59.824168], [-161.393551, 59.824154], [-161.393576, 59.824142], [-161.393604, 59.824128], [-161.393633, 59.824114], [-161.393664, 59.824099], [-161.393695, 59.824084], [-161.393728, 59.824069], [-161.39376, 59.824055], [-161.393794, 59.82404], [-161.393827, 59.824025], [-161.393861, 59.82401], [-161.393896, 59.823994], [-161.393932, 59.823977], [-161.39397, 59.82396], [-161.394005, 59.823943], [-161.39404, 59.823925], [-161.394073, 59.823909], [-161.394103, 59.823893], [-161.394132, 59.823877], [-161.394163, 59.823859], [-161.394192, 59.823843], [-161.394222, 59.823826], [-161.394252, 59.823808], [-161.394282, 59.823791], [-161.394311, 59.823774], [-161.394341, 59.823756], [-161.394373, 59.823737], [-161.394405, 59.823718], [-161.394436, 59.823698], [-161.394467, 59.823678], [-161.394498, 59.823658], [-161.394527, 59.823639], [-161.394556, 59.823619], [-161.394583, 59.823601], [-161.39461, 59.823582], [-161.394636, 59.823563], [-161.394663, 59.823543], [-161.394689, 59.823524], [-161.394716, 59.823503], [-161.394743, 59.823482], [-161.394769, 59.823461], [-161.394795, 59.82344], [-161.394819, 59.823419], [-161.394843, 59.823397], [-161.394864, 59.823377], [-161.394885, 59.823356], [-161.394906, 59.823335], [-161.394925, 59.823315], [-161.394943, 59.823294], [-161.394962, 59.823273], [-161.394979, 59.823253], [-161.394996, 59.823232], [-161.395012, 59.823212], [-161.395028, 59.823191], [-161.395042, 59.82317], [-161.395056, 59.82315], [-161.395069, 59.823129], [-161.395081, 59.823108], [-161.395092, 59.823087], [-161.395101, 59.823068], [-161.39511, 59.823047], [-161.395118, 59.823027], [-161.395125, 59.823006], [-161.395131, 59.822985], [-161.395137, 59.822964], [-161.395141, 59.822943], [-161.395145, 59.82292], [-161.395148, 59.822898], [-161.39515, 59.822878], [-161.395152, 59.822858], [-161.395153, 59.822837], [-161.395154, 59.822818], [-161.395154, 59.822801], [-161.395153, 59.82278], [-161.395152, 59.82276], [-161.39515, 59.82274], [-161.395148, 59.82272], [-161.395145, 59.8227], [-161.395142, 59.822681], [-161.395139, 59.822662], [-161.395135, 59.822644], [-161.39513, 59.822626], [-161.395125, 59.822607], [-161.395118, 59.822589], [-161.395112, 59.82257], [-161.395104, 59.822551], [-161.395095, 59.822533], [-161.395087, 59.822515], [-161.395078, 59.822498], [-161.395068, 59.822481], [-161.395058, 59.822465], [-161.395047, 59.822449], [-161.395036, 59.822433], [-161.395022, 59.822414], [-161.395009, 59.822398], [-161.394995, 59.822381], [-161.394979, 59.822363], [-161.394962, 59.822344], [-161.394945, 59.822327], [-161.394928, 59.822308], [-161.394909, 59.822289], [-161.39489, 59.82227], [-161.394871, 59.822251], [-161.394851, 59.822231], [-161.394832, 59.822212], [-161.394813, 59.822194], [-161.394794, 59.822175], [-161.394774, 59.822155], [-161.394755, 59.822136], [-161.394735, 59.822116], [-161.394714, 59.822095], [-161.394696, 59.822077], [-161.394679, 59.822059], [-161.394662, 59.822042], [-161.394645, 59.822024], [-161.394628, 59.822006], [-161.394611, 59.821988], [-161.394595, 59.821971], [-161.394579, 59.821953], [-161.394564, 59.821935], [-161.394549, 59.821917], [-161.394533, 59.821898], [-161.394516, 59.821878], [-161.394499, 59.821857], [-161.394482, 59.821837], [-161.394466, 59.821817], [-161.39445, 59.821799], [-161.394434, 59.82178], [-161.394418, 59.821762], [-161.394401, 59.821743], [-161.394382, 59.821723], [-161.394362, 59.821702], [-161.394341, 59.82168], [-161.39432, 59.821659], [-161.3943, 59.821639], [-161.394281, 59.821621], [-161.394262, 59.821602], [-161.394244, 59.821584], [-161.394224, 59.821565], [-161.394204, 59.821547], [-161.394183, 59.821527], [-161.394163, 59.821508], [-161.394143, 59.821489], [-161.394123, 59.82147], [-161.394103, 59.821452], [-161.394083, 59.821433], [-161.394064, 59.821415], [-161.394044, 59.821397], [-161.394025, 59.821379], [-161.394004, 59.82136], [-161.393985, 59.821342], [-161.393965, 59.821323], [-161.393945, 59.821304], [-161.393924, 59.821284], [-161.393905, 59.821264], [-161.393885, 59.821244], [-161.393867, 59.821223], [-161.39385, 59.821203], [-161.393834, 59.821183], [-161.393818, 59.821163], [-161.393804, 59.821142], [-161.39379, 59.821122], [-161.393777, 59.8211], [-161.393766, 59.821079], [-161.393756, 59.821057], [-161.393747, 59.821037], [-161.393738, 59.821014], [-161.393731, 59.820992], [-161.393725, 59.82097], [-161.39372, 59.820948], [-161.393716, 59.820923], [-161.393713, 59.8209], [-161.393712, 59.820876], [-161.393712, 59.820852], [-161.393714, 59.820829], [-161.393717, 59.820809], [-161.393722, 59.820788], [-161.393728, 59.820768], [-161.393734, 59.82075], [-161.393741, 59.820731], [-161.39375, 59.820713], [-161.393758, 59.820695], [-161.393766, 59.820679], [-161.393775, 59.820664], [-161.393784, 59.820648], [-161.393793, 59.820632], [-161.393803, 59.820616], [-161.393815, 59.820599], [-161.393826, 59.820581], [-161.393838, 59.820565], [-161.39385, 59.820548], [-161.393862, 59.820532], [-161.393872, 59.820518], [-161.393883, 59.820504], [-161.393895, 59.820489], [-161.393907, 59.820474], [-161.39392, 59.820459], [-161.393932, 59.820444], [-161.393946, 59.820428], [-161.393958, 59.820414], [-161.393971, 59.820399], [-161.393984, 59.820385], [-161.393999, 59.820368], [-161.394013, 59.820353], [-161.394028, 59.820337], [-161.394043, 59.820321], [-161.394058, 59.820305], [-161.394073, 59.820288], [-161.39409, 59.820271], [-161.394106, 59.820253], [-161.394123, 59.820235], [-161.39414, 59.820216], [-161.394156, 59.820199], [-161.394172, 59.820181], [-161.394188, 59.820163], [-161.394204, 59.820146], [-161.394219, 59.820128], [-161.394236, 59.82011], [-161.394252, 59.820091], [-161.394267, 59.820073], [-161.394282, 59.820055], [-161.394296, 59.820038], [-161.394309, 59.820021], [-161.394322, 59.820003], [-161.394334, 59.819983], [-161.394345, 59.819963], [-161.394355, 59.819941], [-161.394363, 59.819919], [-161.394369, 59.819897], [-161.394373, 59.819875], [-161.394377, 59.819852], [-161.394379, 59.81983], [-161.394382, 59.819807], [-161.394384, 59.819785], [-161.394387, 59.819762], [-161.394389, 59.81974], [-161.394391, 59.819718], [-161.394393, 59.819697], [-161.394394, 59.819676], [-161.394394, 59.819657], [-161.394394, 59.819637], [-161.394392, 59.819618], [-161.394389, 59.819599], [-161.394385, 59.81958], [-161.39438, 59.819562], [-161.394374, 59.819545], [-161.394365, 59.819529], [-161.394355, 59.819515], [-161.394344, 59.819504], [-161.394333, 59.819495], [-161.394451, 59.819474], [-161.394572, 59.819456], [-161.394694, 59.819439], [-161.394817, 59.819423], [-161.394942, 59.819408], [-161.394938, 59.819408], [-161.394934, 59.819407], [-161.39493, 59.819406], [-161.394927, 59.819406], [-161.394926, 59.819405], [-161.394927, 59.819404], [-161.394931, 59.819402], [-161.394938, 59.819401], [-161.394948, 59.819398], [-161.39496, 59.819395], [-161.394973, 59.819392], [-161.394989, 59.819388], [-161.395007, 59.819383], [-161.395026, 59.819377], [-161.395047, 59.819371], [-161.395071, 59.819364], [-161.395096, 59.819357], [-161.395122, 59.819349], [-161.395152, 59.819341], [-161.395183, 59.819333], [-161.395216, 59.819324], [-161.395251, 59.819315], [-161.395288, 59.819305], [-161.395322, 59.819296], [-161.395356, 59.819287], [-161.395391, 59.819278], [-161.395427, 59.819269], [-161.39546, 59.819261], [-161.395497, 59.819252], [-161.395533, 59.819243], [-161.395571, 59.819234], [-161.39561, 59.819225], [-161.39565, 59.819215], [-161.395693, 59.819206], [-161.395739, 59.819195], [-161.395784, 59.819185], [-161.395828, 59.819175], [-161.395875, 59.819165], [-161.395919, 59.819155], [-161.395964, 59.819145], [-161.396009, 59.819135], [-161.396058, 59.819125], [-161.396103, 59.819116], [-161.396149, 59.819106], [-161.396197, 59.819096], [-161.396246, 59.819087], [-161.396294, 59.819077], [-161.39634, 59.819069], [-161.396388, 59.81906], [-161.396431, 59.819052], [-161.396474, 59.819045], [-161.396514, 59.819038], [-161.396557, 59.819032], [-161.3966, 59.819025], [-161.396643, 59.819019], [-161.396686, 59.819013], [-161.396731, 59.819007], [-161.396776, 59.819001], [-161.396819, 59.818995], [-161.396868, 59.818989], [-161.396916, 59.818984], [-161.396962, 59.818979], [-161.39701, 59.818974], [-161.397059, 59.81897], [-161.397102, 59.818966], [-161.397148, 59.818962], [-161.397194, 59.818959], [-161.39724, 59.818956], [-161.397286, 59.818953], [-161.397332, 59.818951], [-161.397378, 59.818949], [-161.397424, 59.818948], [-161.39747, 59.818947], [-161.397519, 59.818947], [-161.397568, 59.818947], [-161.397617, 59.818948], [-161.397668, 59.81895], [-161.397716, 59.818952], [-161.397765, 59.818955], [-161.397813, 59.818958], [-161.397861, 59.818961], [-161.397909, 59.818966], [-161.397956, 59.81897], [-161.398004, 59.818975], [-161.398052, 59.818981], [-161.398099, 59.818987], [-161.398146, 59.818994], [-161.398192, 59.819001], [-161.398236, 59.819008], [-161.398281, 59.819016], [-161.398324, 59.819024], [-161.398366, 59.819034], [-161.398408, 59.819043], [-161.398451, 59.819054], [-161.398491, 59.819065], [-161.398531, 59.819076], [-161.398567, 59.819087], [-161.398604, 59.819099], [-161.398637, 59.81911], [-161.39867, 59.819122], [-161.3987, 59.819133], [-161.39873, 59.819144], [-161.39876, 59.819155], [-161.398789, 59.819167], [-161.398818, 59.819179], [-161.398847, 59.819193], [-161.398877, 59.819206], [-161.398906, 59.819221], [-161.398936, 59.819236], [-161.398964, 59.819251], [-161.398992, 59.819267], [-161.399019, 59.819283], [-161.399045, 59.819299], [-161.39907, 59.819316], [-161.399097, 59.819334], [-161.399122, 59.819352], [-161.399149, 59.819372], [-161.399174, 59.819392], [-161.399199, 59.819414], [-161.399223, 59.819436], [-161.399247, 59.81946], [-161.39927, 59.819485], [-161.399291, 59.819508], [-161.399311, 59.819531], [-161.399331, 59.819555], [-161.399349, 59.819578], [-161.399368, 59.819602], [-161.399387, 59.819627], [-161.399405, 59.819652], [-161.399422, 59.819676], [-161.399439, 59.8197], [-161.399455, 59.819723], [-161.399471, 59.819746], [-161.399486, 59.819768], [-161.399502, 59.819792], [-161.399517, 59.819814], [-161.399533, 59.819838], [-161.399549, 59.81986], [-161.399565, 59.819883], [-161.399582, 59.819905], [-161.399599, 59.819928], [-161.399616, 59.819949], [-161.399634, 59.819971], [-161.399652, 59.819993], [-161.399672, 59.820015], [-161.399692, 59.820037], [-161.399713, 59.82006], [-161.399736, 59.820083], [-161.399759, 59.820108], [-161.399784, 59.820132], [-161.399811, 59.820158], [-161.399839, 59.820185], [-161.399867, 59.820211], [-161.399896, 59.820237], [-161.399926, 59.820263], [-161.399953, 59.820287], [-161.399981, 59.82031], [-161.40001, 59.820333], [-161.400039, 59.820355], [-161.400068, 59.820377], [-161.4001, 59.820401], [-161.400132, 59.820423], [-161.400165, 59.820445], [-161.400196, 59.820466], [-161.400228, 59.820486], [-161.40026, 59.820506], [-161.400291, 59.820524], [-161.400323, 59.820542], [-161.400355, 59.820559], [-161.400388, 59.820575], [-161.40042, 59.82059], [-161.400455, 59.820605], [-161.40049, 59.820619], [-161.400525, 59.820633], [-161.400561, 59.820647], [-161.400599, 59.820661], [-161.400636, 59.820674], [-161.400673, 59.820687], [-161.400713, 59.8207], [-161.40075, 59.820712], [-161.400787, 59.820723], [-161.400826, 59.820734], [-161.400865, 59.820745], [-161.400905, 59.820755], [-161.400947, 59.820766], [-161.40099, 59.820776], [-161.401032, 59.820786], [-161.401075, 59.820796], [-161.401118, 59.820806], [-161.401161, 59.820816], [-161.401207, 59.820827], [-161.401252, 59.820837], [-161.401298, 59.820848], [-161.401344, 59.820859], [-161.40139, 59.820869], [-161.401436, 59.82088], [-161.401482, 59.82089], [-161.401529, 59.820901], [-161.401576, 59.820912], [-161.401623, 59.820922], [-161.401673, 59.820934], [-161.401723, 59.820945], [-161.401773, 59.820956], [-161.401823, 59.820967], [-161.401871, 59.820978], [-161.401919, 59.82099], [-161.401967, 59.821001], [-161.402015, 59.821012], [-161.402064, 59.821024], [-161.402112, 59.821036], [-161.402158, 59.821047], [-161.402204, 59.821057], [-161.40225, 59.821068], [-161.402297, 59.821079], [-161.402346, 59.821089], [-161.402398, 59.821101], [-161.40245, 59.821112], [-161.4025, 59.821123], [-161.402552, 59.821135], [-161.402605, 59.821147], [-161.402655, 59.821158], [-161.402704, 59.821169], [-161.402756, 59.82118], [-161.402806, 59.821191], [-161.402856, 59.821202], [-161.402904, 59.821212], [-161.402955, 59.821223], [-161.403003, 59.821232], [-161.403051, 59.821242], [-161.4031, 59.821252], [-161.403154, 59.821263], [-161.403205, 59.821273], [-161.403258, 59.821284], [-161.403309, 59.821295], [-161.40336, 59.821305], [-161.403405, 59.821314], [-161.403451, 59.821322], [-161.403495, 59.82133], [-161.403542, 59.821339], [-161.403586, 59.821346], [-161.403633, 59.821354], [-161.403678, 59.821361], [-161.403723, 59.821368], [-161.403766, 59.821374], [-161.403811, 59.821381], [-161.403853, 59.821388], [-161.403894, 59.821394], [-161.403935, 59.821401], [-161.403978, 59.821408], [-161.404018, 59.821415], [-161.404061, 59.821422], [-161.404102, 59.821429], [-161.404144, 59.821436], [-161.404183, 59.821443], [-161.404222, 59.82145], [-161.404258, 59.821456], [-161.404295, 59.821462], [-161.404333, 59.821469], [-161.40437, 59.821476], [-161.404408, 59.821483], [-161.404446, 59.82149], [-161.404486, 59.821498], [-161.404524, 59.821505], [-161.404564, 59.821514], [-161.404601, 59.821522], [-161.404638, 59.82153], [-161.404675, 59.821538], [-161.404712, 59.821547], [-161.404749, 59.821556], [-161.404851, 59.821587], [-161.404955, 59.82162], [-161.405058, 59.821653], [-161.405161, 59.821688], [-161.405266, 59.821723], [-161.405308, 59.821739], [-161.405351, 59.821755], [-161.405391, 59.821771], [-161.405435, 59.821787], [-161.405478, 59.821803], [-161.40552, 59.821819], [-161.405562, 59.821835], [-161.405604, 59.82185], [-161.405647, 59.821866], [-161.405689, 59.821882], [-161.40573, 59.821897], [-161.40577, 59.821911], [-161.405813, 59.821927], [-161.405856, 59.821943], [-161.405896, 59.821958], [-161.405939, 59.821974], [-161.405982, 59.82199], [-161.406023, 59.822005], [-161.406064, 59.82202], [-161.406107, 59.822036], [-161.406147, 59.822052], [-161.406187, 59.822067], [-161.40623, 59.822083], [-161.40627, 59.822099], [-161.40631, 59.822114], [-161.406352, 59.822131], [-161.406393, 59.822148], [-161.406434, 59.822164], [-161.406476, 59.822182], [-161.406516, 59.8222], [-161.406554, 59.822217], [-161.406592, 59.822234], [-161.406628, 59.822251], [-161.406663, 59.822267], [-161.406698, 59.822284], [-161.406733, 59.822301], [-161.406767, 59.822318], [-161.406801, 59.822335], [-161.406836, 59.822352], [-161.406872, 59.82237], [-161.406906, 59.822387], [-161.40694, 59.822405], [-161.406976, 59.822423], [-161.407009, 59.822441], [-161.407042, 59.822459], [-161.407076, 59.822478], [-161.407109, 59.822498], [-161.407141, 59.822517], [-161.407174, 59.822538], [-161.407207, 59.822559], [-161.40724, 59.82258], [-161.407272, 59.822602], [-161.407304, 59.822623], [-161.407336, 59.822645], [-161.407368, 59.822667], [-161.4074, 59.822688], [-161.407431, 59.82271], [-161.407463, 59.822732], [-161.407495, 59.822753], [-161.407526, 59.822773], [-161.407557, 59.822793], [-161.407588, 59.822813], [-161.40762, 59.822833], [-161.407651, 59.822854], [-161.407684, 59.822876], [-161.407715, 59.822897], [-161.407745, 59.822918], [-161.407774, 59.82294], [-161.407802, 59.822961], [-161.407829, 59.822982], [-161.407858, 59.823004], [-161.407887, 59.823026], [-161.407915, 59.823046], [-161.407946, 59.823067], [-161.407977, 59.823088], [-161.408009, 59.823108], [-161.408042, 59.823128], [-161.408079, 59.82315], [-161.408116, 59.823171], [-161.408154, 59.823191], [-161.408193, 59.823211], [-161.408232, 59.823231], [-161.40827, 59.823249], [-161.408309, 59.823267], [-161.408346, 59.823283], [-161.408384, 59.823299], [-161.408422, 59.823315], [-161.408459, 59.823329], [-161.408497, 59.823342], [-161.408535, 59.823355], [-161.408573, 59.823367], [-161.40861, 59.823379], [-161.408648, 59.823389], [-161.408686, 59.8234], [-161.408722, 59.823409], [-161.408757, 59.823417], [-161.408794, 59.823425], [-161.408832, 59.823432], [-161.408868, 59.823438], [-161.408907, 59.823443], [-161.408946, 59.823448], [-161.408985, 59.823452], [-161.409024, 59.823456], [-161.409064, 59.823459], [-161.409103, 59.823461], [-161.409143, 59.823463], [-161.40918, 59.823464], [-161.409218, 59.823465], [-161.409255, 59.823465], [-161.409293, 59.823465], [-161.40933, 59.823465], [-161.409368, 59.823464], [-161.409408, 59.823463], [-161.409448, 59.823462], [-161.409488, 59.823461], [-161.409528, 59.823459], [-161.409567, 59.823457], [-161.409605, 59.823455], [-161.409642, 59.823452], [-161.40968, 59.82345], [-161.40972, 59.823447], [-161.40976, 59.823443], [-161.409801, 59.823439], [-161.409841, 59.823435], [-161.409881, 59.82343], [-161.409919, 59.823425], [-161.409959, 59.82342], [-161.409996, 59.823414], [-161.410035, 59.823408], [-161.410073, 59.823401], [-161.410111, 59.823394], [-161.410146, 59.823387], [-161.410182, 59.823379], [-161.410213, 59.823372], [-161.410244, 59.823365], [-161.410274, 59.823357], [-161.410301, 59.82335], [-161.41033, 59.823342], [-161.41036, 59.823334], [-161.410388, 59.823326], [-161.410415, 59.823318], [-161.410444, 59.82331], [-161.41047, 59.823302], [-161.410494, 59.823295], [-161.410518, 59.823288], [-161.410542, 59.823281], [-161.410564, 59.823273], [-161.410587, 59.823266], [-161.410609, 59.823258], [-161.410631, 59.823251], [-161.410653, 59.823243], [-161.410673, 59.823236], [-161.410692, 59.823229], [-161.410713, 59.823221], [-161.410735, 59.823212], [-161.410755, 59.823204], [-161.410777, 59.823195], [-161.410797, 59.823187], [-161.410816, 59.823179], [-161.410834, 59.823172], [-161.410854, 59.823164], [-161.410871, 59.823156], [-161.41089, 59.823148], [-161.410909, 59.823141], [-161.410926, 59.823133], [-161.410943, 59.823126], [-161.410961, 59.823118], [-161.41098, 59.823111], [-161.410996, 59.823104], [-161.411015, 59.823096], [-161.411033, 59.823089], [-161.411051, 59.823082], [-161.411069, 59.823075], [-161.411088, 59.823069], [-161.411106, 59.823063], [-161.411127, 59.823056], [-161.411148, 59.823049], [-161.411267, 59.823025], [-161.411392, 59.822999], [-161.411521, 59.822972], [-161.411653, 59.822944], [-161.411789, 59.822915], [-161.411832, 59.822903], [-161.411874, 59.82289], [-161.411918, 59.822877], [-161.411962, 59.822863], [-161.412006, 59.822849], [-161.41205, 59.822835], [-161.412094, 59.822821], [-161.412139, 59.822807], [-161.41218, 59.822793], [-161.412222, 59.82278], [-161.412264, 59.822767], [-161.412309, 59.822753], [-161.412351, 59.82274], [-161.412393, 59.822726], [-161.412436, 59.822713], [-161.412478, 59.822701], [-161.412516, 59.822689], [-161.412557, 59.822678], [-161.412597, 59.822666], [-161.412638, 59.822655], [-161.412678, 59.822645], [-161.412724, 59.822633], [-161.412767, 59.822623], [-161.41281, 59.822614], [-161.41285, 59.822605], [-161.412891, 59.822597], [-161.412926, 59.82259], [-161.412959, 59.822584], [-161.412995, 59.822578], [-161.41303, 59.822571], [-161.413066, 59.822565], [-161.413101, 59.822559], [-161.413137, 59.822554], [-161.41317, 59.822548], [-161.413204, 59.822543], [-161.413235, 59.822539], [-161.413265, 59.822535], [-161.413298, 59.82253], [-161.413331, 59.822525], [-161.413364, 59.822521], [-161.413399, 59.822516], [-161.413433, 59.822512], [-161.413468, 59.822507], [-161.413502, 59.822503], [-161.413535, 59.822498], [-161.413567, 59.822494], [-161.413599, 59.82249], [-161.413632, 59.822485], [-161.413664, 59.822481], [-161.413699, 59.822476], [-161.413734, 59.822471], [-161.413769, 59.822465], [-161.413804, 59.822459], [-161.413838, 59.822453], [-161.413871, 59.822446], [-161.413905, 59.822439], [-161.413939, 59.822431], [-161.413976, 59.822422], [-161.414014, 59.822411], [-161.414052, 59.822399], [-161.414091, 59.822387], [-161.41413, 59.822373], [-161.414169, 59.822359], [-161.414207, 59.822344], [-161.414245, 59.822328], [-161.414283, 59.822312], [-161.41432, 59.822296], [-161.414356, 59.822279], [-161.414391, 59.822263], [-161.414428, 59.822245], [-161.414463, 59.822228], [-161.414497, 59.822211], [-161.414532, 59.822194], [-161.414566, 59.822176], [-161.414598, 59.82216], [-161.414632, 59.822142], [-161.414666, 59.822125], [-161.414699, 59.822107], [-161.414731, 59.822091], [-161.414764, 59.822073], [-161.414795, 59.822056], [-161.414826, 59.82204], [-161.414857, 59.822023], [-161.414888, 59.822007], [-161.41492, 59.82199], [-161.414951, 59.821974], [-161.414982, 59.821958], [-161.415015, 59.821941], [-161.415048, 59.821924], [-161.415081, 59.821908], [-161.415114, 59.821891], [-161.415145, 59.821875], [-161.415176, 59.821859], [-161.415206, 59.821844], [-161.415236, 59.821829], [-161.415267, 59.821813], [-161.415298, 59.821798], [-161.415327, 59.821783], [-161.415356, 59.821768], [-161.415387, 59.821753], [-161.415416, 59.821738], [-161.415447, 59.821723], [-161.415477, 59.821707], [-161.41551, 59.821691], [-161.415538, 59.821677], [-161.415567, 59.821662], [-161.415596, 59.821648], [-161.415622, 59.821635], [-161.415649, 59.821621], [-161.415676, 59.821608], [-161.415702, 59.821595], [-161.415727, 59.821583], [-161.415753, 59.821569], [-161.415778, 59.821557], [-161.415803, 59.821544], [-161.41583, 59.821531], [-161.415857, 59.821518], [-161.415882, 59.821506], [-161.415907, 59.821493], [-161.415935, 59.821479], [-161.41596, 59.821466], [-161.415985, 59.821454], [-161.416011, 59.82144], [-161.416037, 59.821427], [-161.416064, 59.821413], [-161.416092, 59.821399], [-161.416121, 59.821385], [-161.41615, 59.821371], [-161.416179, 59.821357], [-161.416207, 59.821344], [-161.416235, 59.821331], [-161.416262, 59.821318], [-161.41629, 59.821306], [-161.416318, 59.821293], [-161.416346, 59.821281], [-161.416374, 59.821269], [-161.416401, 59.821256], [-161.416429, 59.821244], [-161.416456, 59.821231], [-161.416483, 59.821219], [-161.416509, 59.821206], [-161.416534, 59.821194], [-161.416558, 59.821182], [-161.416582, 59.82117], [-161.416606, 59.821157], [-161.416628, 59.821146], [-161.416652, 59.821133], [-161.416676, 59.821121], [-161.4167, 59.821108], [-161.416723, 59.821096], [-161.416749, 59.821082], [-161.416774, 59.821069], [-161.416801, 59.821055], [-161.416827, 59.821041], [-161.416856, 59.821026], [-161.416886, 59.82101], [-161.416919, 59.820994], [-161.416949, 59.820978], [-161.416983, 59.820961], [-161.417017, 59.820944], [-161.417052, 59.820927], [-161.417086, 59.82091], [-161.417122, 59.820892], [-161.417157, 59.820874], [-161.417192, 59.820857], [-161.417225, 59.82084], [-161.417259, 59.820822], [-161.417293, 59.820805], [-161.417327, 59.820787], [-161.417361, 59.82077], [-161.417395, 59.820752], [-161.417429, 59.820734], [-161.417462, 59.820717], [-161.417493, 59.820701], [-161.417524, 59.820684], [-161.417556, 59.820668], [-161.417586, 59.820652], [-161.417619, 59.820634], [-161.417649, 59.820618], [-161.41768, 59.8206], [-161.41771, 59.820583], [-161.417739, 59.820566], [-161.417765, 59.82055], [-161.417792, 59.820534], [-161.417818, 59.820518], [-161.417843, 59.820502], [-161.417869, 59.820487], [-161.417897, 59.820471], [-161.417925, 59.820454], [-161.417953, 59.820438], [-161.417981, 59.820422], [-161.418007, 59.820407], [-161.418033, 59.820393], [-161.418057, 59.820379], [-161.418081, 59.820365], [-161.418105, 59.820352], [-161.418129, 59.820338], [-161.418154, 59.820323], [-161.41818, 59.820308], [-161.418206, 59.820293], [-161.418232, 59.820277], [-161.418258, 59.820262], [-161.418283, 59.820248], [-161.418308, 59.820234], [-161.418333, 59.82022], [-161.418359, 59.820206], [-161.418385, 59.820192], [-161.418411, 59.820178], [-161.418437, 59.820165], [-161.418463, 59.820151], [-161.418489, 59.820138], [-161.418515, 59.820124], [-161.418542, 59.820111], [-161.418569, 59.820098], [-161.418596, 59.820084], [-161.418624, 59.820071], [-161.418652, 59.820058], [-161.41868, 59.820045], [-161.418708, 59.820032], [-161.418737, 59.820019], [-161.418765, 59.820006], [-161.418794, 59.819993], [-161.418823, 59.81998], [-161.418852, 59.819968], [-161.418881, 59.819955], [-161.41891, 59.819942], [-161.418939, 59.81993], [-161.418971, 59.819916], [-161.419003, 59.819903], [-161.419035, 59.819891], [-161.419065, 59.819879], [-161.419096, 59.819867], [-161.419125, 59.819856], [-161.419154, 59.819845], [-161.419183, 59.819834], [-161.419215, 59.819822], [-161.419246, 59.819811], [-161.41928, 59.819798], [-161.419314, 59.819786], [-161.41935, 59.819773], [-161.419388, 59.819759], [-161.419426, 59.819746], [-161.419465, 59.819733], [-161.419508, 59.819718], [-161.419549, 59.819704], [-161.419592, 59.819689], [-161.419635, 59.819674], [-161.419678, 59.819658], [-161.41972, 59.819644], [-161.419763, 59.819629], [-161.419803, 59.819615], [-161.419845, 59.819601], [-161.419887, 59.819587], [-161.419928, 59.819574], [-161.419968, 59.819561], [-161.420008, 59.819548], [-161.420048, 59.819535], [-161.420087, 59.819521], [-161.420126, 59.819508], [-161.420165, 59.819493], [-161.420206, 59.819477], [-161.420244, 59.819461], [-161.420282, 59.819445], [-161.42032, 59.819429], [-161.420355, 59.819414], [-161.420388, 59.819399], [-161.42042, 59.819384], [-161.420452, 59.819368], [-161.420483, 59.819352], [-161.420514, 59.819336], [-161.420545, 59.81932], [-161.420577, 59.819303], [-161.420608, 59.819286], [-161.42064, 59.819268], [-161.420671, 59.819251], [-161.420701, 59.819234], [-161.42073, 59.819218], [-161.420758, 59.819201], [-161.420786, 59.819185], [-161.420813, 59.819168], [-161.42084, 59.819151], [-161.420866, 59.819133], [-161.420893, 59.819115], [-161.420919, 59.819097], [-161.420945, 59.819079], [-161.420972, 59.819059], [-161.421, 59.819038], [-161.42103, 59.819016], [-161.421058, 59.818993], [-161.421087, 59.818968], [-161.421115, 59.818943], [-161.421144, 59.818918], [-161.421172, 59.818892], [-161.421201, 59.818866], [-161.42123, 59.818838], [-161.42126, 59.81881], [-161.42129, 59.81878], [-161.421318, 59.818751], [-161.421348, 59.81872], [-161.421374, 59.818691], [-161.421403, 59.818659], [-161.421429, 59.81863], [-161.421456, 59.818598], [-161.421484, 59.818566], [-161.421512, 59.818533], [-161.421537, 59.818503], [-161.421564, 59.81847], [-161.421592, 59.818437], [-161.421618, 59.818406], [-161.421644, 59.818374], [-161.421671, 59.818341], [-161.421698, 59.81831], [-161.421727, 59.818277], [-161.421756, 59.818244], [-161.421786, 59.81821], [-161.421816, 59.818178], [-161.421847, 59.818146], [-161.421877, 59.818116], [-161.421909, 59.818086], [-161.42194, 59.818059], [-161.42197, 59.818034], [-161.422001, 59.818009], [-161.422033, 59.817985], [-161.422067, 59.817961], [-161.422101, 59.817938], [-161.422141, 59.817913], [-161.422183, 59.817889], [-161.422226, 59.817866], [-161.422272, 59.817842], [-161.422321, 59.817819], [-161.42237, 59.817798], [-161.422421, 59.817777], [-161.42247, 59.817758], [-161.422518, 59.817741], [-161.422567, 59.817725], [-161.422617, 59.817711], [-161.422667, 59.817697], [-161.422719, 59.817685], [-161.42277, 59.817675], [-161.422823, 59.817666], [-161.422872, 59.81766], [-161.422922, 59.817655], [-161.422972, 59.817651], [-161.423022, 59.817648], [-161.42307, 59.817647], [-161.42312, 59.817646], [-161.423168, 59.817646], [-161.423215, 59.817647], [-161.42326, 59.817649], [-161.423304, 59.817651], [-161.423346, 59.817654], [-161.42339, 59.817656], [-161.423431, 59.817659], [-161.423472, 59.817662], [-161.423513, 59.817665], [-161.423554, 59.817668], [-161.423593, 59.817671], [-161.423634, 59.817674], [-161.423674, 59.817678], [-161.423714, 59.817682], [-161.423751, 59.817686], [-161.423787, 59.81769], [-161.423824, 59.817695], [-161.42386, 59.817699], [-161.423895, 59.817704], [-161.423933, 59.817709], [-161.423974, 59.817715], [-161.424017, 59.817721], [-161.424057, 59.817727], [-161.4241, 59.817733], [-161.42414, 59.817739], [-161.424177, 59.817744], [-161.424211, 59.817749], [-161.424248, 59.817755], [-161.424283, 59.81776], [-161.424317, 59.817765], [-161.424351, 59.81777], [-161.424385, 59.817775], [-161.42442, 59.81778], [-161.424454, 59.817786], [-161.424491, 59.817791], [-161.424531, 59.817797], [-161.424571, 59.817803], [-161.424611, 59.817809], [-161.424651, 59.817815], [-161.424694, 59.817822], [-161.424735, 59.817829], [-161.424775, 59.817835], [-161.424814, 59.817841], [-161.424855, 59.817848], [-161.424893, 59.817854], [-161.424935, 59.817861], [-161.424974, 59.817867], [-161.425015, 59.817874], [-161.425054, 59.81788], [-161.425097, 59.817887], [-161.425137, 59.817893], [-161.425177, 59.817899], [-161.425217, 59.817905], [-161.425261, 59.817912], [-161.425302, 59.817917], [-161.425347, 59.817923], [-161.425394, 59.81793], [-161.425442, 59.817936], [-161.425493, 59.817943], [-161.425545, 59.817949], [-161.425594, 59.817955], [-161.425645, 59.817961], [-161.425697, 59.817967], [-161.425747, 59.817971], [-161.425798, 59.817976], [-161.425853, 59.817981], [-161.425907, 59.817985], [-161.425964, 59.817988], [-161.42602, 59.817991], [-161.426079, 59.817992], [-161.426138, 59.817993], [-161.426196, 59.817993], [-161.426254, 59.817993], [-161.426312, 59.817991], [-161.426367, 59.81799], [-161.42642, 59.817988], [-161.426474, 59.817986], [-161.426529, 59.817983], [-161.42658, 59.817981], [-161.426631, 59.817977], [-161.426682, 59.817973], [-161.426727, 59.817969], [-161.426771, 59.817965], [-161.426816, 59.81796], [-161.426855, 59.817955], [-161.426988, 59.817934], [-161.427129, 59.817911], [-161.427266, 59.817887], [-161.427406, 59.817863], [-161.427551, 59.817837], [-161.427606, 59.817826], [-161.427654, 59.817816], [-161.427704, 59.817806], [-161.427754, 59.817796], [-161.427803, 59.817786], [-161.42785, 59.817777], [-161.427897, 59.817767], [-161.427944, 59.817757], [-161.427992, 59.817748], [-161.428039, 59.817738], [-161.428088, 59.817729], [-161.428139, 59.817719], [-161.42819, 59.817709], [-161.428242, 59.8177], [-161.428291, 59.81769], [-161.428339, 59.817681], [-161.428388, 59.817672], [-161.428437, 59.817662], [-161.428482, 59.817653], [-161.42853, 59.817643], [-161.428576, 59.817632], [-161.428622, 59.81762], [-161.428667, 59.817608], [-161.428714, 59.817595], [-161.428757, 59.817581], [-161.428799, 59.817567], [-161.428838, 59.817553], [-161.428875, 59.817539], [-161.42891, 59.817524], [-161.428944, 59.817509], [-161.428978, 59.817494], [-161.429012, 59.817477], [-161.429048, 59.817459], [-161.429081, 59.817441], [-161.429112, 59.817423], [-161.429139, 59.817406], [-161.429164, 59.817389], [-161.429186, 59.817373], [-161.429207, 59.817356], [-161.429227, 59.817339], [-161.429247, 59.817321], [-161.429265, 59.817303], [-161.429282, 59.817286], [-161.429299, 59.817268], [-161.429313, 59.81725], [-161.429327, 59.817232], [-161.42934, 59.817214], [-161.429351, 59.817194], [-161.429362, 59.817175], [-161.429371, 59.817157], [-161.42938, 59.817138], [-161.429388, 59.817119], [-161.429395, 59.817102], [-161.429401, 59.817084], [-161.429407, 59.817066], [-161.429412, 59.817047], [-161.429417, 59.817028], [-161.429422, 59.817007], [-161.429427, 59.816986], [-161.42943, 59.816967], [-161.429434, 59.816947], [-161.429437, 59.816928], [-161.42944, 59.81691], [-161.429443, 59.816893], [-161.429445, 59.816875], [-161.429447, 59.816856], [-161.429449, 59.816838], [-161.429451, 59.81682], [-161.429452, 59.8168], [-161.429454, 59.81678], [-161.429455, 59.816761], [-161.429456, 59.816741], [-161.429457, 59.816721], [-161.429458, 59.816701], [-161.42946, 59.81668], [-161.429461, 59.816659], [-161.429462, 59.816638], [-161.429464, 59.816617], [-161.429465, 59.816594], [-161.429466, 59.816573], [-161.429468, 59.81655], [-161.429469, 59.816528], [-161.429471, 59.816502], [-161.429474, 59.816477], [-161.429477, 59.816452], [-161.429482, 59.816426], [-161.429488, 59.8164], [-161.429495, 59.816374], [-161.429503, 59.816349], [-161.429512, 59.816322], [-161.429521, 59.816294], [-161.429531, 59.816267], [-161.429541, 59.816239], [-161.429552, 59.816211], [-161.429562, 59.816184], [-161.429572, 59.816157], [-161.429583, 59.81613], [-161.429594, 59.816102], [-161.429605, 59.816077], [-161.429616, 59.816051], [-161.429627, 59.816025], [-161.429638, 59.815999], [-161.42965, 59.815974], [-161.429661, 59.815948], [-161.429673, 59.815922], [-161.429685, 59.815896], [-161.429698, 59.815871], [-161.429711, 59.815845], [-161.429725, 59.815818], [-161.429739, 59.815792], [-161.429755, 59.815765], [-161.42977, 59.81574], [-161.429785, 59.815714], [-161.429801, 59.815689], [-161.429817, 59.815666], [-161.429833, 59.815642], [-161.429849, 59.815619], [-161.429866, 59.815595], [-161.429881, 59.815573], [-161.429898, 59.81555], [-161.429914, 59.815528], [-161.429931, 59.815504], [-161.429947, 59.815482], [-161.429964, 59.81546], [-161.429979, 59.81544], [-161.429995, 59.815419], [-161.430012, 59.815398], [-161.430029, 59.815378], [-161.430046, 59.815358], [-161.430065, 59.815336], [-161.430083, 59.815315], [-161.430101, 59.815294], [-161.43012, 59.815273], [-161.43014, 59.815252], [-161.43016, 59.815231], [-161.430181, 59.815208], [-161.430202, 59.815186], [-161.430225, 59.815164], [-161.430247, 59.815142], [-161.430271, 59.81512], [-161.430295, 59.815098], [-161.43032, 59.815077], [-161.430346, 59.815055], [-161.430372, 59.815034], [-161.430397, 59.815014], [-161.430423, 59.814995], [-161.430451, 59.814974], [-161.430479, 59.814954], [-161.430509, 59.814932], [-161.43054, 59.81491], [-161.430571, 59.814889], [-161.430605, 59.814866], [-161.430639, 59.814844], [-161.430673, 59.814822], [-161.43071, 59.814799], [-161.430747, 59.814776], [-161.430783, 59.814755], [-161.430821, 59.814732], [-161.43086, 59.81471], [-161.430899, 59.814688], [-161.430938, 59.814667], [-161.430978, 59.814645], [-161.431017, 59.814625], [-161.431056, 59.814605], [-161.431096, 59.814586], [-161.431139, 59.814566], [-161.43118, 59.814547], [-161.431222, 59.814529], [-161.431264, 59.814511], [-161.431306, 59.814493], [-161.431348, 59.814476], [-161.431391, 59.81446], [-161.431434, 59.814444], [-161.431478, 59.814428], [-161.431519, 59.814414], [-161.431559, 59.8144], [-161.431602, 59.814387], [-161.431642, 59.814375], [-161.431683, 59.814363], [-161.431726, 59.81435], [-161.431768, 59.814339], [-161.43181, 59.814328], [-161.431855, 59.814317], [-161.431901, 59.814307], [-161.431944, 59.814298], [-161.431991, 59.814288], [-161.432035, 59.81428], [-161.43208, 59.814273], [-161.432125, 59.814266], [-161.432171, 59.814259], [-161.432214, 59.814254], [-161.432259, 59.814248], [-161.432303, 59.814242], [-161.432344, 59.814238], [-161.432391, 59.814233], [-161.432438, 59.814229], [-161.432486, 59.814225], [-161.432533, 59.814221], [-161.432583, 59.814218], [-161.432628, 59.814216], [-161.432675, 59.814213], [-161.432721, 59.814211], [-161.432769, 59.814209], [-161.432817, 59.814208], [-161.432867, 59.814207], [-161.432916, 59.814207], [-161.432963, 59.814207], [-161.433011, 59.814208], [-161.433053, 59.814209], [-161.433095, 59.814211], [-161.433137, 59.814213], [-161.433185, 59.814216], [-161.43323, 59.81422], [-161.433278, 59.814224], [-161.433324, 59.814228], [-161.433372, 59.814234], [-161.433414, 59.81424], [-161.433459, 59.814246], [-161.433501, 59.814253], [-161.433542, 59.81426], [-161.433581, 59.814268], [-161.433621, 59.814276], [-161.433659, 59.814285], [-161.433701, 59.814296], [-161.433743, 59.814306], [-161.433785, 59.814318], [-161.433825, 59.81433], [-161.433868, 59.814343], [-161.433909, 59.814357], [-161.433953, 59.814373], [-161.433998, 59.814389], [-161.434043, 59.814407], [-161.434085, 59.814424], [-161.434127, 59.814442], [-161.434168, 59.814461], [-161.434207, 59.814479], [-161.434246, 59.814497], [-161.434287, 59.814516], [-161.434329, 59.814536], [-161.434368, 59.814554], [-161.434409, 59.814574], [-161.434449, 59.814594], [-161.434486, 59.814613], [-161.434523, 59.814633], [-161.434559, 59.814652], [-161.434595, 59.814672], [-161.434629, 59.814691], [-161.434666, 59.814711], [-161.4347, 59.814729], [-161.434738, 59.814751], [-161.434776, 59.814772], [-161.434814, 59.814793], [-161.434851, 59.814815], [-161.434891, 59.814837], [-161.434927, 59.814857], [-161.434963, 59.814877], [-161.435003, 59.814899], [-161.435043, 59.81492], [-161.435084, 59.81494], [-161.435128, 59.814962], [-161.435174, 59.814985], [-161.43522, 59.815005], [-161.435266, 59.815026], [-161.435313, 59.815045], [-161.435361, 59.815064], [-161.435408, 59.815082], [-161.435461, 59.815101], [-161.435514, 59.81512], [-161.435569, 59.815139], [-161.435624, 59.815157], [-161.435679, 59.815175], [-161.435733, 59.815191], [-161.435785, 59.815206], [-161.43584, 59.815222], [-161.435896, 59.815238], [-161.435949, 59.815252], [-161.436003, 59.815267], [-161.436059, 59.815282], [-161.436113, 59.815296], [-161.436165, 59.815309], [-161.436222, 59.815324], [-161.436276, 59.815337], [-161.436331, 59.81535], [-161.436386, 59.815363], [-161.436443, 59.815377], [-161.436501, 59.81539], [-161.436562, 59.815405], [-161.436623, 59.81542], [-161.436683, 59.815434], [-161.43674, 59.815448], [-161.436795, 59.815461], [-161.436849, 59.815474], [-161.436902, 59.815487], [-161.436955, 59.8155], [-161.437008, 59.815513], [-161.437061, 59.815527], [-161.437113, 59.81554], [-161.437165, 59.815553], [-161.437217, 59.815566], [-161.437271, 59.815579], [-161.437324, 59.815591], [-161.437376, 59.815603], [-161.437429, 59.815613], [-161.43748, 59.815623], [-161.437534, 59.815633], [-161.437588, 59.815642], [-161.437643, 59.815651], [-161.437695, 59.815658], [-161.437747, 59.815665], [-161.437796, 59.815671], [-161.437845, 59.815675], [-161.437895, 59.815678], [-161.437944, 59.815681], [-161.437996, 59.815682], [-161.438045, 59.815683], [-161.438095, 59.815682], [-161.438141, 59.815681], [-161.438187, 59.815679], [-161.43823, 59.815677], [-161.438275, 59.815673], [-161.438323, 59.815668], [-161.438374, 59.815663], [-161.438429, 59.815656], [-161.438487, 59.815647], [-161.438542, 59.815638], [-161.438599, 59.815628], [-161.438655, 59.815617], [-161.438708, 59.815605], [-161.43876, 59.815592], [-161.438812, 59.815579], [-161.438863, 59.815566], [-161.438913, 59.815551], [-161.43896, 59.815537], [-161.439007, 59.815523], [-161.439053, 59.815508], [-161.439094, 59.815494], [-161.439134, 59.81548], [-161.439173, 59.815465], [-161.439209, 59.815451], [-161.439246, 59.815436], [-161.439283, 59.81542], [-161.439316, 59.815404], [-161.43935, 59.815387], [-161.439384, 59.81537], [-161.439418, 59.815353], [-161.439454, 59.815334], [-161.439491, 59.815314], [-161.439526, 59.815294], [-161.439562, 59.815274], [-161.439598, 59.815253], [-161.43963, 59.815233], [-161.439662, 59.815212], [-161.439695, 59.81519], [-161.439728, 59.815168], [-161.439761, 59.815144], [-161.439796, 59.815118], [-161.43983, 59.815092], [-161.439864, 59.815066], [-161.439897, 59.81504], [-161.439929, 59.815013], [-161.43996, 59.814986], [-161.43999, 59.814959], [-161.440018, 59.814931], [-161.440046, 59.814903], [-161.440073, 59.814875], [-161.440099, 59.814846], [-161.440125, 59.814818], [-161.440149, 59.814789], [-161.440174, 59.814759], [-161.440196, 59.814731], [-161.440219, 59.814701], [-161.440241, 59.81467], [-161.440263, 59.814639], [-161.440285, 59.814608], [-161.440308, 59.814577], [-161.440329, 59.814547], [-161.440352, 59.814516], [-161.440374, 59.814488], [-161.440396, 59.81446], [-161.440419, 59.814431], [-161.440442, 59.814403], [-161.440467, 59.814375], [-161.440493, 59.814346], [-161.44052, 59.814317], [-161.440548, 59.814286], [-161.440574, 59.814259], [-161.440599, 59.814232], [-161.440625, 59.814204], [-161.44065, 59.814177], [-161.440676, 59.81415], [-161.440704, 59.81412], [-161.44073, 59.814092], [-161.440756, 59.814065], [-161.440781, 59.814039], [-161.440804, 59.814013], [-161.440826, 59.813988], [-161.440877, 59.813872], [-161.440922, 59.813758], [-161.440963, 59.813644], [-161.440998, 59.81353], [-161.441028, 59.813418], [-161.441025, 59.813394], [-161.441022, 59.813368], [-161.441017, 59.813342], [-161.441012, 59.813314], [-161.441006, 59.813286], [-161.441001, 59.81326], [-161.440995, 59.813234], [-161.440989, 59.813208], [-161.440984, 59.813185], [-161.440978, 59.813161], [-161.440971, 59.813136], [-161.440965, 59.81311], [-161.440957, 59.813085], [-161.440949, 59.813059], [-161.440941, 59.813032], [-161.440932, 59.813006], [-161.440923, 59.81298], [-161.440914, 59.812954], [-161.440905, 59.812929], [-161.440896, 59.812905], [-161.440887, 59.812881], [-161.440877, 59.812858], [-161.440868, 59.812836], [-161.440858, 59.812813], [-161.440849, 59.812791], [-161.440841, 59.812769], [-161.440832, 59.812747], [-161.440824, 59.812726], [-161.440817, 59.812704], [-161.44081, 59.812681], [-161.440804, 59.812658], [-161.440798, 59.812635], [-161.440793, 59.812612], [-161.440789, 59.812589], [-161.440785, 59.812568], [-161.440782, 59.812546], [-161.44078, 59.812527], [-161.440778, 59.812505], [-161.440779, 59.812482], [-161.44078, 59.812459], [-161.440783, 59.812437], [-161.440788, 59.812413], [-161.440794, 59.812391], [-161.440801, 59.81237], [-161.440809, 59.812349], [-161.440818, 59.812328], [-161.440829, 59.812305], [-161.44084, 59.812283], [-161.440851, 59.812263], [-161.440864, 59.812242], [-161.440878, 59.81222], [-161.440893, 59.812199], [-161.440909, 59.812178], [-161.440926, 59.812158], [-161.440942, 59.812139], [-161.440962, 59.81212], [-161.440982, 59.8121], [-161.441003, 59.812081], [-161.441024, 59.812063], [-161.441048, 59.812043], [-161.441068, 59.812027], [-161.441092, 59.81201], [-161.441115, 59.811994], [-161.44114, 59.811977], [-161.441163, 59.811962], [-161.441189, 59.811946], [-161.441214, 59.811932], [-161.441239, 59.811918], [-161.441267, 59.811903], [-161.441294, 59.81189], [-161.441322, 59.811877], [-161.441352, 59.811863], [-161.441383, 59.811849], [-161.441415, 59.811836], [-161.441447, 59.811823], [-161.441482, 59.81181], [-161.441513, 59.811799], [-161.441547, 59.811787], [-161.441581, 59.811775], [-161.441618, 59.811763], [-161.441652, 59.811753], [-161.441688, 59.811742], [-161.441723, 59.811731], [-161.441759, 59.811721], [-161.441795, 59.811711], [-161.441831, 59.8117], [-161.441869, 59.811689], [-161.441903, 59.811679], [-161.441937, 59.81167], [-161.441972, 59.81166], [-161.442006, 59.811651], [-161.442041, 59.811641], [-161.44208, 59.811631], [-161.44212, 59.81162], [-161.442162, 59.811609], [-161.442207, 59.811598], [-161.442252, 59.811586], [-161.442295, 59.811576], [-161.44234, 59.811564], [-161.442384, 59.811554], [-161.442425, 59.811544], [-161.442467, 59.811535], [-161.442509, 59.811525], [-161.442551, 59.811516], [-161.442594, 59.811507], [-161.44264, 59.811498], [-161.442687, 59.811489], [-161.442736, 59.81148], [-161.442783, 59.811472], [-161.442832, 59.811463], [-161.442879, 59.811455], [-161.442928, 59.811447], [-161.442975, 59.811439], [-161.443027, 59.811429], [-161.443078, 59.811421], [-161.443131, 59.811412], [-161.443185, 59.811403], [-161.44324, 59.811394], [-161.443291, 59.811386], [-161.443346, 59.811379], [-161.443401, 59.811371], [-161.443454, 59.811365], [-161.44351, 59.811358], [-161.443569, 59.811352], [-161.443625, 59.811346], [-161.443682, 59.811339], [-161.443743, 59.811333], [-161.4438, 59.811326], [-161.443855, 59.811321], [-161.443913, 59.811315], [-161.443969, 59.81131], [-161.444024, 59.811305], [-161.444083, 59.8113], [-161.444139, 59.811297], [-161.444195, 59.811293], [-161.444254, 59.81129], [-161.444311, 59.811287], [-161.444367, 59.811285], [-161.444424, 59.811283], [-161.444481, 59.811281], [-161.444534, 59.811281], [-161.44459, 59.81128], [-161.444643, 59.811281], [-161.444699, 59.811281], [-161.444751, 59.811282], [-161.444803, 59.811284], [-161.444854, 59.811286], [-161.444904, 59.811288], [-161.444952, 59.81129], [-161.445001, 59.811292], [-161.445047, 59.811295], [-161.445093, 59.811297], [-161.445139, 59.811299], [-161.445185, 59.811302], [-161.445231, 59.811305], [-161.44528, 59.811308], [-161.445325, 59.811312], [-161.44537, 59.811316], [-161.445417, 59.811321], [-161.445459, 59.811326], [-161.4455, 59.811331], [-161.445541, 59.811337], [-161.445582, 59.811343], [-161.445619, 59.811349], [-161.445662, 59.811356], [-161.445704, 59.811364], [-161.445749, 59.811372], [-161.445796, 59.811381], [-161.445842, 59.81139], [-161.445886, 59.8114], [-161.445929, 59.811409], [-161.445973, 59.811418], [-161.446013, 59.811427], [-161.446056, 59.811438], [-161.4461, 59.811448], [-161.446143, 59.811459], [-161.446186, 59.811471], [-161.446231, 59.811483], [-161.446273, 59.811496], [-161.446318, 59.811509], [-161.446364, 59.811524], [-161.446409, 59.81154], [-161.446452, 59.811555], [-161.446499, 59.811572], [-161.446543, 59.811589], [-161.446587, 59.811606], [-161.44663, 59.811624], [-161.446675, 59.811642], [-161.446715, 59.81166], [-161.446757, 59.811678], [-161.446798, 59.811697], [-161.446839, 59.811716], [-161.446879, 59.811735], [-161.44692, 59.811754], [-161.446962, 59.811774], [-161.447004, 59.811795], [-161.447045, 59.811816], [-161.447087, 59.811838], [-161.447129, 59.811859], [-161.447169, 59.81188], [-161.447209, 59.811901], [-161.447246, 59.811921], [-161.447284, 59.811941], [-161.447325, 59.811962], [-161.447364, 59.811981], [-161.447403, 59.812001], [-161.447444, 59.812022], [-161.447484, 59.812042], [-161.447524, 59.812061], [-161.447566, 59.812082], [-161.447611, 59.812104], [-161.447653, 59.812125], [-161.447698, 59.812147], [-161.447741, 59.812167], [-161.447784, 59.812187], [-161.447827, 59.812206], [-161.447869, 59.812224], [-161.447912, 59.812243], [-161.447955, 59.812261], [-161.447999, 59.812279], [-161.448037, 59.812295], [-161.448076, 59.812311], [-161.448118, 59.812327], [-161.448162, 59.812342], [-161.448205, 59.812356], [-161.448253, 59.812371], [-161.448302, 59.812385], [-161.448349, 59.812397], [-161.448394, 59.812408], [-161.448443, 59.812419], [-161.448493, 59.81243], [-161.448543, 59.81244], [-161.448594, 59.812451], [-161.448648, 59.812461], [-161.448705, 59.812472], [-161.448763, 59.812481], [-161.448824, 59.812491], [-161.448885, 59.812499], [-161.448947, 59.812506], [-161.449006, 59.812512], [-161.449063, 59.812516], [-161.44912, 59.81252], [-161.449177, 59.812522], [-161.449235, 59.812524], [-161.449292, 59.812524], [-161.449348, 59.812524], [-161.449405, 59.812522], [-161.449461, 59.812519], [-161.449516, 59.812515], [-161.449571, 59.81251], [-161.449629, 59.812504], [-161.449685, 59.812497], [-161.449738, 59.812489], [-161.44979, 59.81248], [-161.449839, 59.812471], [-161.449884, 59.812461], [-161.449927, 59.812451], [-161.449969, 59.812441], [-161.450005, 59.812432], [-161.450043, 59.812421], [-161.450078, 59.812411], [-161.450111, 59.812401], [-161.450144, 59.81239], [-161.450181, 59.812376], [-161.450215, 59.812363], [-161.450249, 59.812349], [-161.450285, 59.812334], [-161.450321, 59.812318], [-161.450351, 59.812303], [-161.450381, 59.812288], [-161.450412, 59.812272], [-161.450441, 59.812257], [-161.450469, 59.812241], [-161.450501, 59.812223], [-161.450533, 59.812203], [-161.450563, 59.812184], [-161.450594, 59.812163], [-161.450625, 59.812141], [-161.450653, 59.812119], [-161.450679, 59.812097], [-161.450705, 59.812075], [-161.45073, 59.812052], [-161.450752, 59.81203], [-161.450775, 59.812006], [-161.450796, 59.811982], [-161.450817, 59.811957], [-161.450837, 59.811931], [-161.450856, 59.811902], [-161.450874, 59.811875], [-161.450891, 59.811848], [-161.450908, 59.811818], [-161.450925, 59.811789], [-161.45094, 59.811759], [-161.450954, 59.811728], [-161.450968, 59.811696], [-161.45098, 59.811665], [-161.45099, 59.811636], [-161.450999, 59.811606], [-161.451007, 59.811578], [-161.451014, 59.81155], [-161.451022, 59.811523], [-161.451029, 59.811495], [-161.451036, 59.811467], [-161.451044, 59.811439], [-161.451052, 59.811411], [-161.45106, 59.811381], [-161.451068, 59.811351], [-161.451076, 59.811322], [-161.451085, 59.81129], [-161.451093, 59.811259], [-161.451102, 59.811227], [-161.45111, 59.811194], [-161.451117, 59.811162], [-161.451124, 59.811131], [-161.451131, 59.811099], [-161.451138, 59.81107], [-161.451144, 59.81104], [-161.451151, 59.811012], [-161.451158, 59.810982], [-161.451165, 59.810954], [-161.451173, 59.810925], [-161.451181, 59.810896], [-161.451189, 59.810867], [-161.451198, 59.810838], [-161.451207, 59.81081], [-161.451215, 59.810785], [-161.451224, 59.81076], [-161.451234, 59.810735], [-161.451243, 59.810711], [-161.451254, 59.810684], [-161.451266, 59.810655], [-161.451277, 59.810627], [-161.451289, 59.810598], [-161.4513, 59.81057], [-161.451312, 59.810544], [-161.451324, 59.810518], [-161.451337, 59.810492], [-161.45135, 59.810466], [-161.451365, 59.81044], [-161.451379, 59.810416], [-161.451395, 59.810391], [-161.451413, 59.810366], [-161.45143, 59.810343], [-161.45145, 59.810319], [-161.451471, 59.810295], [-161.451493, 59.810274], [-161.451515, 59.810253], [-161.45154, 59.810233], [-161.451564, 59.810214], [-161.451592, 59.810196], [-161.45162, 59.810178], [-161.451651, 59.810161], [-161.451684, 59.810144], [-161.451719, 59.810128], [-161.451755, 59.810113], [-161.451793, 59.810099], [-161.451834, 59.810086], [-161.451878, 59.810075], [-161.451922, 59.810064], [-161.451967, 59.810055], [-161.452017, 59.810047], [-161.452067, 59.81004], [-161.452118, 59.810033], [-161.45217, 59.810028], [-161.452223, 59.810022], [-161.452276, 59.810018], [-161.452331, 59.810014], [-161.452383, 59.810011], [-161.452438, 59.810008], [-161.452494, 59.810006], [-161.452548, 59.810004], [-161.452602, 59.810002], [-161.452656, 59.810001], [-161.452711, 59.81], [-161.452766, 59.809998], [-161.452827, 59.809997], [-161.452885, 59.809996], [-161.452946, 59.809995], [-161.453008, 59.809994], [-161.453066, 59.809993], [-161.453122, 59.809992], [-161.453181, 59.809991], [-161.453236, 59.80999], [-161.453296, 59.809989], [-161.453355, 59.809988], [-161.453415, 59.809987], [-161.453474, 59.809986], [-161.453537, 59.809985], [-161.453594, 59.809983], [-161.453655, 59.809981], [-161.453712, 59.809979], [-161.453772, 59.809977], [-161.453833, 59.809975], [-161.453895, 59.809973], [-161.453956, 59.809971], [-161.454021, 59.80997], [-161.454084, 59.809968], [-161.454143, 59.809967], [-161.454209, 59.809966], [-161.454275, 59.809964], [-161.454341, 59.809963], [-161.454404, 59.809962], [-161.454471, 59.80996], [-161.454534, 59.809959], [-161.454597, 59.809958], [-161.454661, 59.809956], [-161.454729, 59.809955], [-161.454796, 59.809954], [-161.454865, 59.809954], [-161.454933, 59.809954], [-161.455001, 59.809954], [-161.455065, 59.809955], [-161.455129, 59.809956], [-161.455192, 59.809959], [-161.455255, 59.809962], [-161.455314, 59.809965], [-161.455376, 59.809969], [-161.455434, 59.809973], [-161.455492, 59.809978], [-161.455551, 59.809983], [-161.455612, 59.809989], [-161.45567, 59.809995], [-161.45573, 59.810001], [-161.455791, 59.810008], [-161.455851, 59.810016], [-161.455908, 59.810023], [-161.455968, 59.810031], [-161.456028, 59.81004], [-161.456085, 59.810048], [-161.456141, 59.810058], [-161.456201, 59.810068], [-161.45626, 59.810079], [-161.456315, 59.81009], [-161.456373, 59.810101], [-161.456431, 59.810114], [-161.456488, 59.810127], [-161.456544, 59.810141], [-161.456601, 59.810156], [-161.456658, 59.810172], [-161.45671, 59.810188], [-161.456761, 59.810204], [-161.456908, 59.810262], [-161.457051, 59.810319], [-161.457191, 59.810376], [-161.457333, 59.810436], [-161.457475, 59.810495], [-161.457516, 59.810513], [-161.457559, 59.810532], [-161.457602, 59.810551], [-161.457643, 59.810568], [-161.457682, 59.810584], [-161.457724, 59.810601], [-161.457765, 59.810617], [-161.457808, 59.810634], [-161.45785, 59.81065], [-161.457895, 59.810667], [-161.457941, 59.810683], [-161.457984, 59.810698], [-161.458031, 59.810713], [-161.458078, 59.810727], [-161.458123, 59.810739], [-161.458169, 59.810751], [-161.458219, 59.810764], [-161.458269, 59.810775], [-161.458319, 59.810786], [-161.45837, 59.810796], [-161.458422, 59.810806], [-161.458474, 59.810814], [-161.458524, 59.810822], [-161.458575, 59.810828], [-161.458628, 59.810834], [-161.45868, 59.81084], [-161.458731, 59.810844], [-161.458783, 59.810847], [-161.458834, 59.810849], [-161.458886, 59.81085], [-161.45894, 59.810849], [-161.458991, 59.810847], [-161.459044, 59.810844], [-161.459097, 59.810839], [-161.45915, 59.810833], [-161.459201, 59.810825], [-161.459255, 59.810815], [-161.459308, 59.810805], [-161.459363, 59.810793], [-161.459417, 59.81078], [-161.459469, 59.810765], [-161.459521, 59.810749], [-161.459572, 59.810733], [-161.459619, 59.810715], [-161.459665, 59.810697], [-161.459712, 59.810678], [-161.459757, 59.810659], [-161.459805, 59.810637], [-161.459852, 59.810614], [-161.459899, 59.810591], [-161.459946, 59.810567], [-161.459993, 59.810543], [-161.460039, 59.810519], [-161.460086, 59.810494], [-161.460132, 59.810468], [-161.460179, 59.810443], [-161.460224, 59.810417], [-161.460269, 59.810391], [-161.460313, 59.810364], [-161.460356, 59.810337], [-161.460399, 59.81031], [-161.460443, 59.810281], [-161.460483, 59.810254], [-161.460523, 59.810226], [-161.460562, 59.810198], [-161.4606, 59.810169], [-161.460636, 59.810142], [-161.460671, 59.810114], [-161.460705, 59.810086], [-161.460738, 59.810059], [-161.460771, 59.810031], [-161.460804, 59.810004], [-161.460835, 59.809978], [-161.460867, 59.809951], [-161.4609, 59.809924], [-161.460932, 59.809897], [-161.460961, 59.809872], [-161.460992, 59.809844], [-161.46102, 59.80982], [-161.461049, 59.809794], [-161.461077, 59.80977], [-161.461106, 59.809745], [-161.461135, 59.80972], [-161.461165, 59.809695], [-161.461194, 59.80967], [-161.461225, 59.809645], [-161.461255, 59.809621], [-161.461284, 59.809598], [-161.461313, 59.809576], [-161.461342, 59.809553], [-161.461371, 59.809531], [-161.461399, 59.809511], [-161.46143, 59.809489], [-161.461462, 59.809468], [-161.461493, 59.809449], [-161.461528, 59.809428], [-161.461564, 59.809408], [-161.461603, 59.809387], [-161.461643, 59.809366], [-161.461683, 59.809346], [-161.461721, 59.809326], [-161.46176, 59.809307], [-161.461797, 59.809289], [-161.461834, 59.80927], [-161.461874, 59.809251], [-161.461913, 59.809234], [-161.461952, 59.809216], [-161.461993, 59.809199], [-161.462033, 59.809183], [-161.462075, 59.809168], [-161.462117, 59.809153], [-161.462163, 59.809138], [-161.462209, 59.809124], [-161.462258, 59.809109], [-161.462304, 59.809096], [-161.462354, 59.809082], [-161.462404, 59.809069], [-161.462451, 59.809056], [-161.462499, 59.809044], [-161.462547, 59.809031], [-161.462596, 59.809019], [-161.462642, 59.809008], [-161.462692, 59.808997], [-161.462741, 59.808986], [-161.46279, 59.808975], [-161.46284, 59.808965], [-161.46289, 59.808955], [-161.462942, 59.808946], [-161.462994, 59.808937], [-161.463049, 59.808928], [-161.463101, 59.808919], [-161.463156, 59.80891], [-161.463207, 59.808902], [-161.463255, 59.808894], [-161.463302, 59.808886], [-161.463352, 59.808877], [-161.4634, 59.808869], [-161.46345, 59.80886], [-161.463503, 59.808851], [-161.463554, 59.808843], [-161.463605, 59.808835], [-161.463656, 59.808827], [-161.463704, 59.80882], [-161.46375, 59.808813], [-161.463799, 59.808807], [-161.463847, 59.8088], [-161.463898, 59.808792], [-161.463949, 59.808784], [-161.464002, 59.808776], [-161.464054, 59.808767], [-161.464108, 59.808758], [-161.464158, 59.808749], [-161.464212, 59.808739], [-161.464264, 59.80873], [-161.464317, 59.808722], [-161.46437, 59.808714], [-161.464427, 59.808706], [-161.464485, 59.8087], [-161.464543, 59.808695], [-161.464605, 59.80869], [-161.464667, 59.808686], [-161.464726, 59.808682], [-161.464784, 59.808679], [-161.464844, 59.808676], [-161.464902, 59.808673], [-161.464961, 59.808671], [-161.465022, 59.80867], [-161.465084, 59.808669], [-161.465146, 59.80867], [-161.465208, 59.808671], [-161.46527, 59.808673], [-161.465329, 59.808676], [-161.465387, 59.808678], [-161.465446, 59.808681], [-161.465508, 59.808685], [-161.46557, 59.808689], [-161.465635, 59.808693], [-161.4657, 59.808698], [-161.465765, 59.808703], [-161.465827, 59.808708], [-161.465888, 59.808713], [-161.465954, 59.808718], [-161.466019, 59.808723], [-161.466085, 59.808729], [-161.466151, 59.808734], [-161.466217, 59.808738], [-161.466281, 59.808742], [-161.466345, 59.808746], [-161.466409, 59.80875], [-161.466474, 59.808753], [-161.46654, 59.808755], [-161.466602, 59.808758], [-161.466665, 59.808761], [-161.466727, 59.808763], [-161.46679, 59.808766], [-161.466849, 59.808769], [-161.466911, 59.808772], [-161.466972, 59.808774], [-161.46703, 59.808776], [-161.467088, 59.808778], [-161.467145, 59.80878], [-161.467203, 59.808781], [-161.46726, 59.808781], [-161.46732, 59.808781], [-161.46738, 59.808781], [-161.467444, 59.808781], [-161.467507, 59.80878], [-161.46757, 59.808779], [-161.467633, 59.808777], [-161.467697, 59.808775], [-161.46776, 59.808773], [-161.467824, 59.808771], [-161.467888, 59.808769], [-161.467951, 59.808767], [-161.468015, 59.808764], [-161.468078, 59.808761], [-161.468141, 59.808759], [-161.468205, 59.808756], [-161.468268, 59.808752], [-161.468331, 59.808749], [-161.468394, 59.808745], [-161.468454, 59.808742], [-161.468511, 59.808738], [-161.468567, 59.808734], [-161.468619, 59.808729], [-161.468671, 59.808724], [-161.468723, 59.808719], [-161.468778, 59.808713], [-161.468829, 59.808706], [-161.468884, 59.808699], [-161.468935, 59.808692], [-161.468985, 59.808685], [-161.469033, 59.808678], [-161.469082, 59.808669], [-161.469129, 59.808661], [-161.469175, 59.808653], [-161.469224, 59.808643], [-161.469272, 59.808634], [-161.469318, 59.808624], [-161.469366, 59.808614], [-161.469414, 59.808604], [-161.469459, 59.808594], [-161.4695, 59.808585], [-161.469544, 59.808575], [-161.469585, 59.808565], [-161.469625, 59.808555], [-161.469664, 59.808545], [-161.469706, 59.808535], [-161.469745, 59.808524], [-161.469785, 59.808514], [-161.469824, 59.808504], [-161.469863, 59.808495], [-161.469902, 59.808485], [-161.469942, 59.808475], [-161.469981, 59.808466], [-161.47002, 59.808457], [-161.47006, 59.808447], [-161.470101, 59.808438], [-161.470143, 59.808428], [-161.470185, 59.808419], [-161.470227, 59.808409], [-161.470269, 59.8084], [-161.470306, 59.808392], [-161.470343, 59.808385], [-161.47038, 59.808377], [-161.47042, 59.80837], [-161.470461, 59.808362], [-161.470504, 59.808355], [-161.470547, 59.808347], [-161.470594, 59.808339], [-161.470638, 59.808332], [-161.470685, 59.808325], [-161.470733, 59.808317], [-161.470784, 59.808309], [-161.470835, 59.808301], [-161.470889, 59.808293], [-161.470944, 59.808285], [-161.471001, 59.808276], [-161.47106, 59.808267], [-161.471118, 59.808259], [-161.471177, 59.80825], [-161.471237, 59.808242], [-161.471297, 59.808233], [-161.471357, 59.808225], [-161.471418, 59.808216], [-161.471478, 59.808208], [-161.471539, 59.808199], [-161.4716, 59.808191], [-161.471662, 59.808184], [-161.471726, 59.808176], [-161.471788, 59.808169], [-161.471849, 59.808163], [-161.471911, 59.808157], [-161.471971, 59.808151], [-161.472029, 59.808145], [-161.472088, 59.808139], [-161.472147, 59.808132], [-161.472205, 59.808125], [-161.47226, 59.808118], [-161.472315, 59.808112], [-161.472369, 59.808105], [-161.472423, 59.808098], [-161.472476, 59.808092], [-161.472529, 59.808086], [-161.472581, 59.808081], [-161.47263, 59.808076], [-161.472678, 59.808071], [-161.472726, 59.808066], [-161.472777, 59.80806], [-161.472825, 59.808055], [-161.472876, 59.808049], [-161.472928, 59.808043], [-161.472979, 59.808038], [-161.473029, 59.808033], [-161.47308, 59.808028], [-161.473132, 59.808023], [-161.473182, 59.808019], [-161.473231, 59.808014], [-161.473281, 59.80801], [-161.473331, 59.808006], [-161.473378, 59.808002], [-161.473426, 59.807998], [-161.473471, 59.807994], [-161.473518, 59.807991], [-161.473564, 59.807987], [-161.473611, 59.807984], [-161.473659, 59.807981], [-161.473707, 59.807978], [-161.473752, 59.807975], [-161.473797, 59.807973], [-161.47384, 59.807971], [-161.473885, 59.807968], [-161.47393, 59.807966], [-161.473974, 59.807963], [-161.474022, 59.80796], [-161.474069, 59.807957], [-161.474113, 59.807954], [-161.47416, 59.80795], [-161.474207, 59.807947], [-161.474255, 59.807943], [-161.474302, 59.80794], [-161.474352, 59.807936], [-161.474399, 59.807932], [-161.474449, 59.807928], [-161.474497, 59.807924], [-161.474547, 59.80792], [-161.474598, 59.807916], [-161.474651, 59.807912], [-161.474704, 59.807907], [-161.474757, 59.807903], [-161.47481, 59.807898], [-161.474863, 59.807893], [-161.474913, 59.807889], [-161.47496, 59.807884], [-161.475009, 59.807878], [-161.475056, 59.807873], [-161.475105, 59.807867], [-161.475155, 59.807861], [-161.475204, 59.807854], [-161.475247, 59.807848], [-161.475293, 59.807842], [-161.475334, 59.807836], [-161.475373, 59.80783], [-161.475412, 59.807824], [-161.475453, 59.807817], [-161.475492, 59.807811], [-161.47553, 59.807804], [-161.475568, 59.807797], [-161.475606, 59.80779], [-161.475646, 59.807783], [-161.475687, 59.807776], [-161.475728, 59.807769], [-161.475772, 59.807761], [-161.475816, 59.807753], [-161.475857, 59.807745], [-161.475901, 59.807737], [-161.475945, 59.807728], [-161.475989, 59.807719], [-161.476034, 59.80771], [-161.476081, 59.807701], [-161.476128, 59.807692], [-161.476176, 59.807682], [-161.476224, 59.807673], [-161.476277, 59.807662], [-161.47633, 59.807651], [-161.476383, 59.80764], [-161.47644, 59.807628], [-161.476496, 59.807615], [-161.476549, 59.807603], [-161.476605, 59.80759], [-161.476661, 59.807577], [-161.476717, 59.807564], [-161.476776, 59.807549], [-161.476832, 59.807534], [-161.476885, 59.80752], [-161.476941, 59.807504], [-161.476997, 59.807488], [-161.47705, 59.807471], [-161.477107, 59.807453], [-161.477162, 59.807434], [-161.477215, 59.807416], [-161.477267, 59.807398], [-161.477401, 59.807342], [-161.477531, 59.807287], [-161.477662, 59.807229], [-161.477789, 59.807172], [-161.477916, 59.807113], [-161.477957, 59.807089], [-161.477998, 59.807063], [-161.478037, 59.807037], [-161.478077, 59.80701], [-161.478112, 59.806983], [-161.478144, 59.806956], [-161.478172, 59.806931], [-161.478197, 59.806907], [-161.47822, 59.806882], [-161.478241, 59.806858], [-161.478261, 59.806831], [-161.47828, 59.806806], [-161.478297, 59.806779], [-161.478312, 59.806754], [-161.478325, 59.80673], [-161.478335, 59.806707], [-161.478346, 59.806683], [-161.478354, 59.80666], [-161.478363, 59.806637], [-161.478371, 59.806614], [-161.478378, 59.806592], [-161.478385, 59.80657], [-161.478391, 59.806549], [-161.478398, 59.806526], [-161.478404, 59.806504], [-161.478409, 59.806482], [-161.478415, 59.80646], [-161.47842, 59.806436], [-161.478424, 59.806413], [-161.478429, 59.806389], [-161.478433, 59.806363], [-161.478437, 59.806339], [-161.478442, 59.806315], [-161.478446, 59.80629], [-161.478451, 59.806266], [-161.478456, 59.806242], [-161.478462, 59.806216], [-161.478468, 59.80619], [-161.478475, 59.806162], [-161.478482, 59.806135], [-161.478489, 59.806106], [-161.478497, 59.806077], [-161.478505, 59.806048], [-161.478513, 59.806018], [-161.478522, 59.805989], [-161.478532, 59.80596], [-161.478542, 59.805931], [-161.478553, 59.8059], [-161.478565, 59.805869], [-161.478578, 59.805837], [-161.478593, 59.805804], [-161.478608, 59.805773], [-161.478623, 59.805743], [-161.47864, 59.805713], [-161.478658, 59.805683], [-161.478675, 59.805656], [-161.478694, 59.805628], [-161.478714, 59.8056], [-161.478734, 59.805573], [-161.478755, 59.805545], [-161.478777, 59.805517], [-161.4788, 59.80549], [-161.478823, 59.805463], [-161.478847, 59.805435], [-161.478872, 59.805408], [-161.478898, 59.805377], [-161.478925, 59.805347], [-161.478953, 59.805315], [-161.478982, 59.805282], [-161.47901, 59.80525], [-161.479037, 59.805218], [-161.479065, 59.805187], [-161.479091, 59.805157], [-161.479119, 59.805126], [-161.479145, 59.805096], [-161.479171, 59.805066], [-161.479197, 59.805036], [-161.479222, 59.805008], [-161.479245, 59.804981], [-161.479269, 59.804953], [-161.479292, 59.804927], [-161.479315, 59.804901], [-161.479339, 59.804873], [-161.479362, 59.804847], [-161.479385, 59.80482], [-161.479409, 59.804793], [-161.479431, 59.804767], [-161.479455, 59.804739], [-161.479481, 59.80471], [-161.479506, 59.804682], [-161.479531, 59.804655], [-161.479559, 59.804626], [-161.479584, 59.8046], [-161.47961, 59.804575], [-161.479636, 59.80455], [-161.479662, 59.804524], [-161.479688, 59.804499], [-161.479716, 59.804473], [-161.479745, 59.804446], [-161.479775, 59.804419], [-161.479806, 59.804391], [-161.479835, 59.804365], [-161.479865, 59.804337], [-161.479895, 59.80431], [-161.479926, 59.804282], [-161.479954, 59.804256], [-161.479984, 59.804228], [-161.480013, 59.804201], [-161.480039, 59.804177], [-161.480065, 59.804152], [-161.480091, 59.804125], [-161.480118, 59.804099], [-161.480144, 59.804073], [-161.480173, 59.804045], [-161.480201, 59.804018], [-161.48023, 59.80399], [-161.480259, 59.803963], [-161.480288, 59.803935], [-161.480317, 59.803907], [-161.480346, 59.80388], [-161.480374, 59.803852], [-161.480401, 59.803826], [-161.480428, 59.803799], [-161.480455, 59.803773], [-161.480481, 59.803746], [-161.480507, 59.803719], [-161.480534, 59.803691], [-161.480559, 59.803664], [-161.480584, 59.803636], [-161.480609, 59.803609], [-161.480634, 59.803582], [-161.48066, 59.803555], [-161.480687, 59.803527], [-161.480715, 59.803499], [-161.480743, 59.803471], [-161.480771, 59.803442], [-161.480798, 59.803414], [-161.480826, 59.803386], [-161.480853, 59.803357], [-161.48088, 59.803329], [-161.480907, 59.8033], [-161.480933, 59.803273], [-161.480959, 59.803247], [-161.480985, 59.80322], [-161.48101, 59.803194], [-161.481034, 59.803169], [-161.48106, 59.803143], [-161.481085, 59.803118], [-161.481111, 59.803092], [-161.481138, 59.803066], [-161.481165, 59.803041], [-161.481191, 59.803017], [-161.481221, 59.80299], [-161.481247, 59.802967], [-161.481275, 59.802943], [-161.481303, 59.80292], [-161.481331, 59.802897], [-161.481359, 59.802875], [-161.481387, 59.802854], [-161.481415, 59.802833], [-161.481444, 59.802812], [-161.481472, 59.802792], [-161.481499, 59.802772], [-161.481528, 59.802752], [-161.481557, 59.802732], [-161.481587, 59.802712], [-161.481617, 59.802692], [-161.481649, 59.802671], [-161.481679, 59.802651], [-161.48171, 59.802631], [-161.481741, 59.802612], [-161.481772, 59.802593], [-161.4818, 59.802576], [-161.481827, 59.802559], [-161.481855, 59.802542], [-161.481881, 59.802526], [-161.481908, 59.802511], [-161.481938, 59.802493], [-161.481969, 59.802475], [-161.481999, 59.802458], [-161.482032, 59.802439], [-161.482063, 59.802422], [-161.482092, 59.802406], [-161.482121, 59.80239], [-161.482155, 59.802371], [-161.482186, 59.802354], [-161.482222, 59.802335], [-161.482259, 59.802316], [-161.4823, 59.802296], [-161.482337, 59.802277], [-161.482375, 59.802259], [-161.482411, 59.802242], [-161.482448, 59.802225], [-161.48248, 59.802211], [-161.482514, 59.802195], [-161.482549, 59.802179], [-161.482584, 59.802164], [-161.482621, 59.802147], [-161.482658, 59.802131], [-161.482693, 59.802116], [-161.482729, 59.802101], [-161.482765, 59.802087], [-161.482799, 59.802074], [-161.482833, 59.802061], [-161.482865, 59.802049], [-161.482896, 59.802037], [-161.482928, 59.802025], [-161.482962, 59.802012], [-161.482996, 59.802], [-161.483032, 59.801986], [-161.483068, 59.801973], [-161.483105, 59.80196], [-161.483139, 59.801948], [-161.483171, 59.801937], [-161.483206, 59.801926], [-161.483238, 59.801915], [-161.483271, 59.801905], [-161.483303, 59.801895], [-161.483338, 59.801884], [-161.483371, 59.801874], [-161.483406, 59.801863], [-161.483442, 59.801852], [-161.483477, 59.801841], [-161.483513, 59.80183], [-161.483549, 59.80182], [-161.483588, 59.801809], [-161.483627, 59.801799], [-161.483664, 59.801789], [-161.483701, 59.80178], [-161.483738, 59.801771], [-161.483773, 59.801762], [-161.483808, 59.801754], [-161.483849, 59.801744], [-161.483887, 59.801736], [-161.483925, 59.801727], [-161.483963, 59.801719], [-161.484003, 59.80171], [-161.484041, 59.801701], [-161.484082, 59.801692], [-161.484124, 59.801683], [-161.484168, 59.801674], [-161.484208, 59.801666], [-161.484248, 59.801658], [-161.484288, 59.80165], [-161.484333, 59.801641], [-161.484374, 59.801633], [-161.484422, 59.801625], [-161.484471, 59.801616], [-161.484522, 59.801607], [-161.484574, 59.801598], [-161.484626, 59.801589], [-161.484678, 59.80158], [-161.484734, 59.801572], [-161.484789, 59.801563], [-161.484841, 59.801555], [-161.484893, 59.801547], [-161.484945, 59.801539], [-161.484997, 59.801531], [-161.485045, 59.801523], [-161.485094, 59.801515], [-161.485146, 59.801507], [-161.485195, 59.801499], [-161.485244, 59.801491], [-161.485293, 59.801482], [-161.485345, 59.801474], [-161.485393, 59.801466], [-161.485445, 59.801457], [-161.485493, 59.801449], [-161.485544, 59.80144], [-161.485591, 59.801432], [-161.485635, 59.801424], [-161.485677, 59.801416], [-161.485717, 59.801408], [-161.485755, 59.8014], [-161.485796, 59.801392], [-161.485836, 59.801384], [-161.485879, 59.801375], [-161.485919, 59.801367], [-161.485961, 59.801358], [-161.486, 59.80135], [-161.486041, 59.801341], [-161.486078, 59.801332], [-161.486118, 59.801323], [-161.486157, 59.801313], [-161.486193, 59.801304], [-161.486232, 59.801293], [-161.48627, 59.801283], [-161.486308, 59.801272], [-161.486343, 59.801262], [-161.486384, 59.801251], [-161.486422, 59.80124], [-161.48646, 59.801229], [-161.486496, 59.801218], [-161.486532, 59.801208], [-161.486567, 59.801198], [-161.486602, 59.801188], [-161.486637, 59.801178], [-161.486678, 59.801167], [-161.486718, 59.801157], [-161.48676, 59.801146], [-161.486801, 59.801136], [-161.486845, 59.801126], [-161.486886, 59.801117], [-161.486928, 59.801108], [-161.486973, 59.801099], [-161.487018, 59.80109], [-161.487063, 59.801082], [-161.487109, 59.801074], [-161.487158, 59.801065], [-161.487207, 59.801057], [-161.487257, 59.80105], [-161.487307, 59.801042], [-161.487358, 59.801035], [-161.487409, 59.801029], [-161.487458, 59.801023], [-161.48751, 59.801017], [-161.487559, 59.801012], [-161.487612, 59.801007], [-161.487665, 59.801002], [-161.487718, 59.800997], [-161.487772, 59.800993], [-161.487829, 59.800989], [-161.487883, 59.800985], [-161.487937, 59.800982], [-161.487992, 59.800979], [-161.488046, 59.800976], [-161.488101, 59.800974], [-161.488159, 59.800971], [-161.488217, 59.800969], [-161.488278, 59.800968], [-161.488339, 59.800967], [-161.4884, 59.800966], [-161.488461, 59.800965], [-161.488523, 59.800965], [-161.48858, 59.800964], [-161.488638, 59.800964], [-161.488696, 59.800964], [-161.48875, 59.800964], [-161.488805, 59.800963], [-161.488862, 59.800963], [-161.488916, 59.800962], [-161.488973, 59.800962], [-161.489029, 59.800961], [-161.489086, 59.80096], [-161.489143, 59.800959], [-161.489199, 59.800958], [-161.489253, 59.800956], [-161.489307, 59.800955], [-161.48936, 59.800953], [-161.489414, 59.800951], [-161.489471, 59.800949], [-161.489525, 59.800947], [-161.489582, 59.800945], [-161.489639, 59.800942], [-161.489696, 59.800939], [-161.489754, 59.800936], [-161.489814, 59.800933], [-161.489875, 59.800929], [-161.489936, 59.800925], [-161.489997, 59.800921], [-161.490059, 59.800916], [-161.490121, 59.800912], [-161.490184, 59.800907], [-161.490246, 59.800902], [-161.490308, 59.800897], [-161.490367, 59.800892], [-161.490425, 59.800886], [-161.490486, 59.800879], [-161.490544, 59.800873], [-161.490602, 59.800866], [-161.490662, 59.800858], [-161.490719, 59.80085], [-161.490771, 59.800842], [-161.490823, 59.800833], [-161.490873, 59.800823], [-161.490919, 59.800813], [-161.490964, 59.800802], [-161.491006, 59.800791], [-161.491049, 59.800779], [-161.491089, 59.800767], [-161.491128, 59.800755], [-161.491166, 59.800742], [-161.491208, 59.800726], [-161.491247, 59.800711], [-161.491285, 59.800695], [-161.491323, 59.800679], [-161.491361, 59.800663], [-161.491394, 59.800648], [-161.491426, 59.800633], [-161.49146, 59.800617], [-161.491496, 59.800601], [-161.491529, 59.800584], [-161.491562, 59.800567], [-161.491593, 59.800549], [-161.49162, 59.800533], [-161.491643, 59.800518], [-161.491665, 59.800503], [-161.491686, 59.800488], [-161.491706, 59.800473], [-161.491726, 59.800458], [-161.491747, 59.800441], [-161.491767, 59.800425], [-161.491788, 59.800407], [-161.491809, 59.800389], [-161.49183, 59.800371], [-161.491852, 59.800352], [-161.491873, 59.800334], [-161.491893, 59.800316], [-161.491948, 59.800267], [-161.492002, 59.800219], [-161.492054, 59.800172], [-161.492106, 59.800124], [-161.492156, 59.800078], [-161.492172, 59.800063], [-161.492187, 59.800049], [-161.492202, 59.800034], [-161.492215, 59.80002], [-161.49223, 59.800005], [-161.492242, 59.799992], [-161.492256, 59.799978], [-161.49227, 59.799963], [-161.492285, 59.799949], [-161.492301, 59.799933], [-161.492318, 59.799916], [-161.492338, 59.799898], [-161.492358, 59.79988], [-161.492382, 59.79986], [-161.492405, 59.799841], [-161.49243, 59.799821], [-161.492454, 59.799803], [-161.492481, 59.799783], [-161.492507, 59.799765], [-161.492535, 59.799745], [-161.492564, 59.799726], [-161.492593, 59.799707], [-161.492624, 59.799688], [-161.492657, 59.799668], [-161.49269, 59.799648], [-161.492723, 59.799629], [-161.492761, 59.799608], [-161.492799, 59.799587], [-161.492838, 59.799566], [-161.492879, 59.799545], [-161.492922, 59.799523], [-161.492963, 59.799504], [-161.493004, 59.799485], [-161.493046, 59.799467], [-161.493089, 59.79945], [-161.493132, 59.799434], [-161.493181, 59.799417], [-161.49323, 59.799402], [-161.493277, 59.799388], [-161.493325, 59.799375], [-161.493374, 59.799364], [-161.493419, 59.799354], [-161.493465, 59.799345], [-161.493516, 59.799336], [-161.493568, 59.799327], [-161.493621, 59.799319], [-161.493675, 59.799311], [-161.493729, 59.799304], [-161.493781, 59.799297], [-161.493831, 59.799292], [-161.493882, 59.799287], [-161.493936, 59.799283], [-161.49399, 59.799279], [-161.494045, 59.799276], [-161.494099, 59.799273], [-161.494154, 59.799271], [-161.494209, 59.799269], [-161.494262, 59.799268], [-161.494315, 59.799267], [-161.494368, 59.799268], [-161.49442, 59.799269], [-161.49447, 59.79927], [-161.494519, 59.799272], [-161.494568, 59.799275], [-161.494617, 59.799278], [-161.494663, 59.79928], [-161.494712, 59.799283], [-161.49476, 59.799286], [-161.494806, 59.799289], [-161.494854, 59.799293], [-161.494902, 59.799296], [-161.494947, 59.799299], [-161.494991, 59.799303], [-161.495035, 59.799306], [-161.495073, 59.799309], [-161.495111, 59.799312], [-161.495149, 59.799316], [-161.495187, 59.799319], [-161.495228, 59.799322], [-161.495271, 59.799325], [-161.495311, 59.799328], [-161.495352, 59.799331], [-161.495395, 59.799334], [-161.495433, 59.799336], [-161.495471, 59.799339], [-161.495511, 59.799342], [-161.495551, 59.799345], [-161.495586, 59.799347], [-161.495623, 59.79935], [-161.495659, 59.799352], [-161.495695, 59.799355], [-161.495729, 59.799357], [-161.495765, 59.799359], [-161.495802, 59.799361], [-161.495836, 59.799363], [-161.49587, 59.799366], [-161.495908, 59.799368], [-161.495945, 59.799371], [-161.495983, 59.799374], [-161.496023, 59.799377], [-161.496064, 59.799381], [-161.496105, 59.799385], [-161.496149, 59.799389], [-161.496194, 59.799394], [-161.496238, 59.799399], [-161.496286, 59.799404], [-161.496334, 59.79941], [-161.496379, 59.799415], [-161.496424, 59.799421], [-161.496472, 59.799427], [-161.496516, 59.799433], [-161.496561, 59.799439], [-161.496609, 59.799446], [-161.496657, 59.799453], [-161.496702, 59.79946], [-161.496749, 59.799467], [-161.4968, 59.799474], [-161.496848, 59.799481], [-161.496897, 59.799488], [-161.496948, 59.799496], [-161.496999, 59.799504], [-161.49705, 59.799512], [-161.497102, 59.799519], [-161.497156, 59.799528], [-161.497211, 59.799536], [-161.497266, 59.799543], [-161.497318, 59.799551], [-161.497374, 59.799559], [-161.49743, 59.799566], [-161.497483, 59.799574], [-161.497537, 59.799581], [-161.497593, 59.799588], [-161.497649, 59.799595], [-161.497706, 59.799601], [-161.497766, 59.799608], [-161.497825, 59.799613], [-161.497884, 59.799618], [-161.497944, 59.799621], [-161.498003, 59.799623], [-161.498058, 59.799625], [-161.498111, 59.799626], [-161.498164, 59.799625], [-161.498213, 59.799625], [-161.49826, 59.799623], [-161.498308, 59.799621], [-161.498356, 59.799619], [-161.498401, 59.799616], [-161.498445, 59.799612], [-161.498492, 59.799608], [-161.498535, 59.799603], [-161.498577, 59.799597], [-161.498616, 59.799592], [-161.498655, 59.799585], [-161.498691, 59.799579], [-161.498729, 59.799573], [-161.498766, 59.799565], [-161.498806, 59.799558], [-161.498847, 59.799549], [-161.498888, 59.799541], [-161.498926, 59.799533], [-161.498963, 59.799524], [-161.499, 59.799516], [-161.499034, 59.799508], [-161.499066, 59.799501], [-161.499097, 59.799494], [-161.499128, 59.799486], [-161.499159, 59.799479], [-161.49919, 59.799471], [-161.499223, 59.799463], [-161.499256, 59.799455], [-161.499289, 59.799447], [-161.499324, 59.799438], [-161.499359, 59.799429], [-161.499394, 59.799421], [-161.499429, 59.799412], [-161.499464, 59.799403], [-161.499497, 59.799395], [-161.49953, 59.799387], [-161.499564, 59.799379], [-161.499597, 59.799372], [-161.499631, 59.799364], [-161.499665, 59.799357], [-161.499697, 59.79935], [-161.499729, 59.799344], [-161.499761, 59.799338], [-161.499793, 59.799331], [-161.499825, 59.799325], [-161.49986, 59.799319], [-161.499896, 59.799312], [-161.499932, 59.799305], [-161.499969, 59.799299], [-161.500009, 59.799292], [-161.500047, 59.799286], [-161.500088, 59.799279], [-161.500129, 59.799273], [-161.50017, 59.799267], [-161.500213, 59.799262], [-161.500258, 59.799256], [-161.500304, 59.799251], [-161.50035, 59.799246], [-161.5004, 59.799241], [-161.500447, 59.799237], [-161.500497, 59.799234], [-161.500548, 59.79923], [-161.500602, 59.799228], [-161.500657, 59.799225], [-161.500715, 59.799224], [-161.500773, 59.799223], [-161.500831, 59.799223], [-161.500885, 59.799224], [-161.500938, 59.799227], [-161.500987, 59.799231], [-161.501037, 59.799236], [-161.501084, 59.799241], [-161.501131, 59.799248], [-161.501176, 59.799255], [-161.501221, 59.799263], [-161.501262, 59.79927], [-161.501303, 59.799279], [-161.501342, 59.799288], [-161.501382, 59.799298], [-161.501422, 59.799308], [-161.501461, 59.799318], [-161.501499, 59.799329], [-161.501537, 59.79934], [-161.501572, 59.799351], [-161.501607, 59.799363], [-161.501641, 59.799374], [-161.501674, 59.799386], [-161.501707, 59.799399], [-161.50174, 59.799411], [-161.501768, 59.799423], [-161.501798, 59.799435], [-161.501826, 59.799446], [-161.501855, 59.799459], [-161.501884, 59.799471], [-161.501915, 59.799484], [-161.501944, 59.799497], [-161.501973, 59.799509], [-161.502003, 59.799521], [-161.50203, 59.799533], [-161.502058, 59.799545], [-161.502085, 59.799557], [-161.502113, 59.799569], [-161.502138, 59.79958], [-161.502167, 59.799593], [-161.502196, 59.799606], [-161.502223, 59.799618], [-161.50225, 59.79963], [-161.502277, 59.799642], [-161.502302, 59.799652], [-161.50233, 59.799664], [-161.502357, 59.799676], [-161.502386, 59.799688], [-161.502415, 59.7997], [-161.502445, 59.799712], [-161.502472, 59.799723], [-161.502502, 59.799735], [-161.502532, 59.799746], [-161.502563, 59.799758], [-161.502597, 59.799771], [-161.502633, 59.799784], [-161.502669, 59.799797], [-161.502705, 59.79981], [-161.502741, 59.799823], [-161.502777, 59.799836], [-161.502813, 59.79985], [-161.502852, 59.799864], [-161.502889, 59.799878], [-161.502927, 59.799892], [-161.502965, 59.799905], [-161.503003, 59.799919], [-161.503042, 59.799932], [-161.503084, 59.799946], [-161.503124, 59.79996], [-161.503165, 59.799973], [-161.503206, 59.799986], [-161.503245, 59.799998], [-161.503285, 59.80001], [-161.503325, 59.800022], [-161.503366, 59.800034], [-161.503406, 59.800045], [-161.503447, 59.800056], [-161.503488, 59.800068], [-161.503529, 59.800079], [-161.503569, 59.80009], [-161.503608, 59.8001], [-161.503646, 59.80011], [-161.503681, 59.80012], [-161.503717, 59.800129], [-161.503751, 59.800138], [-161.503787, 59.800147], [-161.503819, 59.800155], [-161.503853, 59.800164], [-161.503886, 59.800172], [-161.503918, 59.80018], [-161.503948, 59.800187], [-161.503979, 59.800195], [-161.504009, 59.800202], [-161.504039, 59.800209], [-161.50407, 59.800216], [-161.504102, 59.800223], [-161.504134, 59.80023], [-161.504167, 59.800237], [-161.504197, 59.800244], [-161.504228, 59.80025], [-161.504258, 59.800257], [-161.504289, 59.800263], [-161.50432, 59.800269], [-161.504353, 59.800276], [-161.504387, 59.800283], [-161.504421, 59.800289], [-161.504455, 59.800296], [-161.504492, 59.800303], [-161.504526, 59.80031], [-161.504561, 59.800316], [-161.504596, 59.800323], [-161.50463, 59.800329], [-161.504661, 59.800335], [-161.504693, 59.800341], [-161.504729, 59.800347], [-161.504762, 59.800353], [-161.504795, 59.800359], [-161.50483, 59.800365], [-161.504866, 59.800371], [-161.504899, 59.800376], [-161.504937, 59.800382], [-161.504973, 59.800387], [-161.505012, 59.800393], [-161.50505, 59.800399], [-161.505089, 59.800404], [-161.505125, 59.800409], [-161.505161, 59.800414], [-161.505197, 59.800419], [-161.505234, 59.800423], [-161.505272, 59.800428], [-161.505311, 59.800432], [-161.505352, 59.800436], [-161.505394, 59.80044], [-161.505433, 59.800444], [-161.505472, 59.800448], [-161.505511, 59.800451], [-161.505553, 59.800454], [-161.505593, 59.800457], [-161.505637, 59.80046], [-161.505679, 59.800463], [-161.505724, 59.800466], [-161.505766, 59.800469], [-161.505808, 59.800471], [-161.505848, 59.800473], [-161.50589, 59.800475], [-161.50593, 59.800477], [-161.505968, 59.800479], [-161.506005, 59.80048], [-161.506043, 59.800482], [-161.506078, 59.800483], [-161.506113, 59.800484], [-161.506151, 59.800485], [-161.506186, 59.800486], [-161.506221, 59.800487], [-161.506256, 59.800488], [-161.506288, 59.800489], [-161.506323, 59.80049], [-161.50636, 59.800491], [-161.506397, 59.800492], [-161.506434, 59.800493], [-161.506473, 59.800494], [-161.50651, 59.800494], [-161.506544, 59.800495], [-161.506577, 59.800495], [-161.506611, 59.800495], [-161.506645, 59.800496], [-161.506678, 59.800496], [-161.506714, 59.800496], [-161.506749, 59.800496], [-161.506785, 59.800496], [-161.506821, 59.800496], [-161.506856, 59.800496], [-161.506892, 59.800496], [-161.506927, 59.800496], [-161.506963, 59.800496], [-161.506998, 59.800495], [-161.507033, 59.800495], [-161.507069, 59.800495], [-161.507105, 59.800494], [-161.507139, 59.800493], [-161.507172, 59.800492], [-161.507206, 59.800491], [-161.507238, 59.800489], [-161.507269, 59.800486], [-161.507303, 59.800484], [-161.507336, 59.800481], [-161.507367, 59.800478], [-161.507398, 59.800475], [-161.50743, 59.800472], [-161.507461, 59.800469], [-161.507495, 59.800465], [-161.507527, 59.800462], [-161.507559, 59.800459], [-161.507592, 59.800456], [-161.507622, 59.800453], [-161.507651, 59.800451], [-161.507679, 59.800448], [-161.507713, 59.800445], [-161.507746, 59.800442], [-161.507785, 59.800439], [-161.507824, 59.800436], [-161.507867, 59.800432], [-161.507907, 59.800429], [-161.507949, 59.800426], [-161.507994, 59.800422], [-161.508039, 59.800419], [-161.508197, 59.800416], [-161.508359, 59.800413], [-161.508522, 59.800411], [-161.508684, 59.80041], [-161.508848, 59.800411], [-161.508902, 59.800412], [-161.508953, 59.800414], [-161.509004, 59.800417], [-161.509053, 59.800419], [-161.509102, 59.800421], [-161.509151, 59.800424], [-161.509201, 59.800427], [-161.50925, 59.800429], [-161.509303, 59.800432], [-161.509356, 59.800435], [-161.509409, 59.800439], [-161.509462, 59.800442], [-161.509512, 59.800445], [-161.509562, 59.800448], [-161.509613, 59.800451], [-161.509666, 59.800455], [-161.509719, 59.800459], [-161.509774, 59.800464], [-161.509828, 59.800469], [-161.50988, 59.800474], [-161.509929, 59.800479], [-161.509977, 59.800485], [-161.510025, 59.800491], [-161.510072, 59.800497], [-161.51012, 59.800504], [-161.510168, 59.800511], [-161.510216, 59.800518], [-161.510263, 59.800525], [-161.510314, 59.800534], [-161.510364, 59.800542], [-161.510412, 59.800551], [-161.51046, 59.80056], [-161.510508, 59.800569], [-161.510551, 59.800577], [-161.510591, 59.800586], [-161.510634, 59.800594], [-161.510677, 59.800603], [-161.510719, 59.800612], [-161.510762, 59.800621], [-161.510807, 59.800632], [-161.510851, 59.800642], [-161.510896, 59.800652], [-161.51094, 59.800663], [-161.510982, 59.800673], [-161.511024, 59.800684], [-161.511066, 59.800694], [-161.511106, 59.800704], [-161.511146, 59.800713], [-161.511187, 59.800723], [-161.511225, 59.800732], [-161.511262, 59.80074], [-161.5113, 59.800748], [-161.511339, 59.800757], [-161.511378, 59.800765], [-161.51142, 59.800774], [-161.511464, 59.800783], [-161.511505, 59.800791], [-161.511545, 59.800799], [-161.511587, 59.800807], [-161.511627, 59.800814], [-161.511667, 59.800821], [-161.51171, 59.800829], [-161.511753, 59.800837], [-161.511796, 59.800844], [-161.51184, 59.800853], [-161.511885, 59.800861], [-161.511927, 59.80087], [-161.511973, 59.800879], [-161.512021, 59.80089], [-161.51207, 59.800901], [-161.512119, 59.800913], [-161.512167, 59.800925], [-161.512216, 59.800938], [-161.512259, 59.80095], [-161.512303, 59.800961], [-161.512346, 59.800973], [-161.512389, 59.800986], [-161.512429, 59.800997], [-161.512468, 59.801009], [-161.51251, 59.801022], [-161.51255, 59.801034], [-161.512589, 59.801046], [-161.512627, 59.801059], [-161.512668, 59.801072], [-161.512703, 59.801084], [-161.51274, 59.801097], [-161.512775, 59.801109], [-161.512809, 59.801122], [-161.512841, 59.801133], [-161.512876, 59.801145], [-161.512908, 59.801157], [-161.512944, 59.80117], [-161.512981, 59.801183], [-161.513019, 59.801197], [-161.513058, 59.801211], [-161.513097, 59.801225], [-161.513137, 59.801239], [-161.513174, 59.801253], [-161.513209, 59.801265], [-161.513245, 59.801277], [-161.513283, 59.801291], [-161.513319, 59.801303], [-161.513357, 59.801316], [-161.513396, 59.801329], [-161.513436, 59.801343], [-161.513475, 59.801356], [-161.513513, 59.801369], [-161.513554, 59.801383], [-161.513595, 59.801397], [-161.513634, 59.80141], [-161.513675, 59.801424], [-161.513719, 59.801439], [-161.51376, 59.801453], [-161.513804, 59.801468], [-161.513847, 59.801484], [-161.513887, 59.801498], [-161.513928, 59.801513], [-161.513968, 59.801528], [-161.514008, 59.801542], [-161.514048, 59.801557], [-161.514088, 59.801572], [-161.514126, 59.801586], [-161.514163, 59.8016], [-161.5142, 59.801615], [-161.514237, 59.801629], [-161.514273, 59.801643], [-161.514309, 59.801657], [-161.514345, 59.801671], [-161.514378, 59.801684], [-161.514414, 59.801698], [-161.51445, 59.801712], [-161.514485, 59.801726], [-161.514524, 59.801741], [-161.514562, 59.801755], [-161.514601, 59.80177], [-161.51464, 59.801784], [-161.51468, 59.801798], [-161.51472, 59.801812], [-161.514759, 59.801827], [-161.514797, 59.80184], [-161.514838, 59.801853], [-161.514879, 59.801867], [-161.51492, 59.80188], [-161.514964, 59.801894], [-161.515008, 59.801908], [-161.51505, 59.80192], [-161.515092, 59.801933], [-161.515134, 59.801945], [-161.515174, 59.801956], [-161.515215, 59.801967], [-161.515255, 59.801978], [-161.515296, 59.801988], [-161.515335, 59.801998], [-161.515377, 59.802009], [-161.515419, 59.802019], [-161.515464, 59.80203], [-161.515509, 59.802041], [-161.515554, 59.802052], [-161.515599, 59.802062], [-161.515644, 59.802072], [-161.515686, 59.802082], [-161.515729, 59.802091], [-161.515775, 59.802101], [-161.515818, 59.80211], [-161.515862, 59.802119], [-161.515908, 59.802129], [-161.515955, 59.802138], [-161.515998, 59.802147], [-161.516045, 59.802156], [-161.516091, 59.802166], [-161.516135, 59.802175], [-161.516181, 59.802184], [-161.516228, 59.802194], [-161.516271, 59.802203], [-161.516317, 59.802213], [-161.516362, 59.802224], [-161.516401, 59.802233], [-161.516442, 59.802244], [-161.516485, 59.802255], [-161.516525, 59.802266], [-161.516564, 59.802277], [-161.516609, 59.802289], [-161.516653, 59.802302], [-161.516695, 59.802315], [-161.516738, 59.802328], [-161.516781, 59.802342], [-161.516822, 59.802357], [-161.51686, 59.802371], [-161.516898, 59.802387], [-161.516934, 59.802402], [-161.516971, 59.802418], [-161.517007, 59.802435], [-161.517045, 59.802453], [-161.517082, 59.802471], [-161.517119, 59.80249], [-161.517155, 59.802508], [-161.51719, 59.802526], [-161.517224, 59.802544], [-161.517252, 59.802558], [-161.517282, 59.802574], [-161.51731, 59.802589], [-161.517339, 59.802604], [-161.517367, 59.802619], [-161.517398, 59.802635], [-161.51743, 59.802651], [-161.517462, 59.802667], [-161.517494, 59.802684], [-161.517526, 59.8027], [-161.517557, 59.802716], [-161.517589, 59.802732], [-161.517623, 59.80275], [-161.517653, 59.802765], [-161.517683, 59.80278], [-161.517713, 59.802795], [-161.517743, 59.802811], [-161.51777, 59.802824], [-161.5178, 59.802839], [-161.517832, 59.802855], [-161.517864, 59.802871], [-161.517896, 59.802888], [-161.51793, 59.802905], [-161.517966, 59.802923], [-161.518, 59.80294], [-161.518036, 59.802959], [-161.518071, 59.802977], [-161.518107, 59.802995], [-161.518142, 59.803013], [-161.518178, 59.803031], [-161.518213, 59.803048], [-161.518249, 59.803066], [-161.518286, 59.803084], [-161.518323, 59.803102], [-161.518359, 59.803119], [-161.518399, 59.803138], [-161.518435, 59.803154], [-161.518472, 59.80317], [-161.518509, 59.803186], [-161.518544, 59.803201], [-161.518578, 59.803215], [-161.518612, 59.803229], [-161.518646, 59.803242], [-161.518679, 59.803254], [-161.518716, 59.803268], [-161.518751, 59.803281], [-161.518782, 59.803291], [-161.518815, 59.803303], [-161.518848, 59.803314], [-161.518879, 59.803325], [-161.518911, 59.803335], [-161.518949, 59.803347], [-161.518985, 59.803358], [-161.519021, 59.803369], [-161.519059, 59.803381], [-161.519098, 59.803393], [-161.519134, 59.803404], [-161.51917, 59.803415], [-161.519206, 59.803427], [-161.519237, 59.803436], [-161.519268, 59.803446], [-161.519299, 59.803456], [-161.51933, 59.803466], [-161.519361, 59.803475], [-161.519394, 59.803486], [-161.519427, 59.803496], [-161.519458, 59.803506], [-161.519489, 59.803515], [-161.51952, 59.803525], [-161.519552, 59.803535], [-161.519583, 59.803545], [-161.519615, 59.803555], [-161.519645, 59.803565], [-161.519675, 59.803574], [-161.519702, 59.803583], [-161.51973, 59.803591], [-161.519758, 59.8036], [-161.519785, 59.803608], [-161.519813, 59.803617], [-161.51984, 59.803625], [-161.519872, 59.803635], [-161.519903, 59.803644], [-161.519936, 59.803655], [-161.51997, 59.803665], [-161.520003, 59.803676], [-161.520035, 59.803685], [-161.520067, 59.803695], [-161.5201, 59.803705], [-161.52013, 59.803713], [-161.520161, 59.803722], [-161.520191, 59.803731], [-161.520222, 59.80374], [-161.520253, 59.803749], [-161.520287, 59.803759], [-161.520323, 59.803769], [-161.520361, 59.803779], [-161.520402, 59.803791], [-161.520443, 59.803802], [-161.520487, 59.803814], [-161.520531, 59.803826], [-161.520573, 59.803838], [-161.520614, 59.80385], [-161.520657, 59.803862], [-161.5207, 59.803875], [-161.520741, 59.803888], [-161.520784, 59.803901], [-161.520827, 59.803914], [-161.520868, 59.803927], [-161.520909, 59.803939], [-161.520953, 59.803953], [-161.520993, 59.803965], [-161.52103, 59.803976], [-161.52107, 59.803988], [-161.521107, 59.804], [-161.521142, 59.80401], [-161.52118, 59.804021], [-161.52122, 59.804033], [-161.521258, 59.804043], [-161.521296, 59.804054], [-161.521334, 59.804065], [-161.521372, 59.804075], [-161.521408, 59.804085], [-161.521444, 59.804094], [-161.521478, 59.804103], [-161.521512, 59.804112], [-161.521546, 59.804121], [-161.52158, 59.804129], [-161.521614, 59.804138], [-161.52165, 59.804146], [-161.521687, 59.804155], [-161.521721, 59.804163], [-161.521758, 59.804171], [-161.521795, 59.804179], [-161.521832, 59.804187], [-161.521869, 59.804195], [-161.521907, 59.804203], [-161.521942, 59.80421], [-161.521977, 59.804218], [-161.522013, 59.804225], [-161.522049, 59.804232], [-161.522087, 59.80424], [-161.522123, 59.804247], [-161.522156, 59.804254], [-161.522192, 59.804261], [-161.522227, 59.804268], [-161.522261, 59.804274], [-161.522296, 59.804281], [-161.522334, 59.804288], [-161.522368, 59.804294], [-161.522401, 59.8043], [-161.522437, 59.804306], [-161.522473, 59.804312], [-161.522509, 59.804318], [-161.522548, 59.804325], [-161.522587, 59.804331], [-161.522626, 59.804338], [-161.522662, 59.804344], [-161.522698, 59.80435], [-161.522732, 59.804356], [-161.522766, 59.804362], [-161.5228, 59.804367], [-161.522837, 59.804373], [-161.522875, 59.804379], [-161.522915, 59.804385], [-161.522955, 59.804391], [-161.522995, 59.804397], [-161.523038, 59.804404], [-161.523081, 59.80441], [-161.523127, 59.804417], [-161.523173, 59.804424], [-161.523223, 59.804432], [-161.523273, 59.804438], [-161.523326, 59.804446], [-161.523383, 59.804453], [-161.523443, 59.80446], [-161.5235, 59.804466], [-161.523561, 59.804472], [-161.523623, 59.804478], [-161.523682, 59.804483], [-161.523738, 59.804487], [-161.523798, 59.804491], [-161.523855, 59.804494], [-161.523912, 59.804497], [-161.523966, 59.8045], [-161.524024, 59.804503], [-161.524081, 59.804505], [-161.524135, 59.804506], [-161.524192, 59.804507], [-161.524248, 59.804508], [-161.524305, 59.804508], [-161.524361, 59.804507], [-161.52442, 59.804504], [-161.524475, 59.804501], [-161.524532, 59.804497], [-161.524587, 59.804491], [-161.524643, 59.804484], [-161.524697, 59.804476], [-161.524749, 59.804468], [-161.524799, 59.804459], [-161.524847, 59.80445], [-161.524892, 59.804441], [-161.524935, 59.804432], [-161.524979, 59.804422], [-161.525018, 59.804412], [-161.52506, 59.804402], [-161.525102, 59.80439], [-161.525141, 59.80438], [-161.525179, 59.804369], [-161.525215, 59.804358], [-161.525251, 59.804347], [-161.525286, 59.804336], [-161.52532, 59.804325], [-161.525354, 59.804313], [-161.525388, 59.804301], [-161.52542, 59.804289], [-161.52545, 59.804277], [-161.525481, 59.804264], [-161.52551, 59.804251], [-161.525541, 59.804237], [-161.525569, 59.804224], [-161.525599, 59.80421], [-161.525627, 59.804196], [-161.525657, 59.804181], [-161.525686, 59.804167], [-161.525717, 59.80415], [-161.525747, 59.804134], [-161.525776, 59.804117], [-161.525806, 59.804099], [-161.525835, 59.804081], [-161.525862, 59.804063], [-161.525889, 59.804045], [-161.525915, 59.804027], [-161.52594, 59.804008], [-161.525965, 59.803989], [-161.525989, 59.80397], [-161.526012, 59.803952], [-161.526034, 59.803933], [-161.526055, 59.803915], [-161.526132, 59.803842], [-161.526211, 59.803768], [-161.526293, 59.803692], [-161.526376, 59.803615], [-161.526459, 59.80354], [-161.526488, 59.803517], [-161.526516, 59.803495], [-161.526546, 59.803472], [-161.526575, 59.803451], [-161.526607, 59.803428], [-161.526637, 59.803407], [-161.526671, 59.803385], [-161.526703, 59.803364], [-161.526737, 59.803344], [-161.526771, 59.803325], [-161.526806, 59.803306], [-161.526839, 59.803289], [-161.526875, 59.803271], [-161.526911, 59.803253], [-161.526948, 59.803236], [-161.526983, 59.80322], [-161.527018, 59.803204], [-161.527051, 59.803189], [-161.527084, 59.803174], [-161.527114, 59.803161], [-161.527145, 59.803147], [-161.527177, 59.803133], [-161.527208, 59.80312], [-161.527238, 59.803107], [-161.527268, 59.803095], [-161.5273, 59.803082], [-161.527331, 59.803069], [-161.527364, 59.803056], [-161.527395, 59.803043], [-161.527427, 59.80303], [-161.527458, 59.803017], [-161.527487, 59.803004], [-161.527516, 59.802992], [-161.527544, 59.80298], [-161.52757, 59.802969], [-161.527595, 59.802959], [-161.527618, 59.80295], [-161.527641, 59.802941], [-161.527665, 59.802931], [-161.527687, 59.802923], [-161.527709, 59.802914], [-161.527732, 59.802905], [-161.527754, 59.802897], [-161.527775, 59.802888], [-161.527797, 59.802879], [-161.527819, 59.80287], [-161.527842, 59.80286], [-161.527866, 59.80285], [-161.52789, 59.802839], [-161.527914, 59.802829], [-161.527938, 59.802818], [-161.527961, 59.802808], [-161.527984, 59.802798], [-161.528009, 59.802787], [-161.528032, 59.802776], [-161.528056, 59.802766], [-161.528078, 59.802756], [-161.528101, 59.802747], [-161.528125, 59.802737], [-161.52815, 59.802726], [-161.528177, 59.802715], [-161.528205, 59.802703], [-161.528233, 59.802692], [-161.52826, 59.80268], [-161.528287, 59.802669], [-161.528314, 59.802658], [-161.528339, 59.802647], [-161.528366, 59.802636], [-161.528394, 59.802624], [-161.528422, 59.802613], [-161.52845, 59.802602], [-161.528481, 59.802589], [-161.528509, 59.802578], [-161.528543, 59.802565], [-161.528576, 59.802553], [-161.52861, 59.80254], [-161.528641, 59.802528], [-161.528673, 59.802517], [-161.528703, 59.802506], [-161.528734, 59.802494], [-161.528764, 59.802483], [-161.528796, 59.802471], [-161.528828, 59.80246], [-161.528861, 59.802448], [-161.528893, 59.802437], [-161.528926, 59.802426], [-161.528959, 59.802415], [-161.52899, 59.802405], [-161.52902, 59.802396], [-161.529049, 59.802387], [-161.529082, 59.802377], [-161.529113, 59.802367], [-161.529146, 59.802357], [-161.529177, 59.802348], [-161.52921, 59.802338], [-161.529242, 59.802329], [-161.529276, 59.802319], [-161.52931, 59.802309], [-161.529347, 59.8023], [-161.529383, 59.802291], [-161.529419, 59.802283], [-161.529455, 59.802275], [-161.529489, 59.802268], [-161.529526, 59.802261], [-161.529564, 59.802255], [-161.529602, 59.802249], [-161.529643, 59.802243], [-161.529685, 59.802238], [-161.529725, 59.802234], [-161.529764, 59.80223], [-161.529804, 59.802227], [-161.529847, 59.802224], [-161.529893, 59.802222], [-161.529939, 59.802221], [-161.529989, 59.80222], [-161.530038, 59.802219], [-161.530085, 59.80222], [-161.530135, 59.802222], [-161.530185, 59.802225], [-161.530234, 59.802229], [-161.530286, 59.802235], [-161.530334, 59.802241], [-161.530384, 59.802249], [-161.530435, 59.802258], [-161.530482, 59.802269], [-161.530528, 59.80228], [-161.530572, 59.802292], [-161.530612, 59.802305], [-161.530648, 59.802319], [-161.530685, 59.802333], [-161.530719, 59.802348], [-161.530751, 59.802364], [-161.530781, 59.80238], [-161.530809, 59.802397], [-161.530834, 59.802413], [-161.530859, 59.802432], [-161.530882, 59.802451], [-161.530904, 59.80247], [-161.530928, 59.802491], [-161.53095, 59.802512], [-161.530971, 59.802534], [-161.530994, 59.802558], [-161.531015, 59.802582], [-161.531034, 59.802605], [-161.531054, 59.802631], [-161.531071, 59.802655], [-161.531087, 59.80268], [-161.531102, 59.802703], [-161.531116, 59.802726], [-161.531129, 59.802747], [-161.531142, 59.802769], [-161.531154, 59.802789], [-161.531165, 59.802809], [-161.531176, 59.802828], [-161.531187, 59.802848], [-161.531197, 59.802868], [-161.531209, 59.802889], [-161.53122, 59.802912], [-161.531232, 59.802934], [-161.531244, 59.802958], [-161.531257, 59.802982], [-161.53127, 59.803008], [-161.531285, 59.803033], [-161.5313, 59.80306], [-161.531318, 59.803088], [-161.531336, 59.803116], [-161.531355, 59.803144], [-161.531374, 59.803172], [-161.531394, 59.803198], [-161.531413, 59.803223], [-161.531433, 59.803248], [-161.531454, 59.803272], [-161.531474, 59.803296], [-161.531497, 59.803321], [-161.53152, 59.803346], [-161.531545, 59.80337], [-161.53157, 59.803395], [-161.531598, 59.80342], [-161.531628, 59.803445], [-161.531657, 59.803468], [-161.531687, 59.80349], [-161.531716, 59.803511], [-161.531745, 59.80353], [-161.531772, 59.803547], [-161.5318, 59.803565], [-161.531827, 59.80358], [-161.531854, 59.803595], [-161.531882, 59.80361], [-161.531913, 59.803625], [-161.531944, 59.80364], [-161.531976, 59.803655], [-161.532011, 59.80367], [-161.532046, 59.803685], [-161.53208, 59.803698], [-161.532117, 59.803713], [-161.532156, 59.803727], [-161.532194, 59.803741], [-161.532234, 59.803755], [-161.532278, 59.80377], [-161.532322, 59.803784], [-161.532368, 59.803798], [-161.532416, 59.803812], [-161.532465, 59.803826], [-161.532512, 59.803839], [-161.532562, 59.803852], [-161.532611, 59.803864], [-161.53266, 59.803877], [-161.532707, 59.803888], [-161.53276, 59.803901], [-161.532808, 59.803912], [-161.532858, 59.803925], [-161.532908, 59.803937], [-161.532958, 59.803949], [-161.533006, 59.803961], [-161.533053, 59.803972], [-161.533101, 59.803983], [-161.533145, 59.803994], [-161.533192, 59.804006], [-161.533237, 59.804019], [-161.533285, 59.804032], [-161.53333, 59.804045], [-161.533378, 59.804059], [-161.533425, 59.804073], [-161.533473, 59.804087], [-161.533523, 59.804103], [-161.533575, 59.804119], [-161.533625, 59.804135], [-161.533674, 59.804151], [-161.533723, 59.804167], [-161.533769, 59.804183], [-161.533813, 59.804197], [-161.53386, 59.804213], [-161.533904, 59.804227], [-161.533948, 59.804242], [-161.533992, 59.804256], [-161.534036, 59.80427], [-161.534083, 59.804285], [-161.53413, 59.804298], [-161.534177, 59.804311], [-161.534225, 59.804324], [-161.534275, 59.804336], [-161.534321, 59.804347], [-161.534369, 59.804358], [-161.534418, 59.804368], [-161.534467, 59.804377], [-161.534514, 59.804385], [-161.534564, 59.804392], [-161.534612, 59.804399], [-161.53466, 59.804405], [-161.534708, 59.80441], [-161.534755, 59.804414], [-161.5348, 59.804417], [-161.534845, 59.804419], [-161.534887, 59.80442], [-161.534923, 59.804421], [-161.534962, 59.80442], [-161.535001, 59.804419], [-161.53504, 59.804417], [-161.535078, 59.804414], [-161.535116, 59.804411], [-161.535151, 59.804408], [-161.535186, 59.804404], [-161.535217, 59.8044], [-161.535249, 59.804395], [-161.535282, 59.804389], [-161.535313, 59.804383], [-161.535344, 59.804376], [-161.535376, 59.804369], [-161.535409, 59.804361], [-161.535442, 59.804352], [-161.535474, 59.804343], [-161.535509, 59.804333], [-161.535544, 59.804323], [-161.535578, 59.804312], [-161.535613, 59.804301], [-161.535649, 59.804289], [-161.535683, 59.804277], [-161.535719, 59.804264], [-161.535754, 59.804251], [-161.535789, 59.804237], [-161.535826, 59.804222], [-161.535865, 59.804206], [-161.535902, 59.80419], [-161.535941, 59.804173], [-161.535982, 59.804154], [-161.536021, 59.804137], [-161.53606, 59.804119], [-161.536102, 59.8041], [-161.536144, 59.80408], [-161.536188, 59.80406], [-161.536235, 59.804039], [-161.536283, 59.804018], [-161.536333, 59.803996], [-161.536381, 59.803975], [-161.536427, 59.803956], [-161.536468, 59.803938], [-161.53651, 59.803922], [-161.536549, 59.803906], [-161.536594, 59.803889], [-161.536638, 59.803873], [-161.536687, 59.803856], [-161.536737, 59.80384], [-161.536788, 59.803825], [-161.536834, 59.803812], [-161.536884, 59.803799], [-161.536935, 59.803787], [-161.536984, 59.803776], [-161.537033, 59.803766], [-161.537087, 59.803756], [-161.53714, 59.803748], [-161.537195, 59.803741], [-161.537249, 59.803736], [-161.537304, 59.803732], [-161.537358, 59.803729], [-161.537412, 59.803727], [-161.537469, 59.803727], [-161.537529, 59.803727], [-161.537589, 59.803727], [-161.537649, 59.803729], [-161.537708, 59.803732], [-161.537764, 59.803735], [-161.53782, 59.80374], [-161.537872, 59.803745], [-161.537925, 59.80375], [-161.537977, 59.803756], [-161.53803, 59.803762], [-161.53808, 59.803769], [-161.538132, 59.803776], [-161.538184, 59.803784], [-161.538232, 59.803793], [-161.53828, 59.803802], [-161.538324, 59.803812], [-161.538368, 59.803822], [-161.538408, 59.803831], [-161.538451, 59.803842], [-161.538489, 59.803851], [-161.538534, 59.803863], [-161.538577, 59.803874], [-161.538617, 59.803884], [-161.538655, 59.803894], [-161.538694, 59.803904], [-161.538726, 59.803913], [-161.538758, 59.803922], [-161.538793, 59.803931], [-161.538827, 59.803941], [-161.538861, 59.80395], [-161.538897, 59.80396], [-161.538931, 59.80397], [-161.538964, 59.80398], [-161.538998, 59.80399], [-161.539028, 59.803999], [-161.539059, 59.804008], [-161.539091, 59.804017], [-161.539126, 59.804028], [-161.539159, 59.804037], [-161.539196, 59.804048], [-161.539232, 59.804059], [-161.539269, 59.80407], [-161.539301, 59.804079], [-161.539336, 59.804088], [-161.539368, 59.804097], [-161.539397, 59.804105], [-161.539427, 59.804113], [-161.539458, 59.804122], [-161.539488, 59.80413], [-161.539519, 59.804139], [-161.539551, 59.804147], [-161.539585, 59.804156], [-161.539616, 59.804164], [-161.53965, 59.804173], [-161.539682, 59.804182], [-161.539714, 59.80419], [-161.539744, 59.804197], [-161.539773, 59.804205], [-161.539805, 59.804213], [-161.539835, 59.804221], [-161.53987, 59.804229], [-161.539905, 59.804238], [-161.539942, 59.804247], [-161.539976, 59.804255], [-161.540014, 59.804263], [-161.540049, 59.804271], [-161.540082, 59.804278], [-161.540118, 59.804285], [-161.540154, 59.804293], [-161.54019, 59.8043], [-161.540227, 59.804307], [-161.540268, 59.804316], [-161.540307, 59.804323], [-161.540351, 59.804331], [-161.540391, 59.804338], [-161.540433, 59.804345], [-161.540473, 59.804352], [-161.540516, 59.804358], [-161.540555, 59.804364], [-161.540601, 59.80437], [-161.540645, 59.804376], [-161.540693, 59.804382], [-161.54074, 59.804387], [-161.540788, 59.804392], [-161.54084, 59.804397], [-161.540894, 59.804402], [-161.540947, 59.804406], [-161.541, 59.80441], [-161.541056, 59.804413], [-161.54111, 59.804416], [-161.541164, 59.804419], [-161.541222, 59.804421], [-161.541277, 59.804423], [-161.541333, 59.804425], [-161.541389, 59.804426], [-161.541445, 59.804428], [-161.541505, 59.804429], [-161.541698, 59.80443], [-161.541887, 59.804431], [-161.542074, 59.804433], [-161.542261, 59.804434], [-161.542444, 59.804435], [-161.542497, 59.804437], [-161.54255, 59.804438], [-161.542606, 59.80444], [-161.542661, 59.804442], [-161.542717, 59.804444], [-161.542768, 59.804446], [-161.542817, 59.804449], [-161.542863, 59.804451], [-161.542906, 59.804454], [-161.542949, 59.804457], [-161.542992, 59.80446], [-161.543037, 59.804464], [-161.543082, 59.804467], [-161.543127, 59.804471], [-161.543168, 59.804475], [-161.543211, 59.80448], [-161.543254, 59.804485], [-161.543297, 59.80449], [-161.54334, 59.804495], [-161.543385, 59.8045], [-161.543427, 59.804506], [-161.543466, 59.804511], [-161.543508, 59.804517], [-161.54355, 59.804523], [-161.54359, 59.80453], [-161.543628, 59.804536], [-161.543672, 59.804544], [-161.543715, 59.804553], [-161.543758, 59.804562], [-161.543802, 59.804572], [-161.543847, 59.804582], [-161.543893, 59.804594], [-161.543937, 59.804605], [-161.543982, 59.804618], [-161.544027, 59.804631], [-161.544071, 59.804645], [-161.544112, 59.804658], [-161.544152, 59.804672], [-161.544192, 59.804686], [-161.544231, 59.804701], [-161.54427, 59.804716], [-161.544306, 59.80473], [-161.544344, 59.804746], [-161.544379, 59.804761], [-161.544413, 59.804776], [-161.544447, 59.804791], [-161.544481, 59.804807], [-161.544514, 59.804822], [-161.544545, 59.804838], [-161.544573, 59.804852], [-161.544604, 59.804868], [-161.544633, 59.804883], [-161.544661, 59.804899], [-161.54469, 59.804915], [-161.544718, 59.804932], [-161.544744, 59.804947], [-161.544772, 59.804964], [-161.544799, 59.804982], [-161.544826, 59.804999], [-161.544854, 59.805018], [-161.544882, 59.805038], [-161.544909, 59.805057], [-161.544934, 59.805076], [-161.54496, 59.805095], [-161.544984, 59.805114], [-161.545008, 59.805133], [-161.54503, 59.805151], [-161.545053, 59.80517], [-161.545075, 59.805189], [-161.545097, 59.805207], [-161.54512, 59.805226], [-161.545143, 59.805246], [-161.545166, 59.805267], [-161.545189, 59.805288], [-161.545212, 59.805309], [-161.545235, 59.80533], [-161.545257, 59.805351], [-161.545277, 59.805372], [-161.545298, 59.805392], [-161.545319, 59.805413], [-161.545337, 59.805432], [-161.545355, 59.805451], [-161.545372, 59.80547], [-161.545389, 59.805489], [-161.545405, 59.805506], [-161.545421, 59.805525], [-161.545438, 59.805544], [-161.545454, 59.805562], [-161.545468, 59.80558], [-161.545482, 59.805597], [-161.545495, 59.805613], [-161.545507, 59.805628], [-161.545518, 59.805643], [-161.54553, 59.80566], [-161.545541, 59.805675], [-161.545552, 59.805691], [-161.545562, 59.805707], [-161.545572, 59.805723], [-161.545583, 59.805742], [-161.545593, 59.80576], [-161.545603, 59.805779], [-161.545613, 59.805799], [-161.545622, 59.805819], [-161.545629, 59.805836], [-161.545636, 59.805854], [-161.545642, 59.805872], [-161.545648, 59.805889], [-161.545653, 59.805906], [-161.545658, 59.805923], [-161.545662, 59.80594], [-161.545667, 59.805957], [-161.545671, 59.805974], [-161.545675, 59.805992], [-161.545678, 59.806009], [-161.545681, 59.806025], [-161.545684, 59.806042], [-161.545687, 59.80606], [-161.545689, 59.806078], [-161.54569, 59.806094], [-161.545692, 59.806111], [-161.545694, 59.806128], [-161.545695, 59.806145], [-161.545695, 59.806163], [-161.545696, 59.806181], [-161.545696, 59.806199], [-161.545695, 59.806218], [-161.545694, 59.806235], [-161.545693, 59.806252], [-161.545691, 59.806271], [-161.545689, 59.806289], [-161.545686, 59.806306], [-161.545683, 59.806325], [-161.54568, 59.806345], [-161.545677, 59.806363], [-161.545674, 59.806381], [-161.54567, 59.806398], [-161.545667, 59.806415], [-161.545664, 59.806432], [-161.545661, 59.806449], [-161.545658, 59.806467], [-161.545654, 59.806487], [-161.545651, 59.806505], [-161.545648, 59.806522], [-161.545645, 59.80654], [-161.545643, 59.806558], [-161.54564, 59.806575], [-161.545638, 59.806593], [-161.545637, 59.806611], [-161.545635, 59.806629], [-161.545634, 59.806646], [-161.545633, 59.806665], [-161.545632, 59.806683], [-161.545632, 59.806701], [-161.545633, 59.806718], [-161.545634, 59.806737], [-161.545636, 59.806758], [-161.545638, 59.80678], [-161.54564, 59.806804], [-161.545642, 59.806829], [-161.545644, 59.806855], [-161.545646, 59.806881], [-161.545648, 59.806906], [-161.545651, 59.806932], [-161.545653, 59.806958], [-161.545655, 59.806984], [-161.545658, 59.80701], [-161.545659, 59.807034], [-161.545661, 59.80706], [-161.545663, 59.807084], [-161.545664, 59.80711], [-161.545666, 59.807135], [-161.545669, 59.807161], [-161.545672, 59.807186], [-161.545675, 59.807212], [-161.545679, 59.807237], [-161.545683, 59.807262], [-161.545687, 59.807288], [-161.54569, 59.807314], [-161.545694, 59.807341], [-161.545697, 59.807367], [-161.5457, 59.807395], [-161.545704, 59.807422], [-161.545708, 59.80745], [-161.545712, 59.807476], [-161.545716, 59.807504], [-161.54572, 59.807531], [-161.545725, 59.807557], [-161.54573, 59.807583], [-161.545737, 59.80761], [-161.545744, 59.807636], [-161.545752, 59.807661], [-161.545763, 59.807688], [-161.545773, 59.807713], [-161.545785, 59.807738], [-161.545798, 59.807763], [-161.545812, 59.807787], [-161.545827, 59.807811], [-161.545844, 59.807836], [-161.545861, 59.80786], [-161.54588, 59.807884], [-161.545899, 59.807908], [-161.545918, 59.80793], [-161.545938, 59.807952], [-161.545959, 59.807974], [-161.54598, 59.807995], [-161.546004, 59.808017], [-161.546027, 59.808037], [-161.546054, 59.808059], [-161.54608, 59.808079], [-161.546108, 59.8081], [-161.546136, 59.808119], [-161.546164, 59.808138], [-161.546189, 59.808154], [-161.546217, 59.80817], [-161.546243, 59.808186], [-161.546269, 59.8082], [-161.546297, 59.808215], [-161.546323, 59.808229], [-161.546348, 59.808242], [-161.546372, 59.808254], [-161.546398, 59.808267], [-161.546423, 59.808279], [-161.546449, 59.808292], [-161.546475, 59.808304], [-161.546503, 59.808317], [-161.54653, 59.808328], [-161.546557, 59.80834], [-161.546587, 59.808352], [-161.54662, 59.808364], [-161.546653, 59.808377], [-161.546686, 59.808389], [-161.54672, 59.808402], [-161.546754, 59.808414], [-161.546787, 59.808425], [-161.546819, 59.808437], [-161.546851, 59.808448], [-161.546884, 59.80846], [-161.546916, 59.808471], [-161.546947, 59.808481], [-161.54698, 59.808492], [-161.547016, 59.808503], [-161.547053, 59.808514], [-161.54709, 59.808525], [-161.547129, 59.808536], [-161.547169, 59.808547], [-161.54721, 59.808558], [-161.54725, 59.808568], [-161.547291, 59.808578], [-161.547332, 59.808588], [-161.547368, 59.808597], [-161.547407, 59.808606], [-161.547443, 59.808614], [-161.547479, 59.808623], [-161.547516, 59.808631], [-161.547554, 59.80864], [-161.54759, 59.808648], [-161.547629, 59.808657], [-161.547667, 59.808665], [-161.547706, 59.808673], [-161.547744, 59.808681], [-161.547782, 59.808689], [-161.54782, 59.808696], [-161.547859, 59.808704], [-161.5479, 59.808711], [-161.547941, 59.808718], [-161.54798, 59.808725], [-161.548016, 59.808731], [-161.548052, 59.808736], [-161.548083, 59.808741], [-161.548114, 59.808746], [-161.548145, 59.80875], [-161.548179, 59.808755], [-161.548212, 59.808759], [-161.548248, 59.808764], [-161.548286, 59.808769], [-161.548327, 59.808774], [-161.548368, 59.808779], [-161.548409, 59.808784], [-161.548453, 59.808789], [-161.548493, 59.808794], [-161.548534, 59.808799], [-161.548575, 59.808803], [-161.548615, 59.808808], [-161.548654, 59.808811], [-161.548692, 59.808815], [-161.548731, 59.808818], [-161.54877, 59.808822], [-161.548809, 59.808825], [-161.548848, 59.808828], [-161.548884, 59.80883], [-161.548923, 59.808833], [-161.548962, 59.808835], [-161.549002, 59.808837], [-161.549041, 59.808838], [-161.549081, 59.80884], [-161.549121, 59.808841], [-161.549161, 59.808842], [-161.549202, 59.808842], [-161.549242, 59.808843], [-161.549286, 59.808844], [-161.549326, 59.808844], [-161.549367, 59.808845], [-161.549408, 59.808845], [-161.54945, 59.808845], [-161.549491, 59.808844], [-161.549533, 59.808844], [-161.549575, 59.808843], [-161.54962, 59.808842], [-161.549664, 59.80884], [-161.549712, 59.808838], [-161.549762, 59.808835], [-161.549813, 59.808832], [-161.549863, 59.808828], [-161.549917, 59.808824], [-161.549967, 59.808819], [-161.55002, 59.808814], [-161.550076, 59.808808], [-161.550129, 59.808802], [-161.550182, 59.808795], [-161.550238, 59.808787], [-161.550291, 59.808779], [-161.550343, 59.80877], [-161.550394, 59.80876], [-161.550445, 59.80875], [-161.550493, 59.808739], [-161.550541, 59.808728], [-161.550588, 59.808716], [-161.550635, 59.808703], [-161.550681, 59.808689], [-161.550727, 59.808675], [-161.550773, 59.80866], [-161.550816, 59.808646], [-161.550861, 59.808631], [-161.550902, 59.808616], [-161.550943, 59.808601], [-161.550983, 59.808585], [-161.551022, 59.80857], [-161.551059, 59.808554], [-161.551097, 59.808538], [-161.551135, 59.808521], [-161.551172, 59.808504], [-161.551211, 59.808485], [-161.551247, 59.808468], [-161.551281, 59.808451], [-161.551315, 59.808434], [-161.551347, 59.808418], [-161.551375, 59.808403], [-161.551406, 59.808387], [-161.551435, 59.80837], [-161.551464, 59.808354], [-161.551494, 59.808336], [-161.551524, 59.808317], [-161.551553, 59.808299], [-161.551583, 59.808279], [-161.551613, 59.808258], [-161.551642, 59.808239], [-161.551671, 59.80822], [-161.551703, 59.8082], [-161.551733, 59.808182], [-161.551764, 59.808163], [-161.551795, 59.808145], [-161.551826, 59.808127], [-161.551858, 59.808109], [-161.551892, 59.80809], [-161.551926, 59.808072], [-161.551961, 59.808053], [-161.551998, 59.808033], [-161.552035, 59.808015], [-161.552072, 59.807998], [-161.552109, 59.807981], [-161.552147, 59.807965], [-161.552185, 59.807949], [-161.552223, 59.807934], [-161.55226, 59.80792], [-161.552298, 59.807906], [-161.552338, 59.807893], [-161.552376, 59.807881], [-161.552415, 59.80787], [-161.552454, 59.807859], [-161.552494, 59.80785], [-161.552534, 59.807841], [-161.552572, 59.807833], [-161.55261, 59.807825], [-161.552649, 59.807819], [-161.552688, 59.807813], [-161.552728, 59.807808], [-161.55277, 59.807803], [-161.552816, 59.807799], [-161.552862, 59.807796], [-161.552911, 59.807793], [-161.552958, 59.807793], [-161.553008, 59.807793], [-161.553057, 59.807796], [-161.553109, 59.807799], [-161.55316, 59.807805], [-161.553211, 59.807812], [-161.553261, 59.80782], [-161.55331, 59.807829], [-161.553355, 59.807839], [-161.553399, 59.80785], [-161.553443, 59.807862], [-161.553483, 59.807874], [-161.55352, 59.807887], [-161.553556, 59.807899], [-161.553588, 59.80791], [-161.553619, 59.807922], [-161.55365, 59.807934], [-161.553682, 59.807946], [-161.553713, 59.807958], [-161.553744, 59.80797], [-161.553777, 59.807983], [-161.553809, 59.807995], [-161.55384, 59.808007], [-161.553869, 59.808018], [-161.553899, 59.80803], [-161.553928, 59.808042], [-161.553958, 59.808054], [-161.553986, 59.808065], [-161.554017, 59.808077], [-161.554046, 59.80809], [-161.554074, 59.808101], [-161.554102, 59.808113], [-161.554133, 59.808126], [-161.554165, 59.80814], [-161.554197, 59.808154], [-161.554234, 59.80817], [-161.554272, 59.808187], [-161.554309, 59.808204], [-161.554345, 59.80822], [-161.554384, 59.808238], [-161.55442, 59.808255], [-161.554454, 59.808271], [-161.55449, 59.808288], [-161.554526, 59.808305], [-161.554561, 59.808321], [-161.554595, 59.808337], [-161.554629, 59.808353], [-161.554661, 59.808368], [-161.554693, 59.808384], [-161.554825, 59.808461], [-161.554956, 59.808538], [-161.555085, 59.808616], [-161.555212, 59.808695], [-161.555338, 59.808775], [-161.555361, 59.808794], [-161.555385, 59.808814], [-161.555408, 59.808834], [-161.555431, 59.808854], [-161.555453, 59.808875], [-161.555475, 59.808895], [-161.555497, 59.808915], [-161.555518, 59.808936], [-161.555541, 59.808958], [-161.555564, 59.80898], [-161.555587, 59.809002], [-161.555608, 59.809022], [-161.555631, 59.809046], [-161.555652, 59.809068], [-161.555674, 59.809092], [-161.555695, 59.809115], [-161.555716, 59.809139], [-161.555734, 59.80916], [-161.555752, 59.809181], [-161.555769, 59.809201], [-161.555786, 59.809221], [-161.555802, 59.80924], [-161.555817, 59.809258], [-161.555834, 59.809278], [-161.555851, 59.809298], [-161.555869, 59.809319], [-161.555888, 59.809342], [-161.555908, 59.809364], [-161.555927, 59.809385], [-161.555946, 59.809407], [-161.555966, 59.809429], [-161.555985, 59.80945], [-161.556003, 59.809471], [-161.556022, 59.809491], [-161.55604, 59.80951], [-161.556058, 59.809529], [-161.556076, 59.809548], [-161.556094, 59.809567], [-161.556113, 59.809585], [-161.556131, 59.809604], [-161.556149, 59.809623], [-161.556166, 59.809642], [-161.556186, 59.809662], [-161.556204, 59.809681], [-161.556223, 59.809699], [-161.556242, 59.809718], [-161.556264, 59.809738], [-161.556284, 59.809756], [-161.556307, 59.809775], [-161.556331, 59.809795], [-161.556355, 59.809814], [-161.55638, 59.809833], [-161.556405, 59.809852], [-161.556431, 59.80987], [-161.556457, 59.809889], [-161.556484, 59.809908], [-161.556511, 59.809926], [-161.556539, 59.809944], [-161.55657, 59.809964], [-161.556601, 59.809983], [-161.556634, 59.810004], [-161.556665, 59.810023], [-161.556699, 59.810044], [-161.556733, 59.810065], [-161.556769, 59.810086], [-161.556806, 59.810108], [-161.556844, 59.81013], [-161.556886, 59.810153], [-161.556929, 59.810176], [-161.556972, 59.810198], [-161.557017, 59.810221], [-161.557061, 59.810243], [-161.557104, 59.810264], [-161.557146, 59.810285], [-161.557187, 59.810304], [-161.557228, 59.810324], [-161.557269, 59.810343], [-161.557311, 59.810361], [-161.557354, 59.810379], [-161.5574, 59.810398], [-161.557446, 59.810417], [-161.557493, 59.810435], [-161.55754, 59.810452], [-161.557588, 59.81047], [-161.557635, 59.810486], [-161.557683, 59.810502], [-161.557731, 59.810518], [-161.55778, 59.810533], [-161.557826, 59.810546], [-161.557873, 59.81056], [-161.557918, 59.810572], [-161.557963, 59.810584], [-161.558006, 59.810594], [-161.558049, 59.810605], [-161.558092, 59.810615], [-161.558135, 59.810626], [-161.558176, 59.810635], [-161.558216, 59.810644], [-161.558258, 59.810653], [-161.558299, 59.810661], [-161.558341, 59.81067], [-161.558382, 59.810678], [-161.558427, 59.810687], [-161.558472, 59.810695], [-161.558517, 59.810703], [-161.558565, 59.810712], [-161.558617, 59.81072], [-161.558669, 59.810728], [-161.558725, 59.810736], [-161.558782, 59.810744], [-161.558839, 59.810752], [-161.558896, 59.81076], [-161.558951, 59.810768], [-161.559008, 59.810776], [-161.559065, 59.810785], [-161.559121, 59.810793], [-161.559178, 59.8108], [-161.559236, 59.810809], [-161.559292, 59.810816], [-161.559348, 59.810824], [-161.559404, 59.810831], [-161.559457, 59.810838], [-161.55951, 59.810845], [-161.559563, 59.810851], [-161.559616, 59.810858], [-161.559665, 59.810864], [-161.559718, 59.81087], [-161.559771, 59.810876], [-161.559821, 59.810881], [-161.559871, 59.810887], [-161.559924, 59.810892], [-161.559976, 59.810897], [-161.560029, 59.810902], [-161.560082, 59.810907], [-161.560134, 59.810912], [-161.560186, 59.810917], [-161.560235, 59.810922], [-161.560283, 59.810927], [-161.560334, 59.810932], [-161.560383, 59.810937], [-161.560431, 59.810943], [-161.560481, 59.810948], [-161.560532, 59.810953], [-161.56058, 59.810958], [-161.56063, 59.810963], [-161.560681, 59.810969], [-161.560731, 59.810974], [-161.560782, 59.810979], [-161.560834, 59.810985], [-161.560887, 59.810991], [-161.560937, 59.810996], [-161.560987, 59.811001], [-161.561037, 59.811007], [-161.561087, 59.811012], [-161.561137, 59.811018], [-161.56119, 59.811024], [-161.561242, 59.81103], [-161.561292, 59.811035], [-161.561343, 59.81104], [-161.561393, 59.811045], [-161.561444, 59.81105], [-161.561494, 59.811054], [-161.561547, 59.811059], [-161.561601, 59.811063], [-161.561651, 59.811067], [-161.561702, 59.811071], [-161.561752, 59.811075], [-161.561799, 59.811078], [-161.561847, 59.811082], [-161.561894, 59.811085], [-161.561939, 59.811088], [-161.561984, 59.811091], [-161.562029, 59.811093], [-161.562074, 59.811096], [-161.562118, 59.811098], [-161.562166, 59.8111], [-161.56221, 59.811101], [-161.562255, 59.811103], [-161.562297, 59.811104], [-161.562341, 59.811106], [-161.562385, 59.811107], [-161.562432, 59.811108], [-161.562476, 59.811109], [-161.562523, 59.81111], [-161.562564, 59.81111], [-161.562605, 59.811111], [-161.562644, 59.811111], [-161.562687, 59.811111], [-161.562728, 59.81111], [-161.562774, 59.81111], [-161.562818, 59.811109], [-161.562864, 59.811108], [-161.562908, 59.811106], [-161.562954, 59.811105], [-161.562997, 59.811103], [-161.563041, 59.811101], [-161.563082, 59.8111], [-161.563125, 59.811097], [-161.563166, 59.811095], [-161.563209, 59.811092], [-161.563252, 59.811089], [-161.563295, 59.811086], [-161.563336, 59.811082], [-161.563379, 59.811078], [-161.56342, 59.811073], [-161.56346, 59.811069], [-161.5635, 59.811064], [-161.563543, 59.811058], [-161.563582, 59.811053], [-161.563625, 59.811046], [-161.563666, 59.81104], [-161.56371, 59.811032], [-161.563752, 59.811025], [-161.563793, 59.811017], [-161.563834, 59.811009], [-161.563875, 59.811001], [-161.563916, 59.810992], [-161.563957, 59.810983], [-161.564, 59.810974], [-161.564043, 59.810964], [-161.564086, 59.810953], [-161.564129, 59.810943], [-161.564171, 59.810933], [-161.564214, 59.810922], [-161.564256, 59.810911], [-161.5643, 59.810899], [-161.564344, 59.810887], [-161.56439, 59.810874], [-161.564434, 59.810862], [-161.564477, 59.810849], [-161.56452, 59.810836], [-161.56456, 59.810824], [-161.5646, 59.810811], [-161.564641, 59.810797], [-161.564681, 59.810783], [-161.56472, 59.810769], [-161.56476, 59.810754], [-161.564799, 59.81074], [-161.564837, 59.810726], [-161.564876, 59.810711], [-161.564914, 59.810696], [-161.564949, 59.810682], [-161.564986, 59.810667], [-161.565022, 59.810651], [-161.565058, 59.810635], [-161.565094, 59.810619], [-161.565129, 59.810603], [-161.565163, 59.810586], [-161.565196, 59.81057], [-161.565229, 59.810553], [-161.565261, 59.810537], [-161.565293, 59.810519], [-161.565326, 59.810501], [-161.565359, 59.810481], [-161.565389, 59.810464], [-161.565421, 59.810445], [-161.565452, 59.810427], [-161.565482, 59.810409], [-161.565511, 59.810391], [-161.565544, 59.81037], [-161.565576, 59.810351], [-161.565607, 59.810332], [-161.56564, 59.810311], [-161.565674, 59.810291], [-161.565707, 59.81027], [-161.565744, 59.810247], [-161.565779, 59.810225], [-161.565815, 59.810203], [-161.565851, 59.810181], [-161.565887, 59.810159], [-161.565922, 59.810139], [-161.56596, 59.810118], [-161.565999, 59.810097], [-161.566038, 59.810077], [-161.566076, 59.810058], [-161.566115, 59.810041], [-161.566154, 59.810024], [-161.566196, 59.810006], [-161.566238, 59.80999], [-161.566281, 59.809974], [-161.566327, 59.809958], [-161.566373, 59.809942], [-161.566419, 59.809929], [-161.566465, 59.809916], [-161.566511, 59.809903], [-161.566556, 59.809892], [-161.566602, 59.809882], [-161.566646, 59.809872], [-161.56669, 59.809864], [-161.566734, 59.809855], [-161.566779, 59.809848], [-161.566821, 59.809841], [-161.566866, 59.809835], [-161.566911, 59.809829], [-161.566956, 59.809824], [-161.567001, 59.809819], [-161.567046, 59.809815], [-161.567092, 59.809812], [-161.567134, 59.80981], [-161.567177, 59.809807], [-161.567219, 59.809806], [-161.567264, 59.809804], [-161.567309, 59.809803], [-161.567354, 59.809802], [-161.567402, 59.809802], [-161.567449, 59.809802], [-161.567498, 59.809802], [-161.567545, 59.809803], [-161.567594, 59.809804], [-161.567641, 59.809805], [-161.567688, 59.809807], [-161.567732, 59.809809], [-161.567776, 59.809812], [-161.56782, 59.809814], [-161.567866, 59.809818], [-161.56791, 59.809821], [-161.567951, 59.809824], [-161.567993, 59.809827], [-161.568032, 59.809831], [-161.56807, 59.809834], [-161.568109, 59.809838], [-161.56815, 59.809842], [-161.568189, 59.809846], [-161.568227, 59.809851], [-161.568268, 59.809856], [-161.568306, 59.809861], [-161.568342, 59.809865], [-161.56838, 59.809871], [-161.56842, 59.809876], [-161.568456, 59.809881], [-161.568493, 59.809887], [-161.568531, 59.809892], [-161.568568, 59.809898], [-161.568603, 59.809903], [-161.568638, 59.809909], [-161.568675, 59.809915], [-161.568712, 59.809921], [-161.568751, 59.809928], [-161.56879, 59.809935], [-161.568827, 59.809941], [-161.568862, 59.809948], [-161.568896, 59.809955], [-161.56893, 59.809962], [-161.568961, 59.809969], [-161.568994, 59.809977], [-161.569027, 59.809985], [-161.569059, 59.809994], [-161.569089, 59.810002], [-161.569118, 59.810011], [-161.569148, 59.810019], [-161.569178, 59.810029], [-161.56921, 59.810039], [-161.569242, 59.81005], [-161.569279, 59.810063], [-161.569315, 59.810076], [-161.569352, 59.810089], [-161.569388, 59.810103], [-161.569425, 59.810117], [-161.569459, 59.810131], [-161.569491, 59.810143], [-161.569523, 59.810156], [-161.569555, 59.810169], [-161.569586, 59.810182], [-161.569616, 59.810194], [-161.569647, 59.810207], [-161.569679, 59.81022], [-161.569708, 59.810231], [-161.569734, 59.810243], [-161.569763, 59.810254], [-161.569792, 59.810266], [-161.569816, 59.810276], [-161.56984, 59.810286], [-161.569869, 59.810297], [-161.569895, 59.810308], [-161.569921, 59.810318], [-161.569952, 59.810331], [-161.569982, 59.810343], [-161.570012, 59.810355], [-161.570043, 59.810368], [-161.570073, 59.81038], [-161.570104, 59.810392], [-161.570134, 59.810404], [-161.570163, 59.810415], [-161.570194, 59.810427], [-161.570225, 59.810439], [-161.570254, 59.81045], [-161.570284, 59.810461], [-161.570313, 59.810472], [-161.570343, 59.810483], [-161.57037, 59.810493], [-161.570402, 59.810505], [-161.570434, 59.810516], [-161.570467, 59.810528], [-161.570501, 59.81054], [-161.570538, 59.810553], [-161.570573, 59.810565], [-161.570609, 59.810577], [-161.570644, 59.810589], [-161.570681, 59.810601], [-161.570717, 59.810613], [-161.570755, 59.810625], [-161.570792, 59.810636], [-161.57083, 59.810647], [-161.570869, 59.810659], [-161.570908, 59.810669], [-161.570949, 59.810681], [-161.570991, 59.810692], [-161.571036, 59.810703], [-161.571079, 59.810713], [-161.571125, 59.810723], [-161.571172, 59.810732], [-161.571218, 59.810742], [-161.571265, 59.81075], [-161.571312, 59.810759], [-161.57136, 59.810767], [-161.571405, 59.810774], [-161.571453, 59.810781], [-161.571498, 59.810787], [-161.571547, 59.810793], [-161.571593, 59.810798], [-161.571642, 59.810802], [-161.571688, 59.810806], [-161.571737, 59.81081], [-161.571784, 59.810813], [-161.57183, 59.810815], [-161.571874, 59.810816], [-161.571917, 59.810818], [-161.571956, 59.810818], [-161.571994, 59.810818], [-161.572032, 59.810818], [-161.572072, 59.810818], [-161.572113, 59.810816], [-161.572156, 59.810815], [-161.5722, 59.810813], [-161.572246, 59.81081], [-161.572287, 59.810807], [-161.572328, 59.810804], [-161.572369, 59.8108], [-161.57241, 59.810796], [-161.572451, 59.810792], [-161.572492, 59.810787], [-161.572536, 59.810782], [-161.572577, 59.810776], [-161.572621, 59.81077], [-161.572662, 59.810764], [-161.572706, 59.810758], [-161.57275, 59.810751], [-161.572799, 59.810742], [-161.572849, 59.810733], [-161.572898, 59.810725], [-161.572953, 59.810714], [-161.573005, 59.810704], [-161.573057, 59.810695], [-161.573106, 59.810685], [-161.573153, 59.810676], [-161.573194, 59.810668], [-161.573235, 59.81066], [-161.573273, 59.810653], [-161.573309, 59.810646], [-161.573348, 59.810639], [-161.573387, 59.810632], [-161.573426, 59.810625], [-161.573469, 59.810617], [-161.573513, 59.810609], [-161.573558, 59.810602], [-161.573602, 59.810594], [-161.573649, 59.810586], [-161.573693, 59.810579], [-161.573737, 59.810571], [-161.573781, 59.810564], [-161.573828, 59.810556], [-161.573869, 59.810549], [-161.573914, 59.810543], [-161.573958, 59.810536], [-161.574002, 59.81053], [-161.574043, 59.810524], [-161.574084, 59.810518], [-161.574406, 59.810507], [-161.574727, 59.810497], [-161.575051, 59.810489], [-161.575375, 59.810482], [-161.575704, 59.810477], [-161.575752, 59.810479], [-161.575802, 59.810481], [-161.575852, 59.810483], [-161.575905, 59.810485], [-161.575957, 59.810486], [-161.576007, 59.810487], [-161.576057, 59.810488], [-161.576107, 59.810489], [-161.576157, 59.810489], [-161.576207, 59.810489], [-161.576259, 59.810489], [-161.576312, 59.810489], [-161.576365, 59.810489], [-161.576419, 59.810488], [-161.576472, 59.810488], [-161.576526, 59.810487], [-161.57658, 59.810487], [-161.576634, 59.810486], [-161.576686, 59.810485], [-161.576737, 59.810484], [-161.576786, 59.810483], [-161.576835, 59.810482], [-161.576882, 59.810481], [-161.576931, 59.81048], [-161.576977, 59.810479], [-161.577027, 59.810477], [-161.577074, 59.810476], [-161.577123, 59.810474], [-161.577173, 59.810472], [-161.577223, 59.810471], [-161.577273, 59.810469], [-161.577323, 59.810466], [-161.577368, 59.810465], [-161.577413, 59.810463], [-161.577457, 59.810461], [-161.577502, 59.810459], [-161.577547, 59.810457], [-161.577594, 59.810455], [-161.577642, 59.810453], [-161.57769, 59.810451], [-161.577736, 59.810449], [-161.577784, 59.810448], [-161.577833, 59.810446], [-161.577882, 59.810444], [-161.57793, 59.810442], [-161.577985, 59.810441], [-161.578037, 59.810439], [-161.578089, 59.810438], [-161.578141, 59.810436], [-161.578193, 59.810435], [-161.578242, 59.810434], [-161.578294, 59.810432], [-161.578346, 59.81043], [-161.578398, 59.810428], [-161.578452, 59.810425], [-161.578504, 59.810422], [-161.578559, 59.810419], [-161.578613, 59.810416], [-161.578667, 59.810412], [-161.578719, 59.810408], [-161.578773, 59.810404], [-161.57882, 59.8104], [-161.57887, 59.810395], [-161.578917, 59.81039], [-161.578963, 59.810385], [-161.579009, 59.810379], [-161.579052, 59.810373], [-161.579092, 59.810367], [-161.579134, 59.81036], [-161.579176, 59.810353], [-161.579215, 59.810346], [-161.579257, 59.810339], [-161.579298, 59.810331], [-161.579335, 59.810324], [-161.579372, 59.810316], [-161.579408, 59.810307], [-161.579443, 59.810299], [-161.579475, 59.81029], [-161.579507, 59.810281], [-161.579535, 59.810272], [-161.579563, 59.810262], [-161.579592, 59.810252], [-161.579621, 59.810241], [-161.579649, 59.81023], [-161.57968, 59.810217], [-161.579709, 59.810205], [-161.579737, 59.810192], [-161.579767, 59.810178], [-161.579796, 59.810164], [-161.579824, 59.810149], [-161.579851, 59.810134], [-161.579877, 59.810118], [-161.5799, 59.810103], [-161.579922, 59.810087], [-161.579942, 59.810071], [-161.579963, 59.810054], [-161.579981, 59.810037], [-161.579999, 59.810019], [-161.580015, 59.810001], [-161.58003, 59.809983], [-161.580042, 59.809965], [-161.580053, 59.809949], [-161.580063, 59.80993], [-161.580072, 59.809913], [-161.58008, 59.809894], [-161.580087, 59.809874], [-161.580093, 59.809851], [-161.580098, 59.809829], [-161.580101, 59.809804], [-161.580101, 59.809778], [-161.580101, 59.809753], [-161.580099, 59.809728], [-161.580096, 59.809701], [-161.580092, 59.809674], [-161.580088, 59.809645], [-161.580083, 59.809614], [-161.580078, 59.809584], [-161.580072, 59.809555], [-161.580067, 59.809524], [-161.580063, 59.809496], [-161.580059, 59.809467], [-161.580055, 59.809438], [-161.580052, 59.809408], [-161.580049, 59.809378], [-161.580047, 59.809348], [-161.580046, 59.809318], [-161.580046, 59.809284], [-161.580048, 59.80925], [-161.580052, 59.809217], [-161.580058, 59.809185], [-161.580066, 59.809153], [-161.580074, 59.809124], [-161.580085, 59.809095], [-161.580096, 59.809068], [-161.580109, 59.809039], [-161.580124, 59.809012], [-161.58014, 59.808984], [-161.580158, 59.808956], [-161.580178, 59.808927], [-161.580199, 59.808898], [-161.580221, 59.808867], [-161.580244, 59.808838], [-161.580268, 59.808809], [-161.580294, 59.808779], [-161.580321, 59.808751], [-161.580349, 59.808723], [-161.580379, 59.808695], [-161.580411, 59.808667], [-161.580443, 59.808641], [-161.58048, 59.808613], [-161.580516, 59.808587], [-161.580554, 59.808562], [-161.58059, 59.808538], [-161.580627, 59.808515], [-161.58066, 59.808495], [-161.580697, 59.808474], [-161.580734, 59.808453], [-161.580773, 59.808432], [-161.580812, 59.808413], [-161.580852, 59.808393], [-161.580894, 59.808373], [-161.580934, 59.808355], [-161.580972, 59.808339], [-161.581011, 59.808323], [-161.581048, 59.808308], [-161.581081, 59.808296], [-161.581113, 59.808285], [-161.581146, 59.808274], [-161.581179, 59.808263], [-161.58121, 59.808253], [-161.581243, 59.808243], [-161.581276, 59.808233], [-161.58131, 59.808224], [-161.581343, 59.808215], [-161.581379, 59.808205], [-161.581415, 59.808196], [-161.58145, 59.808187], [-161.581484, 59.808179], [-161.581517, 59.808171], [-161.581551, 59.808163], [-161.581584, 59.808155], [-161.581617, 59.808148], [-161.581655, 59.80814], [-161.581691, 59.808132], [-161.581727, 59.808125], [-161.581763, 59.808118], [-161.581798, 59.808111], [-161.581832, 59.808105], [-161.581868, 59.808099], [-161.581904, 59.808094], [-161.58194, 59.808088], [-161.581976, 59.808083], [-161.582011, 59.808077], [-161.582047, 59.808072], [-161.582083, 59.808067], [-161.582118, 59.808062], [-161.582154, 59.808057], [-161.58219, 59.808053], [-161.582225, 59.808048], [-161.582261, 59.808044], [-161.582296, 59.80804], [-161.582332, 59.808036], [-161.582367, 59.808032], [-161.582402, 59.808029], [-161.582437, 59.808026], [-161.582469, 59.808024], [-161.582501, 59.808021], [-161.582533, 59.808019], [-161.582564, 59.808017], [-161.582596, 59.808015], [-161.58263, 59.808014], [-161.582661, 59.808012], [-161.582693, 59.808011], [-161.582725, 59.808011], [-161.58276, 59.808011], [-161.582795, 59.808011], [-161.582835, 59.808013], [-161.582879, 59.808014], [-161.582926, 59.808016], [-161.582973, 59.808019], [-161.583026, 59.808021], [-161.583082, 59.808024], [-161.583138, 59.808027], [-161.583195, 59.808029], [-161.583253, 59.808032], [-161.583306, 59.808034], [-161.583356, 59.808036], [-161.583407, 59.808039], [-161.583457, 59.808041], [-161.583506, 59.808043], [-161.58356, 59.808046], [-161.583612, 59.808049], [-161.583664, 59.808052], [-161.583714, 59.808055], [-161.583765, 59.808058], [-161.583813, 59.808061], [-161.583861, 59.808064], [-161.583909, 59.808067], [-161.583961, 59.80807], [-161.584013, 59.808073], [-161.584064, 59.808076], [-161.584116, 59.808079], [-161.584169, 59.808081], [-161.584218, 59.808083], [-161.584268, 59.808084], [-161.584317, 59.808084], [-161.584369, 59.808085], [-161.584419, 59.808084], [-161.584471, 59.808083], [-161.584527, 59.808081], [-161.584579, 59.808078], [-161.584632, 59.808075], [-161.584687, 59.808071], [-161.584742, 59.808066], [-161.584796, 59.80806], [-161.584857, 59.808052], [-161.584916, 59.808043], [-161.584976, 59.808033], [-161.585032, 59.808022], [-161.585088, 59.808011], [-161.58514, 59.807999], [-161.58519, 59.807986], [-161.58524, 59.807971], [-161.585292, 59.807955], [-161.585339, 59.80794], [-161.585385, 59.807923], [-161.585427, 59.807906], [-161.585464, 59.80789], [-161.5855, 59.807873], [-161.585533, 59.807855], [-161.585563, 59.807838], [-161.585591, 59.80782], [-161.585617, 59.807804], [-161.58564, 59.807787], [-161.585661, 59.807771], [-161.585681, 59.807755], [-161.585699, 59.80774], [-161.585717, 59.807724], [-161.585734, 59.807709], [-161.585751, 59.807693], [-161.585766, 59.807678], [-161.585783, 59.807662], [-161.585799, 59.807645], [-161.585814, 59.807628], [-161.585829, 59.807613], [-161.585844, 59.807596], [-161.585858, 59.807579], [-161.585872, 59.807561], [-161.585886, 59.807544], [-161.585899, 59.807525], [-161.585911, 59.807507], [-161.585923, 59.807488], [-161.585933, 59.807469], [-161.585943, 59.807451], [-161.585953, 59.807432], [-161.585962, 59.807413], [-161.58597, 59.807396], [-161.585978, 59.807379], [-161.585986, 59.807362], [-161.585993, 59.807345], [-161.585999, 59.807328], [-161.586005, 59.807309], [-161.58601, 59.80729], [-161.586014, 59.80727], [-161.586018, 59.80725], [-161.586021, 59.807228], [-161.586024, 59.807208], [-161.586025, 59.807189], [-161.586026, 59.807169], [-161.586026, 59.807151], [-161.586026, 59.807133], [-161.586025, 59.807113], [-161.586023, 59.807093], [-161.586021, 59.807074], [-161.586018, 59.807052], [-161.586015, 59.807028], [-161.586012, 59.807004], [-161.586009, 59.80698], [-161.586005, 59.806953], [-161.586002, 59.806925], [-161.585998, 59.806897], [-161.585995, 59.806869], [-161.585991, 59.806841], [-161.585988, 59.806813], [-161.585984, 59.806784], [-161.585981, 59.806756], [-161.585978, 59.806727], [-161.585975, 59.806697], [-161.585972, 59.806667], [-161.585969, 59.806638], [-161.585965, 59.80661], [-161.585961, 59.806581], [-161.585956, 59.806552], [-161.585952, 59.806525], [-161.585946, 59.806496], [-161.58594, 59.806466], [-161.585934, 59.806438], [-161.585928, 59.80641], [-161.585919, 59.806379], [-161.585911, 59.806349], [-161.585902, 59.80632], [-161.585893, 59.80629], [-161.585884, 59.80626], [-161.585874, 59.806231], [-161.585864, 59.806203], [-161.585854, 59.806174], [-161.585843, 59.806144], [-161.585832, 59.806115], [-161.585822, 59.806088], [-161.585811, 59.806059], [-161.585802, 59.806032], [-161.585791, 59.806004], [-161.585779, 59.805974], [-161.585768, 59.805945], [-161.585756, 59.805915], [-161.585743, 59.805884], [-161.58573, 59.805854], [-161.585719, 59.805826], [-161.585707, 59.805797], [-161.585696, 59.805769], [-161.585685, 59.805742], [-161.585674, 59.805714], [-161.585663, 59.805687], [-161.585652, 59.80566], [-161.58564, 59.805631], [-161.585628, 59.805604], [-161.585616, 59.805577], [-161.585605, 59.805551], [-161.585593, 59.805524], [-161.585581, 59.805497], [-161.585569, 59.805469], [-161.585558, 59.805443], [-161.585546, 59.805415], [-161.585536, 59.805389], [-161.585526, 59.805362], [-161.585517, 59.805336], [-161.585508, 59.805308], [-161.5855, 59.805281], [-161.585492, 59.805253], [-161.585484, 59.805225], [-161.585476, 59.805198], [-161.585469, 59.805172], [-161.585461, 59.805144], [-161.585453, 59.805117], [-161.585445, 59.80509], [-161.585437, 59.805062], [-161.585429, 59.805033], [-161.585422, 59.805005], [-161.585414, 59.804977], [-161.585408, 59.804948], [-161.585401, 59.80492], [-161.585396, 59.804893], [-161.585391, 59.804867], [-161.585386, 59.80484], [-161.585382, 59.804814], [-161.585378, 59.804789], [-161.585375, 59.804762], [-161.585373, 59.804736], [-161.585372, 59.804707], [-161.585372, 59.804681], [-161.585372, 59.804653], [-161.585374, 59.804625], [-161.585377, 59.804598], [-161.58538, 59.804572], [-161.585385, 59.804544], [-161.585389, 59.804518], [-161.585396, 59.80449], [-161.585403, 59.804461], [-161.585411, 59.804432], [-161.58542, 59.804403], [-161.585431, 59.804373], [-161.585442, 59.804346], [-161.585454, 59.804318], [-161.585467, 59.80429], [-161.585481, 59.804262], [-161.585497, 59.804233], [-161.585514, 59.804206], [-161.585532, 59.804179], [-161.585552, 59.804152], [-161.585573, 59.804126], [-161.585595, 59.804102], [-161.58562, 59.804077], [-161.585647, 59.804052], [-161.585832, 59.803992], [-161.58602, 59.803938], [-161.586215, 59.803887], [-161.586414, 59.803842], [-161.586617, 59.803802], [-161.586668, 59.803804], [-161.586722, 59.803806], [-161.586774, 59.803809], [-161.586825, 59.803813], [-161.586874, 59.803817], [-161.586924, 59.803822], [-161.586973, 59.803827], [-161.587023, 59.803832], [-161.587073, 59.803837], [-161.587123, 59.803843], [-161.587172, 59.803848], [-161.58722, 59.803852], [-161.587269, 59.803857], [-161.587319, 59.803862], [-161.587368, 59.803866], [-161.587421, 59.803871], [-161.587473, 59.803877], [-161.587529, 59.803882], [-161.587584, 59.803888], [-161.58764, 59.803894], [-161.587695, 59.803901], [-161.58775, 59.803908], [-161.587804, 59.803915], [-161.587855, 59.803922], [-161.587908, 59.80393], [-161.587958, 59.803939], [-161.588008, 59.803947], [-161.588055, 59.803956], [-161.588104, 59.803965], [-161.58815, 59.803975], [-161.588195, 59.803984], [-161.588241, 59.803994], [-161.588286, 59.804004], [-161.588331, 59.804014], [-161.588376, 59.804023], [-161.588424, 59.804034], [-161.588468, 59.804044], [-161.588516, 59.804055], [-161.588562, 59.804066], [-161.588611, 59.804078], [-161.588657, 59.80409], [-161.588703, 59.804102], [-161.588748, 59.804114], [-161.58879, 59.804126], [-161.588832, 59.804138], [-161.588874, 59.80415], [-161.588917, 59.804161], [-161.588959, 59.804173], [-161.589001, 59.804185], [-161.589043, 59.804197], [-161.589085, 59.80421], [-161.589126, 59.804223], [-161.589167, 59.804236], [-161.589208, 59.804249], [-161.589248, 59.804262], [-161.589288, 59.804276], [-161.589328, 59.80429], [-161.589367, 59.804305], [-161.589407, 59.804319], [-161.589446, 59.804334], [-161.589484, 59.80435], [-161.589527, 59.804367], [-161.589569, 59.804385], [-161.589611, 59.804404], [-161.589652, 59.804422], [-161.589695, 59.804443], [-161.589735, 59.804462], [-161.589773, 59.804481], [-161.589814, 59.8045], [-161.589852, 59.804519], [-161.58989, 59.804539], [-161.589925, 59.804557], [-161.589961, 59.804577], [-161.589995, 59.804596], [-161.590029, 59.804615], [-161.590062, 59.804634], [-161.590095, 59.804654], [-161.590128, 59.804673], [-161.590163, 59.804694], [-161.590197, 59.804716], [-161.59023, 59.804737], [-161.590263, 59.804759], [-161.590294, 59.80478], [-161.590323, 59.804801], [-161.590353, 59.804822], [-161.59038, 59.804841], [-161.590407, 59.804861], [-161.590435, 59.804882], [-161.590462, 59.804902], [-161.590489, 59.804922], [-161.590518, 59.804943], [-161.590549, 59.804964], [-161.59058, 59.804986], [-161.590612, 59.805008], [-161.590644, 59.805029], [-161.590677, 59.80505], [-161.590709, 59.805069], [-161.59074, 59.805087], [-161.590772, 59.805106], [-161.590808, 59.805126], [-161.590841, 59.805145], [-161.590878, 59.805164], [-161.590916, 59.805184], [-161.590954, 59.805203], [-161.590993, 59.805221], [-161.591034, 59.805241], [-161.591074, 59.805259], [-161.591118, 59.805278], [-161.591164, 59.805297], [-161.591209, 59.805315], [-161.591255, 59.805332], [-161.591305, 59.80535], [-161.591353, 59.805366], [-161.591402, 59.805381], [-161.591455, 59.805397], [-161.591508, 59.805412], [-161.591562, 59.805426], [-161.59162, 59.80544], [-161.591678, 59.805454], [-161.591734, 59.805466], [-161.59179, 59.805478], [-161.591847, 59.805488], [-161.591898, 59.805497], [-161.59195, 59.805505], [-161.592005, 59.805512], [-161.592057, 59.805519], [-161.592107, 59.805525], [-161.592162, 59.80553], [-161.592217, 59.805534], [-161.592269, 59.805538], [-161.592322, 59.80554], [-161.592377, 59.805542], [-161.592426, 59.805543], [-161.592476, 59.805543], [-161.592528, 59.805543], [-161.59258, 59.805542], [-161.592632, 59.80554], [-161.592684, 59.805538], [-161.592733, 59.805535], [-161.592782, 59.805531], [-161.59283, 59.805527], [-161.592878, 59.805522], [-161.592925, 59.805517], [-161.592975, 59.80551], [-161.593022, 59.805503], [-161.593069, 59.805496], [-161.593112, 59.805489], [-161.593155, 59.805481], [-161.5932, 59.805472], [-161.593242, 59.805464], [-161.593284, 59.805455], [-161.593328, 59.805444], [-161.593372, 59.805434], [-161.59341, 59.805424], [-161.59345, 59.805414], [-161.593491, 59.805403], [-161.593528, 59.805393], [-161.593568, 59.805382], [-161.593611, 59.805369], [-161.593652, 59.805357], [-161.593694, 59.805343], [-161.593737, 59.805329], [-161.593778, 59.805315], [-161.593819, 59.8053], [-161.593862, 59.805285], [-161.59391, 59.805267], [-161.593956, 59.80525], [-161.594004, 59.805231], [-161.594051, 59.805213], [-161.594098, 59.805194], [-161.594141, 59.805175], [-161.594187, 59.805155], [-161.59423, 59.805136], [-161.594274, 59.805117], [-161.594317, 59.805097], [-161.594357, 59.805079], [-161.594401, 59.80506], [-161.594444, 59.80504], [-161.594487, 59.805021], [-161.594528, 59.805002], [-161.594571, 59.804983], [-161.594613, 59.804964], [-161.594654, 59.804945], [-161.594694, 59.804928], [-161.594736, 59.804909], [-161.594775, 59.804892], [-161.594815, 59.804875], [-161.594858, 59.804856], [-161.594901, 59.804838], [-161.594944, 59.80482], [-161.594987, 59.804802], [-161.595028, 59.804785], [-161.595069, 59.804769], [-161.595111, 59.804754], [-161.595151, 59.804739], [-161.595192, 59.804724], [-161.595234, 59.80471], [-161.595277, 59.804696], [-161.595321, 59.804681], [-161.595366, 59.804666], [-161.59541, 59.804652], [-161.595457, 59.804637], [-161.595501, 59.804623], [-161.595543, 59.80461], [-161.595585, 59.804597], [-161.595628, 59.804585], [-161.595668, 59.804573], [-161.595708, 59.804562], [-161.595748, 59.804552], [-161.595788, 59.804541], [-161.595826, 59.804532], [-161.595863, 59.804522], [-161.595904, 59.804513], [-161.595944, 59.804503], [-161.595988, 59.804494], [-161.596032, 59.804485], [-161.596076, 59.804475], [-161.59612, 59.804467], [-161.596165, 59.804458], [-161.596207, 59.804451], [-161.596253, 59.804443], [-161.596299, 59.804436], [-161.596345, 59.804428], [-161.596391, 59.804422], [-161.596444, 59.804415], [-161.596494, 59.804409], [-161.596547, 59.804403], [-161.596601, 59.804398], [-161.596654, 59.804393], [-161.596705, 59.80439], [-161.596756, 59.804386], [-161.596808, 59.804384], [-161.596862, 59.804382], [-161.596919, 59.80438], [-161.596977, 59.804379], [-161.59704, 59.804379], [-161.597103, 59.804379], [-161.597163, 59.80438], [-161.597223, 59.804382], [-161.597283, 59.804385], [-161.59734, 59.804388], [-161.597397, 59.804392], [-161.597454, 59.804397], [-161.597511, 59.804403], [-161.59757, 59.804409], [-161.59763, 59.804416], [-161.597689, 59.804424], [-161.597748, 59.804432], [-161.597808, 59.80444], [-161.597864, 59.804449], [-161.597921, 59.804458], [-161.597975, 59.804466], [-161.598029, 59.804475], [-161.598083, 59.804485], [-161.598136, 59.804495], [-161.598189, 59.804506], [-161.598245, 59.804517], [-161.5983, 59.804529], [-161.598355, 59.804541], [-161.598407, 59.804552], [-161.598458, 59.804564], [-161.59851, 59.804576], [-161.598562, 59.804588], [-161.598614, 59.8046], [-161.598666, 59.804612], [-161.598718, 59.804625], [-161.59877, 59.804637], [-161.598821, 59.804649], [-161.598873, 59.804662], [-161.598926, 59.804676], [-161.598977, 59.804689], [-161.599027, 59.804703], [-161.599077, 59.804716], [-161.599127, 59.80473], [-161.599175, 59.804743], [-161.599225, 59.804756], [-161.599275, 59.80477], [-161.599325, 59.804784], [-161.599374, 59.804798], [-161.599423, 59.804812], [-161.599472, 59.804827], [-161.59952, 59.804841], [-161.599568, 59.804856], [-161.599614, 59.80487], [-161.599661, 59.804884], [-161.599709, 59.804899], [-161.599754, 59.804913], [-161.599798, 59.804928], [-161.599844, 59.804943], [-161.599888, 59.804958], [-161.599931, 59.804974], [-161.599973, 59.804989], [-161.600016, 59.805005], [-161.600058, 59.805021], [-161.600102, 59.805039], [-161.600143, 59.805056], [-161.600187, 59.805074], [-161.600227, 59.805091], [-161.600267, 59.805109], [-161.600306, 59.805128], [-161.600345, 59.805146], [-161.600383, 59.805165], [-161.600421, 59.805184], [-161.600458, 59.805203], [-161.600495, 59.805222], [-161.600532, 59.805242], [-161.600566, 59.805261], [-161.600603, 59.80528], [-161.600637, 59.805299], [-161.60067, 59.805319], [-161.600702, 59.805338], [-161.600735, 59.805358], [-161.600764, 59.805377], [-161.600794, 59.805396], [-161.600821, 59.805415], [-161.600848, 59.805434], [-161.600872, 59.80545], [-161.600898, 59.805469], [-161.600923, 59.805486], [-161.600948, 59.805504], [-161.600973, 59.805521], [-161.600998, 59.80554], [-161.601024, 59.805559], [-161.601047, 59.805577], [-161.601071, 59.805596], [-161.601093, 59.805614], [-161.601115, 59.805632], [-161.601136, 59.80565], [-161.601158, 59.805669], [-161.601179, 59.805686], [-161.601201, 59.805705], [-161.601222, 59.805724], [-161.601243, 59.805741], [-161.601261, 59.805757], [-161.60128, 59.805773], [-161.601299, 59.805789], [-161.601316, 59.805803], [-161.601333, 59.805818], [-161.601352, 59.805834], [-161.601371, 59.80585], [-161.60139, 59.805867], [-161.60141, 59.805884], [-161.601429, 59.8059], [-161.601448, 59.805916], [-161.601467, 59.805933], [-161.601485, 59.805948], [-161.601504, 59.805964], [-161.601523, 59.80598], [-161.601542, 59.805996], [-161.601559, 59.806011], [-161.601577, 59.806028], [-161.601596, 59.806044], [-161.601614, 59.80606], [-161.60163, 59.806076], [-161.601647, 59.806091], [-161.601663, 59.806107], [-161.60168, 59.806122], [-161.601697, 59.806138], [-161.601713, 59.806154], [-161.60173, 59.80617], [-161.601746, 59.806186], [-161.601763, 59.806202], [-161.601779, 59.806218], [-161.601795, 59.806234], [-161.601811, 59.806251], [-161.601827, 59.806267], [-161.601842, 59.806283], [-161.601857, 59.806298], [-161.601872, 59.806315], [-161.601887, 59.806331], [-161.601902, 59.806348], [-161.601916, 59.806363], [-161.601931, 59.80638], [-161.601946, 59.806395], [-161.60196, 59.80641], [-161.601974, 59.806425], [-161.60199, 59.806442], [-161.602006, 59.806458], [-161.602022, 59.806476], [-161.602037, 59.806491], [-161.602051, 59.806507], [-161.602066, 59.806522], [-161.602081, 59.806537], [-161.602095, 59.806551], [-161.602111, 59.806568], [-161.602127, 59.806584], [-161.602144, 59.8066], [-161.60216, 59.806616], [-161.602178, 59.806634], [-161.602196, 59.806651], [-161.602213, 59.806667], [-161.60223, 59.806683], [-161.602248, 59.806699], [-161.602266, 59.806714], [-161.602285, 59.806731], [-161.602305, 59.806748], [-161.602325, 59.806764], [-161.602345, 59.806781], [-161.602364, 59.806796], [-161.602383, 59.806809], [-161.602403, 59.806824], [-161.602424, 59.806838], [-161.602445, 59.806853], [-161.602468, 59.806868], [-161.602491, 59.806883], [-161.602515, 59.806899], [-161.60254, 59.806914], [-161.602564, 59.80693], [-161.602589, 59.806945], [-161.602615, 59.80696], [-161.602643, 59.806977], [-161.602671, 59.806992], [-161.6027, 59.807008], [-161.602732, 59.807024], [-161.602765, 59.80704], [-161.602799, 59.807056], [-161.602835, 59.807074], [-161.602874, 59.807092], [-161.602912, 59.807109], [-161.602952, 59.807127], [-161.602991, 59.807144], [-161.603031, 59.807161], [-161.603141, 59.807196], [-161.603252, 59.807231], [-161.603369, 59.807264], [-161.603486, 59.807296], [-161.603606, 59.807326], [-161.603657, 59.807335], [-161.603709, 59.807342], [-161.603758, 59.807349], [-161.603813, 59.807354], [-161.603866, 59.807359], [-161.603919, 59.807362], [-161.603975, 59.807365], [-161.604031, 59.807366], [-161.604085, 59.807366], [-161.604141, 59.807365], [-161.604195, 59.807363], [-161.604248, 59.80736], [-161.604299, 59.807356], [-161.604349, 59.807351], [-161.604401, 59.807345], [-161.604453, 59.807338], [-161.604505, 59.80733], [-161.604558, 59.80732], [-161.604608, 59.80731], [-161.604656, 59.8073], [-161.604705, 59.807288], [-161.604753, 59.807276], [-161.604801, 59.807262], [-161.604852, 59.807246], [-161.604901, 59.807229], [-161.604945, 59.807212], [-161.604988, 59.807193], [-161.605027, 59.807173], [-161.605062, 59.807153], [-161.605094, 59.807132], [-161.605126, 59.807109], [-161.605154, 59.807086], [-161.60518, 59.807062], [-161.605205, 59.807037], [-161.605228, 59.807011], [-161.60525, 59.806985], [-161.605271, 59.806957], [-161.605291, 59.806931], [-161.605309, 59.806904], [-161.605326, 59.806876], [-161.605341, 59.80685], [-161.605356, 59.806824], [-161.605369, 59.806797], [-161.605381, 59.806771], [-161.605392, 59.806745], [-161.605403, 59.806718], [-161.605412, 59.806693], [-161.605422, 59.806664], [-161.60543, 59.806637], [-161.605438, 59.80661], [-161.605446, 59.806582], [-161.605454, 59.806554], [-161.605462, 59.806528], [-161.60547, 59.806502], [-161.605479, 59.806475], [-161.605489, 59.806448], [-161.6055, 59.806421], [-161.605511, 59.806394], [-161.605522, 59.806367], [-161.605532, 59.806342], [-161.605543, 59.806318], [-161.605554, 59.806292], [-161.605565, 59.806267], [-161.605578, 59.806239], [-161.605592, 59.806211], [-161.605607, 59.806182], [-161.605622, 59.806153], [-161.605639, 59.806125], [-161.605656, 59.806096], [-161.605674, 59.806067], [-161.605694, 59.806037], [-161.605714, 59.806006], [-161.605735, 59.805977], [-161.605756, 59.805948], [-161.605779, 59.805919], [-161.605804, 59.80589], [-161.605828, 59.805863], [-161.605855, 59.805833], [-161.605883, 59.805804], [-161.605912, 59.805775], [-161.605943, 59.805746], [-161.605974, 59.805717], [-161.606004, 59.805691], [-161.606036, 59.805665], [-161.606068, 59.80564], [-161.606099, 59.805617], [-161.606134, 59.805591], [-161.606168, 59.805568], [-161.606203, 59.805545], [-161.606236, 59.805523], [-161.606272, 59.8055], [-161.606305, 59.805479], [-161.60634, 59.805457], [-161.606373, 59.805437], [-161.606408, 59.805415], [-161.60644, 59.805396], [-161.606473, 59.805376], [-161.606505, 59.805358], [-161.60654, 59.805339], [-161.606573, 59.805321], [-161.606606, 59.805303], [-161.60664, 59.805285], [-161.606675, 59.805268], [-161.60671, 59.805252], [-161.606747, 59.805235], [-161.606786, 59.805218], [-161.606823, 59.805202], [-161.606862, 59.805186], [-161.6069, 59.805171], [-161.606939, 59.805154], [-161.606979, 59.805138], [-161.607021, 59.805121], [-161.607061, 59.805105], [-161.607104, 59.805088], [-161.607145, 59.805072], [-161.607186, 59.805056], [-161.607225, 59.805041], [-161.607266, 59.805025], [-161.607311, 59.805009], [-161.607356, 59.804992], [-161.607401, 59.804976], [-161.607448, 59.804959], [-161.607494, 59.804942], [-161.607538, 59.804927], [-161.607585, 59.804911], [-161.607631, 59.804896], [-161.607676, 59.804881], [-161.607723, 59.804866], [-161.607771, 59.804851], [-161.607816, 59.804836], [-161.607861, 59.804822], [-161.607906, 59.804809], [-161.607952, 59.804795], [-161.607995, 59.804783], [-161.608041, 59.80477], [-161.608085, 59.804758], [-161.608131, 59.804745], [-161.60818, 59.804732], [-161.608229, 59.804719], [-161.608279, 59.804705], [-161.608329, 59.804692], [-161.608382, 59.804678], [-161.608431, 59.804666], [-161.608483, 59.804653], [-161.608532, 59.804641], [-161.608584, 59.804628], [-161.608633, 59.804616], [-161.608682, 59.804604], [-161.60873, 59.804593], [-161.608779, 59.80458], [-161.608828, 59.804568], [-161.608874, 59.804556], [-161.608922, 59.804544], [-161.608968, 59.804532], [-161.609013, 59.804519], [-161.609058, 59.804507], [-161.609102, 59.804494], [-161.609147, 59.804481], [-161.609192, 59.804469], [-161.609237, 59.804456], [-161.609285, 59.804442], [-161.609333, 59.804428], [-161.60938, 59.804414], [-161.609428, 59.804399], [-161.609477, 59.804384], [-161.609521, 59.804369], [-161.609568, 59.804354], [-161.609611, 59.80434], [-161.609657, 59.804324], [-161.6097, 59.804309], [-161.609746, 59.804293], [-161.609789, 59.804278], [-161.609834, 59.804261], [-161.609876, 59.804246], [-161.609921, 59.804229], [-161.609962, 59.804214], [-161.610006, 59.804197], [-161.61005, 59.80418], [-161.610096, 59.804162], [-161.610139, 59.804145], [-161.610182, 59.804129], [-161.610223, 59.804113], [-161.610263, 59.804097], [-161.610301, 59.804082], [-161.610338, 59.804067], [-161.610377, 59.804051], [-161.610416, 59.804035], [-161.610455, 59.804019], [-161.610493, 59.804003], [-161.610531, 59.803986], [-161.610567, 59.80397], [-161.610605, 59.803954], [-161.610639, 59.803939], [-161.610674, 59.803924], [-161.610709, 59.803908], [-161.610744, 59.803893], [-161.610777, 59.803878], [-161.610811, 59.803863], [-161.610843, 59.803849], [-161.610873, 59.803835], [-161.610905, 59.803821], [-161.610936, 59.803807], [-161.610966, 59.803794], [-161.610995, 59.803781], [-161.611026, 59.803767], [-161.611056, 59.803753], [-161.611085, 59.80374], [-161.611114, 59.803727], [-161.611145, 59.803714], [-161.611174, 59.803701], [-161.611203, 59.803688], [-161.611232, 59.803675], [-161.611262, 59.803661], [-161.61129, 59.803648], [-161.61132, 59.803634], [-161.611349, 59.80362], [-161.611379, 59.803606], [-161.611408, 59.803592], [-161.611437, 59.803578], [-161.611467, 59.803564], [-161.611497, 59.803549], [-161.611526, 59.803535], [-161.611554, 59.803521], [-161.611585, 59.803505], [-161.611615, 59.80349], [-161.611641, 59.803477], [-161.611669, 59.803463], [-161.611696, 59.803448], [-161.611724, 59.803434], [-161.611751, 59.803419], [-161.611779, 59.803405], [-161.611806, 59.80339], [-161.611834, 59.803375], [-161.61186, 59.803361], [-161.611886, 59.803348], [-161.611916, 59.803332], [-161.611946, 59.803316], [-161.611976, 59.803299], [-161.612008, 59.803282], [-161.61204, 59.803265], [-161.61207, 59.803248], [-161.612103, 59.803231], [-161.612136, 59.803213], [-161.612168, 59.803195], [-161.612201, 59.803178], [-161.612235, 59.80316], [-161.612268, 59.803143], [-161.612302, 59.803125], [-161.612336, 59.803108], [-161.612371, 59.80309], [-161.612408, 59.803071], [-161.612443, 59.803054], [-161.61248, 59.803035], [-161.612515, 59.803017], [-161.612553, 59.802998], [-161.612591, 59.80298], [-161.612632, 59.80296], [-161.612673, 59.80294], [-161.612719, 59.802918], [-161.612765, 59.802896], [-161.61281, 59.802875], [-161.612855, 59.802853], [-161.6129, 59.802832], [-161.612941, 59.802813], [-161.612983, 59.802794], [-161.613024, 59.802775], [-161.613066, 59.802756], [-161.613108, 59.802737], [-161.61315, 59.802717], [-161.613192, 59.802698], [-161.613237, 59.802678], [-161.613282, 59.802658], [-161.613327, 59.802637], [-161.613375, 59.802616], [-161.613423, 59.802595], [-161.613472, 59.802574], [-161.61352, 59.802553], [-161.613569, 59.802533], [-161.613618, 59.802512], [-161.613668, 59.802492], [-161.613717, 59.802472], [-161.613767, 59.802453], [-161.613814, 59.802434], [-161.613862, 59.802416], [-161.61391, 59.802397], [-161.613958, 59.802379], [-161.614004, 59.802362], [-161.614052, 59.802345], [-161.6141, 59.802327], [-161.614148, 59.80231], [-161.614197, 59.802293], [-161.614245, 59.802276], [-161.614294, 59.802259], [-161.614343, 59.802242], [-161.614393, 59.802226], [-161.614442, 59.80221], [-161.614495, 59.802193], [-161.614548, 59.802177], [-161.614601, 59.802161], [-161.614657, 59.802145], [-161.614714, 59.80213], [-161.614768, 59.802115], [-161.614823, 59.802102], [-161.614878, 59.802088], [-161.614928, 59.802077], [-161.614979, 59.802066], [-161.61503, 59.802055], [-161.615081, 59.802044], [-161.615132, 59.802034], [-161.615186, 59.802023], [-161.615241, 59.802012], [-161.615298, 59.802001], [-161.615356, 59.801991], [-161.615411, 59.801981], [-161.615466, 59.801971], [-161.615519, 59.801962], [-161.615572, 59.801954], [-161.615623, 59.801947], [-161.615676, 59.801939], [-161.615726, 59.801932], [-161.61578, 59.801926], [-161.615833, 59.801919], [-161.615886, 59.801913], [-161.615939, 59.801907], [-161.615993, 59.801901], [-161.616047, 59.801896], [-161.616098, 59.801891], [-161.616151, 59.801886], [-161.616202, 59.801882], [-161.616255, 59.801879], [-161.616306, 59.801875], [-161.616356, 59.801873], [-161.616406, 59.80187], [-161.616456, 59.801867], [-161.616506, 59.801865], [-161.616556, 59.801862], [-161.616606, 59.801859], [-161.616652, 59.801856], [-161.616702, 59.801853], [-161.616751, 59.801849], [-161.616802, 59.801845], [-161.616854, 59.80184], [-161.616906, 59.801836], [-161.616957, 59.801832], [-161.617006, 59.801828], [-161.617054, 59.801825], [-161.617105, 59.801821], [-161.617156, 59.801817], [-161.617207, 59.801814], [-161.617258, 59.80181], [-161.617309, 59.801806], [-161.617361, 59.801802], [-161.617412, 59.801798], [-161.617464, 59.801795], [-161.61752, 59.801791], [-161.617572, 59.801787], [-161.617625, 59.801783], [-161.61768, 59.801779], [-161.617736, 59.801775], [-161.617789, 59.801771], [-161.617845, 59.801767], [-161.617901, 59.801763], [-161.617957, 59.801759], [-161.618014, 59.801755], [-161.618073, 59.801751], [-161.618133, 59.801748], [-161.618192, 59.801744], [-161.618252, 59.801741], [-161.618312, 59.801737], [-161.618369, 59.801734], [-161.618425, 59.801732], [-161.618482, 59.801729], [-161.618542, 59.801727], [-161.618602, 59.801725], [-161.618663, 59.801724], [-161.618723, 59.801723], [-161.618783, 59.801722], [-161.61884, 59.801722], [-161.618897, 59.801722], [-161.618954, 59.801723], [-161.61901, 59.801725], [-161.619066, 59.801727], [-161.619123, 59.80173], [-161.619175, 59.801733], [-161.619231, 59.801737], [-161.619284, 59.80174], [-161.619337, 59.801744], [-161.619532, 59.80177], [-161.619727, 59.801797], [-161.619921, 59.801825], [-161.620116, 59.801854], [-161.62031, 59.801885], [-161.620362, 59.801895], [-161.620413, 59.801906], [-161.620465, 59.801916], [-161.620519, 59.801928], [-161.62057, 59.801938], [-161.620621, 59.80195], [-161.620675, 59.801961], [-161.62073, 59.801973], [-161.620784, 59.801986], [-161.620838, 59.801998], [-161.620893, 59.802009], [-161.620947, 59.802021], [-161.620999, 59.802032], [-161.621051, 59.802042], [-161.621107, 59.802052], [-161.621162, 59.802063], [-161.621218, 59.802073], [-161.621274, 59.802082], [-161.62133, 59.802092], [-161.621386, 59.802101], [-161.621439, 59.802109], [-161.621492, 59.802117], [-161.621549, 59.802125], [-161.621606, 59.802132], [-161.62166, 59.802139], [-161.621717, 59.802146], [-161.621774, 59.802152], [-161.621831, 59.802159], [-161.621889, 59.802164], [-161.62195, 59.80217], [-161.622011, 59.802176], [-161.622072, 59.802181], [-161.622134, 59.802186], [-161.622193, 59.80219], [-161.622251, 59.802194], [-161.62231, 59.802198], [-161.622368, 59.802201], [-161.622426, 59.802204], [-161.622488, 59.802206], [-161.622549, 59.802208], [-161.62261, 59.80221], [-161.622669, 59.80221], [-161.622727, 59.802211], [-161.622785, 59.802211], [-161.622842, 59.802211], [-161.622897, 59.802211], [-161.622957, 59.80221], [-161.623017, 59.802209], [-161.623075, 59.802208], [-161.623132, 59.802207], [-161.623189, 59.802205], [-161.623243, 59.802203], [-161.623296, 59.802201], [-161.62335, 59.802198], [-161.623403, 59.802195], [-161.623457, 59.802191], [-161.62351, 59.802187], [-161.623563, 59.802183], [-161.623616, 59.802178], [-161.623668, 59.802174], [-161.62372, 59.802168], [-161.623775, 59.802163], [-161.623827, 59.802157], [-161.623881, 59.80215], [-161.623933, 59.802144], [-161.623987, 59.802137], [-161.624038, 59.802129], [-161.624093, 59.802121], [-161.624147, 59.802113], [-161.624201, 59.802104], [-161.624255, 59.802095], [-161.624306, 59.802087], [-161.624357, 59.802078], [-161.624408, 59.802069], [-161.624455, 59.802061], [-161.624502, 59.802051], [-161.624549, 59.802042], [-161.624595, 59.802032], [-161.624639, 59.802022], [-161.624687, 59.802011], [-161.624733, 59.802], [-161.624781, 59.801988], [-161.624828, 59.801976], [-161.624875, 59.801964], [-161.624922, 59.801951], [-161.624969, 59.801939], [-161.625016, 59.801926], [-161.62506, 59.801914], [-161.625106, 59.801901], [-161.625153, 59.801888], [-161.6252, 59.801875], [-161.625246, 59.801862], [-161.625293, 59.801848], [-161.625339, 59.801834], [-161.625383, 59.801821], [-161.625429, 59.801806], [-161.625472, 59.801792], [-161.625516, 59.801779], [-161.625559, 59.801765], [-161.625603, 59.801751], [-161.625647, 59.801738], [-161.62569, 59.801725], [-161.625733, 59.801712], [-161.625773, 59.801699], [-161.625812, 59.801686], [-161.625849, 59.801674], [-161.625887, 59.801662], [-161.625925, 59.801649], [-161.625966, 59.801635], [-161.626006, 59.801622], [-161.626047, 59.801608], [-161.626084, 59.801596], [-161.626122, 59.801583], [-161.626157, 59.801571], [-161.626192, 59.80156], [-161.626227, 59.801548], [-161.626265, 59.801535], [-161.626302, 59.801522], [-161.626339, 59.80151], [-161.626378, 59.801496], [-161.626417, 59.801483], [-161.626453, 59.80147], [-161.626487, 59.801458], [-161.626522, 59.801446], [-161.626553, 59.801434], [-161.626581, 59.801424], [-161.626607, 59.801414], [-161.626632, 59.801404], [-161.626656, 59.801396], [-161.626682, 59.801386], [-161.62671, 59.801375], [-161.62674, 59.801364], [-161.62677, 59.801353], [-161.626801, 59.801342], [-161.626831, 59.801331], [-161.626859, 59.801321], [-161.626888, 59.801311], [-161.626918, 59.8013], [-161.626948, 59.801289], [-161.626979, 59.801278], [-161.627011, 59.801266], [-161.627044, 59.801253], [-161.627076, 59.801241], [-161.627108, 59.801228], [-161.62714, 59.801215], [-161.627173, 59.801202], [-161.627205, 59.801189], [-161.627235, 59.801177], [-161.627267, 59.801164], [-161.627299, 59.80115], [-161.627331, 59.801137], [-161.627364, 59.801122], [-161.6274, 59.801106], [-161.627436, 59.80109], [-161.627472, 59.801074], [-161.627512, 59.801056], [-161.62755, 59.801039], [-161.62759, 59.801021], [-161.62763, 59.801003], [-161.627671, 59.800984], [-161.627711, 59.800965], [-161.627751, 59.800947], [-161.627792, 59.800928], [-161.627832, 59.80091], [-161.627873, 59.800891], [-161.627912, 59.800873], [-161.627954, 59.800855], [-161.627996, 59.800837], [-161.628039, 59.800819], [-161.628079, 59.800803], [-161.628122, 59.800786], [-161.628163, 59.800769], [-161.628205, 59.800753], [-161.628247, 59.800738], [-161.628289, 59.800722], [-161.628332, 59.800707], [-161.628375, 59.800693], [-161.628419, 59.800679], [-161.628461, 59.800666], [-161.628502, 59.800654], [-161.628545, 59.800642], [-161.628587, 59.800631], [-161.628628, 59.80062], [-161.628675, 59.800609], [-161.628722, 59.800599], [-161.62877, 59.80059], [-161.628818, 59.800581], [-161.62887, 59.800573], [-161.62892, 59.800566], [-161.628973, 59.80056], [-161.629024, 59.800555], [-161.629079, 59.80055], [-161.629134, 59.800546], [-161.629192, 59.800543], [-161.629251, 59.800541], [-161.62931, 59.80054], [-161.629372, 59.800541], [-161.629434, 59.800543], [-161.629496, 59.800545], [-161.629556, 59.800549], [-161.629618, 59.800553], [-161.629678, 59.800557], [-161.629737, 59.800562], [-161.629793, 59.800567], [-161.629852, 59.800573], [-161.629908, 59.800579], [-161.629964, 59.800585], [-161.630021, 59.800591], [-161.63008, 59.800597], [-161.630136, 59.800603], [-161.630198, 59.80061], [-161.63026, 59.800616], [-161.630322, 59.800623], [-161.630381, 59.800629], [-161.630446, 59.800636], [-161.630507, 59.800643], [-161.630568, 59.800649], [-161.63063, 59.800654], [-161.630691, 59.800659], [-161.630746, 59.800663], [-161.630801, 59.800666], [-161.630856, 59.800669], [-161.630912, 59.800672], [-161.630967, 59.800674], [-161.631022, 59.800675], [-161.631076, 59.800675], [-161.631131, 59.800675], [-161.631182, 59.800673], [-161.631232, 59.800671], [-161.631286, 59.800667], [-161.63134, 59.800663], [-161.631392, 59.800659], [-161.631446, 59.800653], [-161.631501, 59.800648], [-161.631556, 59.800641], [-161.631608, 59.800635], [-161.631663, 59.800628], [-161.631719, 59.80062], [-161.631774, 59.800612], [-161.63183, 59.800604], [-161.631885, 59.800595], [-161.63194, 59.800586], [-161.631995, 59.800576], [-161.632051, 59.800567], [-161.632106, 59.800557], [-161.632167, 59.800545], [-161.632228, 59.800534], [-161.632288, 59.800522], [-161.632349, 59.800511], [-161.63241, 59.800499], [-161.632467, 59.800487], [-161.632524, 59.800475], [-161.632581, 59.800463], [-161.632637, 59.800451], [-161.632693, 59.800438], [-161.632749, 59.800425], [-161.632805, 59.800412], [-161.632861, 59.800399], [-161.632916, 59.800386], [-161.632972, 59.800372], [-161.633027, 59.800359], [-161.63308, 59.800346], [-161.633132, 59.800333], [-161.633185, 59.80032], [-161.633237, 59.800307], [-161.63329, 59.800295], [-161.633345, 59.800282], [-161.633397, 59.800269], [-161.633449, 59.800257], [-161.6335, 59.800244], [-161.63355, 59.800232], [-161.6336, 59.800219], [-161.633653, 59.800205], [-161.633708, 59.800191], [-161.633763, 59.800176], [-161.633818, 59.800162], [-161.633873, 59.800147], [-161.633928, 59.800132], [-161.63398, 59.800117], [-161.634034, 59.800101], [-161.634089, 59.800086], [-161.634143, 59.80007], [-161.634198, 59.800054], [-161.634252, 59.800038], [-161.634303, 59.800023], [-161.634356, 59.800007], [-161.634408, 59.79999], [-161.634461, 59.799973], [-161.634513, 59.799956], [-161.634565, 59.799939], [-161.634614, 59.799922], [-161.634661, 59.799906], [-161.634707, 59.79989], [-161.634753, 59.799873], [-161.634799, 59.799856], [-161.634845, 59.799839], [-161.63489, 59.799821], [-161.634935, 59.799804], [-161.63498, 59.799786], [-161.635021, 59.799769], [-161.635063, 59.799752], [-161.635107, 59.799734], [-161.635148, 59.799717], [-161.635186, 59.799701], [-161.635227, 59.799684], [-161.635266, 59.799667], [-161.635303, 59.799651], [-161.635342, 59.799634], [-161.63538, 59.799616], [-161.635418, 59.799598], [-161.635454, 59.799581], [-161.635492, 59.799563], [-161.635527, 59.799546], [-161.635565, 59.799528], [-161.635601, 59.799511], [-161.635639, 59.799493], [-161.635674, 59.799475], [-161.63571, 59.799457], [-161.635743, 59.799441], [-161.635778, 59.799423], [-161.635811, 59.799406], [-161.635846, 59.799387], [-161.635881, 59.799369], [-161.635918, 59.79935], [-161.635953, 59.799331], [-161.635988, 59.799313], [-161.636023, 59.799296], [-161.636058, 59.799278], [-161.63609, 59.799261], [-161.636126, 59.799244], [-161.636161, 59.799226], [-161.636196, 59.799209], [-161.636231, 59.799191], [-161.636271, 59.799172], [-161.636308, 59.799153], [-161.636347, 59.799134], [-161.636387, 59.799114], [-161.636427, 59.799095], [-161.636463, 59.799078], [-161.636502, 59.79906], [-161.636541, 59.799042], [-161.636578, 59.799026], [-161.63662, 59.799008], [-161.636665, 59.79899], [-161.636708, 59.798972], [-161.636751, 59.798954], [-161.636794, 59.798937], [-161.636835, 59.79892], [-161.636876, 59.798903], [-161.63692, 59.798886], [-161.636965, 59.798868], [-161.637015, 59.798849], [-161.637065, 59.79883], [-161.637115, 59.798812], [-161.637168, 59.798793], [-161.637221, 59.798773], [-161.637272, 59.798755], [-161.637323, 59.798737], [-161.637374, 59.798719], [-161.63742, 59.798702], [-161.637466, 59.798686], [-161.637512, 59.798669], [-161.637558, 59.798653], [-161.637602, 59.798638], [-161.637648, 59.798622], [-161.637694, 59.798606], [-161.637738, 59.798591], [-161.637782, 59.798577], [-161.637829, 59.798561], [-161.637873, 59.798547], [-161.637918, 59.798532], [-161.637965, 59.798517], [-161.63801, 59.798502], [-161.638055, 59.798488], [-161.638104, 59.798473], [-161.638152, 59.798459], [-161.638199, 59.798445], [-161.638248, 59.798431], [-161.638297, 59.798417], [-161.638347, 59.798403], [-161.638397, 59.79839], [-161.638449, 59.798375], [-161.638501, 59.798361], [-161.638551, 59.798347], [-161.6386, 59.798333], [-161.63865, 59.79832], [-161.6387, 59.798307], [-161.63875, 59.798293], [-161.638801, 59.798281], [-161.638851, 59.798268], [-161.638902, 59.798255], [-161.638953, 59.798242], [-161.639004, 59.798229], [-161.639058, 59.798215], [-161.639112, 59.798202], [-161.639166, 59.798188], [-161.639334, 59.798147], [-161.639501, 59.798106], [-161.639668, 59.798065], [-161.639838, 59.798023], [-161.640009, 59.797982], [-161.640066, 59.797968], [-161.640124, 59.797953], [-161.640181, 59.797939], [-161.640237, 59.797925], [-161.640292, 59.797912], [-161.640347, 59.797898], [-161.640403, 59.797884], [-161.640459, 59.79787], [-161.640516, 59.797857], [-161.640572, 59.797843], [-161.640629, 59.79783], [-161.640687, 59.797817], [-161.640744, 59.797804], [-161.640802, 59.797792], [-161.640859, 59.79778], [-161.640917, 59.797769], [-161.640975, 59.797757], [-161.641034, 59.797746], [-161.641092, 59.797736], [-161.641151, 59.797726], [-161.641207, 59.797717], [-161.641264, 59.797709], [-161.641321, 59.797701], [-161.641378, 59.797693], [-161.641436, 59.797686], [-161.641496, 59.797679], [-161.641557, 59.797672], [-161.641618, 59.797666], [-161.641679, 59.797661], [-161.641738, 59.797656], [-161.641796, 59.797652], [-161.641855, 59.797648], [-161.641914, 59.797646], [-161.641973, 59.797643], [-161.642032, 59.797642], [-161.642091, 59.797641], [-161.64215, 59.79764], [-161.642209, 59.797641], [-161.642265, 59.797641], [-161.642324, 59.797643], [-161.64238, 59.797644], [-161.642435, 59.797646], [-161.642487, 59.797648], [-161.642542, 59.797651], [-161.642597, 59.797653], [-161.642652, 59.797656], [-161.642706, 59.797658], [-161.64276, 59.797661], [-161.642813, 59.797663], [-161.642864, 59.797665], [-161.642915, 59.797667], [-161.642966, 59.797669], [-161.643017, 59.797671], [-161.643067, 59.797673], [-161.64312, 59.797674], [-161.643173, 59.797676], [-161.643226, 59.797677], [-161.643279, 59.797678], [-161.643332, 59.797679], [-161.643384, 59.79768], [-161.64344, 59.79768], [-161.643496, 59.797681], [-161.643555, 59.797681], [-161.643613, 59.797681], [-161.643669, 59.79768], [-161.643725, 59.797679], [-161.643777, 59.797678], [-161.64383, 59.797677], [-161.64388, 59.797675], [-161.643932, 59.797673], [-161.643984, 59.79767], [-161.644036, 59.797667], [-161.644087, 59.797662], [-161.644141, 59.797657], [-161.644186, 59.797652], [-161.64423, 59.797646], [-161.644278, 59.79764], [-161.644322, 59.797633], [-161.644366, 59.797625], [-161.644418, 59.797616], [-161.644467, 59.797607], [-161.644516, 59.797597], [-161.644564, 59.797587], [-161.644612, 59.797576], [-161.644658, 59.797564], [-161.644706, 59.797551], [-161.644751, 59.797537], [-161.644799, 59.797521], [-161.644844, 59.797506], [-161.644887, 59.797489], [-161.644927, 59.797472], [-161.644969, 59.797454], [-161.645005, 59.797437], [-161.645041, 59.79742], [-161.645076, 59.797403], [-161.645109, 59.797385], [-161.64514, 59.797368], [-161.64517, 59.79735], [-161.645197, 59.797334], [-161.645223, 59.797317], [-161.645249, 59.7973], [-161.645273, 59.797283], [-161.645297, 59.797266], [-161.645322, 59.797248], [-161.645345, 59.797231], [-161.645365, 59.797215], [-161.645384, 59.797199], [-161.645403, 59.797184], [-161.645421, 59.797168], [-161.645437, 59.797154], [-161.645453, 59.797139], [-161.645468, 59.797125], [-161.645482, 59.797111], [-161.645495, 59.797097], [-161.645509, 59.797083], [-161.645521, 59.797069], [-161.645534, 59.797055], [-161.645546, 59.797042], [-161.645557, 59.79703], [-161.645568, 59.797017], [-161.645579, 59.797004], [-161.64559, 59.79699], [-161.645601, 59.796976], [-161.645611, 59.796962], [-161.645621, 59.796947], [-161.645631, 59.796932], [-161.645641, 59.796916], [-161.645652, 59.796899], [-161.645662, 59.796881], [-161.645673, 59.796861], [-161.645685, 59.796839], [-161.645696, 59.796817], [-161.645708, 59.796794], [-161.64572, 59.79677], [-161.645732, 59.796745], [-161.645744, 59.79672], [-161.645756, 59.796696], [-161.645768, 59.796672], [-161.64578, 59.796648], [-161.645791, 59.796624], [-161.645803, 59.796601], [-161.645815, 59.796575], [-161.645827, 59.79655], [-161.645839, 59.796525], [-161.645849, 59.796502], [-161.64586, 59.796478], [-161.645869, 59.796455], [-161.64588, 59.796429], [-161.645891, 59.796403], [-161.645902, 59.796376], [-161.645912, 59.796351], [-161.645923, 59.796324], [-161.645933, 59.796299], [-161.645944, 59.796274], [-161.645955, 59.79625], [-161.645966, 59.796227], [-161.645977, 59.796204], [-161.645989, 59.796184], [-161.646001, 59.796163], [-161.646014, 59.796141], [-161.646028, 59.79612], [-161.646043, 59.796098], [-161.646059, 59.796076], [-161.646074, 59.796056], [-161.64609, 59.796036], [-161.646108, 59.796017], [-161.646126, 59.796], [-161.646145, 59.795983], [-161.646168, 59.795966], [-161.646193, 59.795948], [-161.64622, 59.795931], [-161.646248, 59.795915], [-161.646279, 59.795899], [-161.646312, 59.795883], [-161.646346, 59.795868], [-161.646384, 59.795852], [-161.646425, 59.795837], [-161.646468, 59.795822], [-161.646515, 59.795807], [-161.646563, 59.795793], [-161.646613, 59.79578], [-161.646664, 59.795767], [-161.646716, 59.795755], [-161.646772, 59.795744], [-161.646829, 59.795732], [-161.646886, 59.795722], [-161.646945, 59.795711], [-161.647004, 59.795701], [-161.647061, 59.795691], [-161.647119, 59.795682], [-161.647174, 59.795673], [-161.647229, 59.795664], [-161.647285, 59.795654], [-161.647344, 59.795645], [-161.647404, 59.795635], [-161.647467, 59.795625], [-161.647533, 59.795615], [-161.647599, 59.795605], [-161.647662, 59.795595], [-161.647723, 59.795585], [-161.647783, 59.795575], [-161.647841, 59.795566], [-161.647901, 59.795556], [-161.647962, 59.795547], [-161.648025, 59.795536], [-161.648085, 59.795526], [-161.648144, 59.795516], [-161.648201, 59.795507], [-161.648254, 59.795498], [-161.648307, 59.795488], [-161.648363, 59.795478], [-161.648416, 59.795469], [-161.648468, 59.79546], [-161.648524, 59.79545], [-161.648576, 59.79544], [-161.648628, 59.79543], [-161.64868, 59.79542], [-161.648731, 59.79541], [-161.648783, 59.795399], [-161.648837, 59.795388], [-161.648888, 59.795377], [-161.648943, 59.795365], [-161.648997, 59.795354], [-161.649049, 59.795344], [-161.649097, 59.795334], [-161.649149, 59.795324], [-161.6492, 59.795314], [-161.649249, 59.795304], [-161.6493, 59.795294], [-161.649354, 59.795283], [-161.649406, 59.795272], [-161.649454, 59.795262], [-161.649509, 59.795251], [-161.649563, 59.795241], [-161.649616, 59.795231], [-161.649671, 59.79522], [-161.649726, 59.79521], [-161.649778, 59.7952], [-161.649828, 59.795192], [-161.64988, 59.795183], [-161.649929, 59.795174], [-161.649985, 59.795165], [-161.650037, 59.795157], [-161.650092, 59.795148], [-161.650145, 59.79514], [-161.650203, 59.795132], [-161.650256, 59.795125], [-161.650312, 59.795118], [-161.650366, 59.795112], [-161.650422, 59.795106], [-161.650472, 59.795101], [-161.650525, 59.795097], [-161.650576, 59.795093], [-161.650629, 59.795089], [-161.650683, 59.795086], [-161.650739, 59.795083], [-161.650792, 59.79508], [-161.650849, 59.795077], [-161.650902, 59.795075], [-161.650953, 59.795074], [-161.651, 59.795073], [-161.65105, 59.795072], [-161.651097, 59.795072], [-161.651144, 59.795072], [-161.65119, 59.795073], [-161.651236, 59.795073], [-161.651279, 59.795075], [-161.651322, 59.795076], [-161.651365, 59.795078], [-161.651408, 59.79508], [-161.651448, 59.795083], [-161.651488, 59.795086], [-161.651528, 59.795089], [-161.65157, 59.795092], [-161.651609, 59.795096], [-161.651651, 59.7951], [-161.651692, 59.795105], [-161.651736, 59.795111], [-161.651777, 59.795116], [-161.651817, 59.795122], [-161.651856, 59.795128], [-161.651895, 59.795135], [-161.651933, 59.795143], [-161.65197, 59.795151], [-161.65201, 59.79516], [-161.652048, 59.795169], [-161.652086, 59.795179], [-161.652121, 59.795189], [-161.652153, 59.795199], [-161.652184, 59.795209], [-161.652214, 59.795219], [-161.652245, 59.795231], [-161.652276, 59.795243], [-161.652309, 59.795258], [-161.652343, 59.795275], [-161.652377, 59.795294], [-161.652409, 59.795314], [-161.652441, 59.795336], [-161.652471, 59.795359], [-161.652499, 59.795383], [-161.652525, 59.795407], [-161.65255, 59.795433], [-161.652574, 59.79546], [-161.652597, 59.795488], [-161.652618, 59.795516], [-161.652637, 59.795545], [-161.652655, 59.795574], [-161.652671, 59.795602], [-161.652685, 59.795629], [-161.652697, 59.795657], [-161.652708, 59.795684], [-161.652718, 59.79571], [-161.652726, 59.795737], [-161.652734, 59.795763], [-161.65274, 59.79579], [-161.652746, 59.795815], [-161.652752, 59.795842], [-161.652757, 59.795868], [-161.652762, 59.795895], [-161.652766, 59.79592], [-161.65277, 59.795947], [-161.652773, 59.795972], [-161.652776, 59.795998], [-161.652778, 59.796023], [-161.65278, 59.79605], [-161.652782, 59.796075], [-161.652783, 59.796101], [-161.652785, 59.796126], [-161.652786, 59.796151], [-161.652788, 59.796176], [-161.65279, 59.796201], [-161.652792, 59.796225], [-161.652795, 59.79625], [-161.652797, 59.796275], [-161.6528, 59.796298], [-161.652804, 59.796322], [-161.652808, 59.796347], [-161.652814, 59.796372], [-161.652821, 59.796397], [-161.652829, 59.796422], [-161.652839, 59.796447], [-161.65285, 59.796472], [-161.652861, 59.796494], [-161.652873, 59.796515], [-161.652887, 59.796537], [-161.652902, 59.796556], [-161.652919, 59.796576], [-161.652937, 59.796594], [-161.652956, 59.796612], [-161.652978, 59.79663], [-161.653003, 59.796649], [-161.653028, 59.796666], [-161.653054, 59.796683], [-161.653083, 59.796701], [-161.653112, 59.796717], [-161.65314, 59.796731], [-161.653169, 59.796745], [-161.6532, 59.79676], [-161.65323, 59.796772], [-161.653261, 59.796784], [-161.65329, 59.796794], [-161.65332, 59.796804], [-161.653352, 59.796814], [-161.653384, 59.796824], [-161.653415, 59.796833], [-161.653451, 59.796843], [-161.653484, 59.796852], [-161.653516, 59.79686], [-161.653548, 59.796868], [-161.653582, 59.796876], [-161.653615, 59.796882], [-161.653651, 59.796889], [-161.653686, 59.796896], [-161.653723, 59.796902], [-161.65376, 59.796907], [-161.653798, 59.796912], [-161.653838, 59.796917], [-161.65388, 59.796922], [-161.653922, 59.796927], [-161.653964, 59.796931], [-161.654009, 59.796936], [-161.654056, 59.796941], [-161.654102, 59.796946], [-161.654151, 59.796951], [-161.654201, 59.796957], [-161.654245, 59.796962], [-161.65429, 59.796967], [-161.654338, 59.796972], [-161.654383, 59.796977], [-161.654431, 59.796983], [-161.654485, 59.796989], [-161.654537, 59.796995], [-161.654585, 59.797001], [-161.654634, 59.797007], [-161.654679, 59.797013], [-161.654718, 59.797018], [-161.654763, 59.797025], [-161.654805, 59.79703], [-161.654847, 59.797036], [-161.654889, 59.797041], [-161.654937, 59.797047], [-161.654979, 59.797052], [-161.655023, 59.797057], [-161.655067, 59.797062], [-161.655113, 59.797067], [-161.655156, 59.797071], [-161.655195, 59.797075], [-161.655237, 59.797079], [-161.655277, 59.797083], [-161.655316, 59.797087], [-161.655352, 59.79709], [-161.655391, 59.797093], [-161.655427, 59.797096], [-161.655465, 59.797099], [-161.655501, 59.797102], [-161.655539, 59.797105], [-161.655577, 59.797108], [-161.655617, 59.797111], [-161.655655, 59.797115], [-161.655694, 59.797118], [-161.655731, 59.797121], [-161.655768, 59.797125], [-161.655802, 59.797128], [-161.655838, 59.797131], [-161.655872, 59.797135], [-161.655999, 59.797151], [-161.656127, 59.797167], [-161.656257, 59.797184], [-161.65639, 59.797201], [-161.656526, 59.797219], [-161.656574, 59.797227], [-161.656625, 59.797234], [-161.656675, 59.797242], [-161.656726, 59.79725], [-161.656776, 59.797258], [-161.656827, 59.797266], [-161.656882, 59.797274], [-161.656937, 59.797283], [-161.656992, 59.797291], [-161.657048, 59.7973], [-161.657105, 59.79731], [-161.657158, 59.797319], [-161.657212, 59.797329], [-161.657265, 59.797339], [-161.657319, 59.79735], [-161.657372, 59.797362], [-161.657425, 59.797374], [-161.657478, 59.797386], [-161.65753, 59.797399], [-161.657581, 59.797413], [-161.657632, 59.797427], [-161.657683, 59.797442], [-161.657736, 59.797458], [-161.657788, 59.797475], [-161.65784, 59.797493], [-161.657891, 59.797511], [-161.657942, 59.79753], [-161.65799, 59.797549], [-161.658036, 59.797568], [-161.658081, 59.797589], [-161.658124, 59.79761], [-161.658166, 59.797631], [-161.658204, 59.797652], [-161.658241, 59.797673], [-161.658276, 59.797694], [-161.65831, 59.797714], [-161.65834, 59.797734], [-161.658372, 59.797755], [-161.6584, 59.797774], [-161.658428, 59.797795], [-161.658455, 59.797814], [-161.658482, 59.797835], [-161.658508, 59.797855], [-161.658535, 59.797877], [-161.658562, 59.7979], [-161.658587, 59.797922], [-161.658612, 59.797945], [-161.658635, 59.797969], [-161.658657, 59.797991], [-161.658677, 59.798013], [-161.658697, 59.798036], [-161.658715, 59.798058], [-161.658733, 59.798081], [-161.658752, 59.798105], [-161.658769, 59.798127], [-161.658786, 59.798151], [-161.658801, 59.798173], [-161.658815, 59.798196], [-161.658828, 59.798218], [-161.658841, 59.798241], [-161.658852, 59.798262], [-161.658864, 59.798287], [-161.658874, 59.79831], [-161.658884, 59.798334], [-161.658893, 59.798357], [-161.658902, 59.79838], [-161.65891, 59.798405], [-161.658919, 59.798431], [-161.658926, 59.798456], [-161.658933, 59.798483], [-161.65894, 59.798509], [-161.658946, 59.798534], [-161.658952, 59.798559], [-161.658958, 59.798586], [-161.658965, 59.798613], [-161.658971, 59.798642], [-161.658978, 59.798671], [-161.658985, 59.798702], [-161.658993, 59.798733], [-161.659, 59.798764], [-161.659009, 59.798797], [-161.659018, 59.79883], [-161.659027, 59.798861], [-161.659037, 59.798893], [-161.659046, 59.798924], [-161.659056, 59.798955], [-161.659067, 59.798985], [-161.659078, 59.799015], [-161.659089, 59.799045], [-161.659101, 59.799074], [-161.659113, 59.799102], [-161.659127, 59.79913], [-161.65914, 59.799157], [-161.659155, 59.799183], [-161.659172, 59.799211], [-161.659189, 59.799237], [-161.659206, 59.799262], [-161.659226, 59.799289], [-161.659245, 59.799315], [-161.659265, 59.79934], [-161.659286, 59.799365], [-161.659307, 59.79939], [-161.659328, 59.799413], [-161.659352, 59.799437], [-161.659375, 59.79946], [-161.6594, 59.799484], [-161.659424, 59.799506], [-161.659451, 59.79953], [-161.659476, 59.799551], [-161.659504, 59.799575], [-161.659533, 59.799597], [-161.659561, 59.79962], [-161.659591, 59.799642], [-161.659623, 59.799665], [-161.659656, 59.799688], [-161.659689, 59.799711], [-161.659726, 59.799734], [-161.659757, 59.799753], [-161.659791, 59.799774], [-161.659822, 59.799791], [-161.659851, 59.799808], [-161.659884, 59.799825], [-161.659922, 59.799845], [-161.659959, 59.799863], [-161.659997, 59.799881], [-161.660037, 59.7999], [-161.660077, 59.799918], [-161.660116, 59.799935], [-161.660159, 59.799953], [-161.660206, 59.799972], [-161.660255, 59.799991], [-161.660303, 59.80001], [-161.660353, 59.800028], [-161.660401, 59.800044], [-161.660453, 59.800061], [-161.660502, 59.800077], [-161.660553, 59.800092], [-161.660604, 59.800106], [-161.660653, 59.80012], [-161.6607, 59.800131], [-161.660751, 59.800143], [-161.660799, 59.800154], [-161.660848, 59.800164], [-161.6609, 59.800174], [-161.660949, 59.800182], [-161.661, 59.80019], [-161.66105, 59.800197], [-161.661101, 59.800204], [-161.661149, 59.800209], [-161.6612, 59.800214], [-161.661252, 59.800219], [-161.661306, 59.800222], [-161.661358, 59.800225], [-161.661413, 59.800227], [-161.661468, 59.800228], [-161.66152, 59.800228], [-161.661571, 59.800227], [-161.661622, 59.800225], [-161.66167, 59.800223], [-161.661718, 59.80022], [-161.661765, 59.800216], [-161.661809, 59.800212], [-161.661856, 59.800206], [-161.661902, 59.8002], [-161.661944, 59.800194], [-161.661987, 59.800187], [-161.662029, 59.80018], [-161.662068, 59.800172], [-161.662107, 59.800165], [-161.662146, 59.800156], [-161.662185, 59.800148], [-161.662223, 59.80014], [-161.662267, 59.800129], [-161.66231, 59.800119], [-161.662352, 59.800109], [-161.662395, 59.800098], [-161.662438, 59.800087], [-161.662477, 59.800076], [-161.662517, 59.800065], [-161.662556, 59.800054], [-161.662596, 59.800043], [-161.662635, 59.800032], [-161.662672, 59.800022], [-161.662711, 59.800011], [-161.662751, 59.8], [-161.662787, 59.79999], [-161.662823, 59.79998], [-161.662859, 59.79997], [-161.662893, 59.79996], [-161.662926, 59.79995], [-161.662962, 59.79994], [-161.662995, 59.79993], [-161.663029, 59.79992], [-161.663067, 59.799908], [-161.663107, 59.799895], [-161.663148, 59.799883], [-161.663194, 59.799869], [-161.663242, 59.799854], [-161.663288, 59.79984], [-161.663329, 59.799828], [-161.663373, 59.799815], [-161.663418, 59.799801], [-161.663462, 59.799788], [-161.663509, 59.799774], [-161.663562, 59.799758], [-161.663616, 59.799741], [-161.663669, 59.799725], [-161.663723, 59.799707], [-161.663776, 59.799691], [-161.663829, 59.799674], [-161.66388, 59.799659], [-161.663935, 59.799643], [-161.663987, 59.799628], [-161.66404, 59.799613], [-161.664093, 59.799599], [-161.664147, 59.799585], [-161.664201, 59.799571], [-161.664255, 59.799557], [-161.66431, 59.799544], [-161.664366, 59.79953], [-161.664424, 59.799517], [-161.664483, 59.799503], [-161.664539, 59.79949], [-161.664596, 59.799477], [-161.664653, 59.799465], [-161.664708, 59.799454], [-161.66476, 59.799445], [-161.664814, 59.799436], [-161.664866, 59.799428], [-161.664918, 59.799421], [-161.664969, 59.799415], [-161.665021, 59.799409], [-161.665072, 59.799404], [-161.665124, 59.7994], [-161.665175, 59.799395], [-161.665224, 59.799392], [-161.665275, 59.799389], [-161.665323, 59.799386], [-161.665374, 59.799384], [-161.665422, 59.799382], [-161.665473, 59.799381], [-161.66552, 59.79938], [-161.665567, 59.79938], [-161.665613, 59.799381], [-161.665659, 59.799382], [-161.665701, 59.799384], [-161.665743, 59.799386], [-161.665784, 59.799389], [-161.665823, 59.799392], [-161.665858, 59.799395], [-161.665896, 59.799399], [-161.665933, 59.799404], [-161.66597, 59.799409], [-161.666006, 59.799415], [-161.666046, 59.799421], [-161.666083, 59.799428], [-161.66612, 59.799436], [-161.666157, 59.799443], [-161.66619, 59.799451], [-161.666223, 59.799459], [-161.666256, 59.799468], [-161.666287, 59.799477], [-161.666318, 59.799486], [-161.666351, 59.799497], [-161.666378, 59.799506], [-161.666407, 59.799517], [-161.666435, 59.799528], [-161.66646, 59.799539], [-161.666486, 59.79955], [-161.666512, 59.799562], [-161.666535, 59.799573], [-161.666558, 59.799584], [-161.66658, 59.799596], [-161.666602, 59.799607], [-161.666624, 59.79962], [-161.666648, 59.799634], [-161.666672, 59.79965], [-161.6667, 59.799668], [-161.666727, 59.799687], [-161.666754, 59.799707], [-161.666782, 59.799727], [-161.66681, 59.799747], [-161.666836, 59.799767], [-161.666864, 59.799789], [-161.666893, 59.799811], [-161.666921, 59.799834], [-161.66695, 59.799857], [-161.666979, 59.799879], [-161.667008, 59.799902], [-161.667038, 59.799925], [-161.667068, 59.799947], [-161.667099, 59.79997], [-161.667132, 59.799993], [-161.667163, 59.800016], [-161.667197, 59.800038], [-161.667229, 59.800059], [-161.667263, 59.800079], [-161.667297, 59.800097], [-161.667331, 59.800115], [-161.667364, 59.80013], [-161.667401, 59.800145], [-161.66744, 59.80016], [-161.667478, 59.800174], [-161.667515, 59.800187], [-161.667555, 59.800199], [-161.667593, 59.80021], [-161.667629, 59.800219], [-161.667668, 59.800228], [-161.667707, 59.800236], [-161.667746, 59.800243], [-161.667783, 59.800248], [-161.667821, 59.800253], [-161.667856, 59.800257], [-161.667893, 59.800259], [-161.667928, 59.800261], [-161.667963, 59.800261], [-161.667998, 59.800261], [-161.668034, 59.80026], [-161.668067, 59.800257], [-161.668103, 59.800253], [-161.668139, 59.800248], [-161.668174, 59.800242], [-161.66821, 59.800235], [-161.668245, 59.800227], [-161.668277, 59.800219], [-161.668308, 59.80021], [-161.668338, 59.8002], [-161.668369, 59.800188], [-161.668397, 59.800177], [-161.668424, 59.800165], [-161.668448, 59.800154], [-161.668472, 59.800143], [-161.668493, 59.800132], [-161.668515, 59.800121], [-161.668534, 59.800109], [-161.668554, 59.800097], [-161.668573, 59.800085], [-161.668592, 59.800073], [-161.668609, 59.80006], [-161.668626, 59.800047], [-161.668642, 59.800034], [-161.668657, 59.80002], [-161.668671, 59.800007], [-161.668683, 59.799994], [-161.668696, 59.79998], [-161.668708, 59.799965], [-161.668719, 59.79995], [-161.66873, 59.799935], [-161.668739, 59.799919], [-161.668746, 59.799904], [-161.668752, 59.799889], [-161.668757, 59.799874], [-161.66876, 59.799859], [-161.668762, 59.799845], [-161.668764, 59.79983], [-161.668765, 59.799814], [-161.668766, 59.799798], [-161.668767, 59.799782], [-161.668767, 59.799762], [-161.668768, 59.799743], [-161.668768, 59.799721], [-161.668768, 59.799699], [-161.668767, 59.799676], [-161.668765, 59.799654], [-161.668762, 59.799631], [-161.668758, 59.799608], [-161.668753, 59.799587], [-161.668747, 59.799564], [-161.668739, 59.799541], [-161.668731, 59.799518], [-161.668722, 59.799495], [-161.668713, 59.799471], [-161.668704, 59.799446], [-161.668694, 59.799421], [-161.668685, 59.799395], [-161.668675, 59.799368], [-161.668666, 59.799342], [-161.668657, 59.799315], [-161.668647, 59.799289], [-161.668637, 59.799263], [-161.668627, 59.799237], [-161.668617, 59.79921], [-161.668607, 59.799183], [-161.668598, 59.799156], [-161.668588, 59.799127], [-161.668579, 59.7991], [-161.668571, 59.799073], [-161.668563, 59.799043], [-161.668555, 59.799014], [-161.668547, 59.798985], [-161.668539, 59.798954], [-161.668532, 59.798924], [-161.668526, 59.798895], [-161.66852, 59.798865], [-161.668515, 59.798837], [-161.66851, 59.79881], [-161.668505, 59.79878], [-161.6685, 59.798751], [-161.668494, 59.798723], [-161.668489, 59.798693], [-161.668482, 59.798664], [-161.668476, 59.798636], [-161.66847, 59.798608], [-161.668463, 59.79858], [-161.668457, 59.798552], [-161.668451, 59.798526], [-161.668446, 59.7985], [-161.668441, 59.798474], [-161.668435, 59.798448], [-161.66843, 59.798423], [-161.668425, 59.798399], [-161.668419, 59.798376], [-161.668413, 59.798352], [-161.668407, 59.798329], [-161.668401, 59.798307], [-161.668395, 59.798284], [-161.668389, 59.798263], [-161.668383, 59.798243], [-161.668378, 59.798223], [-161.668372, 59.798202], [-161.668367, 59.798182], [-161.668361, 59.798161], [-161.668355, 59.798139], [-161.668349, 59.798117], [-161.668343, 59.798094], [-161.668337, 59.798072], [-161.66833, 59.79805], [-161.668325, 59.798029], [-161.668319, 59.798008], [-161.668313, 59.797986], [-161.668308, 59.797963], [-161.668304, 59.797941], [-161.668299, 59.797915], [-161.668295, 59.797892], [-161.668291, 59.797869], [-161.668287, 59.797845], [-161.668284, 59.797822], [-161.668281, 59.797801], [-161.668278, 59.797777], [-161.668275, 59.797754], [-161.668272, 59.797732], [-161.66827, 59.797709], [-161.668267, 59.797687], [-161.668265, 59.797665], [-161.668263, 59.797644], [-161.668262, 59.797624], [-161.66826, 59.797601], [-161.668258, 59.797581], [-161.668256, 59.797562], [-161.668253, 59.797541], [-161.66825, 59.79746], [-161.668248, 59.797381], [-161.668247, 59.797298], [-161.668247, 59.797216], [-161.668249, 59.797132], [-161.668252, 59.797107], [-161.668257, 59.797082], [-161.668261, 59.797059], [-161.668266, 59.797036], [-161.668271, 59.797013], [-161.668276, 59.796994], [-161.668282, 59.796973], [-161.668288, 59.796949], [-161.668296, 59.796926], [-161.668303, 59.796901], [-161.668313, 59.796873], [-161.668322, 59.796847], [-161.668331, 59.79682], [-161.66834, 59.796794], [-161.668351, 59.796767], [-161.668362, 59.796741], [-161.668374, 59.796713], [-161.668386, 59.796686], [-161.668399, 59.796659], [-161.668412, 59.796632], [-161.668426, 59.796606], [-161.66844, 59.796579], [-161.668455, 59.796551], [-161.66847, 59.796522], [-161.668486, 59.796494], [-161.668502, 59.796465], [-161.668518, 59.796438], [-161.668533, 59.79641], [-161.668549, 59.796383], [-161.668567, 59.796354], [-161.668585, 59.796327], [-161.668604, 59.796298], [-161.668624, 59.79627], [-161.668646, 59.796242], [-161.668668, 59.796215], [-161.668692, 59.796188], [-161.668717, 59.79616], [-161.668744, 59.796133], [-161.668772, 59.796107], [-161.668801, 59.79608], [-161.668829, 59.796055], [-161.668858, 59.796031], [-161.668886, 59.796008], [-161.668915, 59.795985], [-161.668943, 59.795964], [-161.668974, 59.795942], [-161.669003, 59.795922], [-161.669034, 59.795902], [-161.669063, 59.795883], [-161.669095, 59.795864], [-161.669125, 59.795847], [-161.669155, 59.79583], [-161.669184, 59.795814], [-161.669213, 59.795799], [-161.669241, 59.795784], [-161.669269, 59.79577], [-161.669297, 59.795757], [-161.669328, 59.795742], [-161.669359, 59.795729], [-161.669388, 59.795716], [-161.669417, 59.795703], [-161.669447, 59.795691], [-161.669477, 59.795679], [-161.669507, 59.795667], [-161.669539, 59.795654], [-161.669571, 59.795642], [-161.669604, 59.79563], [-161.669636, 59.795618], [-161.669667, 59.795607], [-161.669695, 59.795596], [-161.669723, 59.795586], [-161.669751, 59.795576], [-161.669782, 59.795566], [-161.669814, 59.795554], [-161.669847, 59.795543], [-161.669879, 59.795531], [-161.669911, 59.795519], [-161.669942, 59.795508], [-161.669974, 59.795496], [-161.670007, 59.795484], [-161.670039, 59.795472], [-161.670072, 59.795459], [-161.670103, 59.795447], [-161.670134, 59.795435], [-161.670166, 59.795423], [-161.670199, 59.795411], [-161.670229, 59.795399], [-161.670263, 59.795386], [-161.670297, 59.795373], [-161.670333, 59.79536], [-161.67037, 59.795346], [-161.67041, 59.79533], [-161.670449, 59.795315], [-161.670491, 59.795299], [-161.670532, 59.795283], [-161.670576, 59.795266], [-161.670619, 59.795248], [-161.670663, 59.795231], [-161.670707, 59.795213], [-161.67075, 59.795195], [-161.670793, 59.795176], [-161.670835, 59.795157], [-161.670877, 59.795137], [-161.670917, 59.795118], [-161.670956, 59.795098], [-161.670996, 59.795077], [-161.671034, 59.795056], [-161.671072, 59.795035], [-161.671111, 59.795012], [-161.671147, 59.794991], [-161.67118, 59.79497], [-161.671213, 59.794948], [-161.671245, 59.794927], [-161.671275, 59.794906], [-161.671304, 59.794885], [-161.671331, 59.794865], [-161.671357, 59.794845], [-161.671383, 59.794825], [-161.671408, 59.794805], [-161.671434, 59.794785], [-161.671459, 59.794765], [-161.671483, 59.794744], [-161.671506, 59.794723], [-161.671529, 59.794703], [-161.671552, 59.79468], [-161.671575, 59.794658], [-161.671596, 59.794635], [-161.671616, 59.794612], [-161.671635, 59.794589], [-161.671653, 59.794566], [-161.67167, 59.794543], [-161.671688, 59.794518], [-161.671705, 59.794493], [-161.671722, 59.794468], [-161.671739, 59.794443], [-161.671755, 59.794416], [-161.671772, 59.794389], [-161.671787, 59.794363], [-161.671802, 59.794336], [-161.671818, 59.794308], [-161.671833, 59.794281], [-161.671847, 59.794255], [-161.671861, 59.794228], [-161.671875, 59.7942], [-161.671889, 59.794174], [-161.671902, 59.794148], [-161.671916, 59.794119], [-161.67193, 59.794092], [-161.671943, 59.794064], [-161.671958, 59.794036], [-161.671973, 59.794009], [-161.671987, 59.793983], [-161.672002, 59.793956], [-161.672017, 59.793931], [-161.672033, 59.793904], [-161.67205, 59.793876], [-161.672067, 59.793847], [-161.672085, 59.793819], [-161.672104, 59.793789], [-161.672123, 59.793762], [-161.672141, 59.793736], [-161.67216, 59.793709], [-161.672181, 59.793681], [-161.672201, 59.793654], [-161.672224, 59.793625], [-161.672247, 59.793595], [-161.67227, 59.793565], [-161.672293, 59.793537], [-161.672317, 59.793506], [-161.672339, 59.793478], [-161.672362, 59.793448], [-161.672384, 59.793419], [-161.672406, 59.79339], [-161.672428, 59.793361], [-161.67245, 59.793332], [-161.672471, 59.793304], [-161.672492, 59.793275], [-161.672513, 59.793246], [-161.672533, 59.793217], [-161.672553, 59.793188], [-161.672574, 59.793158], [-161.672593, 59.79313], [-161.672611, 59.793103], [-161.672628, 59.793077], [-161.672645, 59.79305], [-161.672662, 59.793025], [-161.672679, 59.792999], [-161.672696, 59.792973], [-161.672713, 59.792946], [-161.672732, 59.792917], [-161.672749, 59.79289], [-161.672768, 59.792862], [-161.672785, 59.792835], [-161.672801, 59.792808], [-161.672816, 59.792782], [-161.672831, 59.792756], [-161.672846, 59.79273], [-161.672861, 59.792705], [-161.672876, 59.792679], [-161.672891, 59.792654], [-161.672906, 59.792629], [-161.672921, 59.792605], [-161.672937, 59.792579], [-161.672953, 59.792554], [-161.672969, 59.792528], [-161.672985, 59.792503], [-161.673002, 59.792478], [-161.673018, 59.792452], [-161.673035, 59.792429], [-161.673053, 59.792403], [-161.673072, 59.792378], [-161.673091, 59.792353], [-161.673112, 59.792329], [-161.673132, 59.792304], [-161.673153, 59.792279], [-161.673175, 59.792255], [-161.673197, 59.79223], [-161.673218, 59.792207], [-161.673241, 59.792183], [-161.673263, 59.79216], [-161.673285, 59.792137], [-161.673308, 59.792115], [-161.673331, 59.792093], [-161.673353, 59.792072], [-161.673378, 59.792051], [-161.673401, 59.792031], [-161.673425, 59.792011], [-161.673449, 59.791991], [-161.673474, 59.791972], [-161.673497, 59.791954], [-161.673521, 59.791936], [-161.673545, 59.791918], [-161.673568, 59.791902], [-161.673591, 59.791886], [-161.673614, 59.79187], [-161.673636, 59.791855], [-161.673658, 59.79184], [-161.673684, 59.791823], [-161.67371, 59.791806], [-161.673737, 59.791789], [-161.673766, 59.791772], [-161.673795, 59.791754], [-161.673824, 59.791736], [-161.673853, 59.791719], [-161.67388, 59.791702], [-161.673909, 59.791685], [-161.673938, 59.791667], [-161.673966, 59.791651], [-161.673997, 59.791632], [-161.67403, 59.791613], [-161.674063, 59.791593], [-161.674096, 59.791574], [-161.674133, 59.791552], [-161.674167, 59.791532], [-161.674203, 59.791511], [-161.674238, 59.79149], [-161.674274, 59.79147], [-161.674309, 59.79145], [-161.674346, 59.79143], [-161.674384, 59.791409], [-161.674422, 59.791389], [-161.674463, 59.791368], [-161.674505, 59.791348], [-161.674547, 59.791327], [-161.674589, 59.791308], [-161.674631, 59.791289], [-161.674675, 59.79127], [-161.674719, 59.791252], [-161.674765, 59.791235], [-161.674814, 59.791216], [-161.674864, 59.791199], [-161.674913, 59.791182], [-161.674962, 59.791167], [-161.67501, 59.791152], [-161.675058, 59.791138], [-161.675107, 59.791124], [-161.675159, 59.79111], [-161.67521, 59.791098], [-161.675263, 59.791085], [-161.675317, 59.791072], [-161.675372, 59.79106], [-161.675427, 59.791047], [-161.675488, 59.791034], [-161.675549, 59.791022], [-161.675611, 59.791009], [-161.675672, 59.790997], [-161.675733, 59.790986], [-161.675791, 59.790975], [-161.675846, 59.790965], [-161.675901, 59.790955], [-161.675955, 59.790945], [-161.676007, 59.790937], [-161.676058, 59.790928], [-161.676112, 59.790919], [-161.676163, 59.790911], [-161.676211, 59.790904], [-161.676261, 59.790896], [-161.676308, 59.790888], [-161.676352, 59.790881], [-161.676397, 59.790874], [-161.676439, 59.790867], [-161.676477, 59.790861], [-161.676516, 59.790855], [-161.676555, 59.790848], [-161.676594, 59.790842], [-161.676638, 59.790834], [-161.676682, 59.790827], [-161.676729, 59.790819], [-161.676775, 59.79081], [-161.676821, 59.790802], [-161.676864, 59.790794], [-161.676909, 59.790785], [-161.676952, 59.790777], [-161.676994, 59.790768], [-161.677039, 59.790758], [-161.677084, 59.790748], [-161.677128, 59.790738], [-161.677176, 59.790727], [-161.677223, 59.790716], [-161.67727, 59.790704], [-161.677317, 59.790692], [-161.677364, 59.79068], [-161.677411, 59.790668], [-161.67746, 59.790655], [-161.677509, 59.790642], [-161.677561, 59.790627], [-161.677614, 59.790613], [-161.677666, 59.790599], [-161.677719, 59.790585], [-161.677772, 59.79057], [-161.677825, 59.790556], [-161.677879, 59.790542], [-161.677932, 59.790528], [-161.677986, 59.790514], [-161.678042, 59.790499], [-161.678098, 59.790484], [-161.678154, 59.790469], [-161.678211, 59.790454], [-161.67827, 59.790438], [-161.678327, 59.790423], [-161.678384, 59.790408], [-161.678441, 59.790393], [-161.678499, 59.790379], [-161.678556, 59.790364], [-161.678613, 59.790349], [-161.67867, 59.790335], [-161.678727, 59.79032], [-161.678784, 59.790307], [-161.678838, 59.790294], [-161.678892, 59.790283], [-161.678946, 59.790273], [-161.679127, 59.790257], [-161.679305, 59.790244], [-161.67948, 59.790233], [-161.679653, 59.790224], [-161.679819, 59.790217], [-161.679859, 59.790219], [-161.679899, 59.790221], [-161.679935, 59.790223], [-161.679971, 59.790225], [-161.68001, 59.790227], [-161.680048, 59.79023], [-161.680086, 59.790232], [-161.680126, 59.790235], [-161.680165, 59.790238], [-161.680205, 59.79024], [-161.680242, 59.790243], [-161.680279, 59.790245], [-161.680316, 59.790247], [-161.680351, 59.790249], [-161.680388, 59.790251], [-161.680422, 59.790253], [-161.680456, 59.790255], [-161.680485, 59.790256], [-161.680516, 59.790258], [-161.680545, 59.790259], [-161.680577, 59.79026], [-161.680606, 59.790261], [-161.680641, 59.790262], [-161.680675, 59.790262], [-161.680707, 59.790263], [-161.680739, 59.790264], [-161.680771, 59.790264], [-161.680804, 59.790264], [-161.680834, 59.790264], [-161.680867, 59.790264], [-161.6809, 59.790264], [-161.680936, 59.790264], [-161.680972, 59.790263], [-161.681011, 59.790262], [-161.68105, 59.790261], [-161.68109, 59.790261], [-161.68113, 59.790259], [-161.681167, 59.790258], [-161.681205, 59.790257], [-161.681246, 59.790255], [-161.681289, 59.790253], [-161.681336, 59.790251], [-161.681385, 59.790248], [-161.681437, 59.790245], [-161.681487, 59.790242], [-161.681535, 59.790239], [-161.681582, 59.790236], [-161.68163, 59.790233], [-161.681678, 59.79023], [-161.681727, 59.790226], [-161.681775, 59.790222], [-161.681824, 59.790218], [-161.681873, 59.790214], [-161.681922, 59.79021], [-161.681975, 59.790205], [-161.68203, 59.7902], [-161.682083, 59.790196], [-161.682138, 59.790191], [-161.682194, 59.790187], [-161.682247, 59.790182], [-161.682302, 59.790177], [-161.682358, 59.790173], [-161.682414, 59.790168], [-161.68247, 59.790163], [-161.682529, 59.790158], [-161.682582, 59.790154], [-161.682638, 59.79015], [-161.682694, 59.790146], [-161.68275, 59.790142], [-161.682802, 59.790139], [-161.682858, 59.790136], [-161.682913, 59.790134], [-161.682966, 59.790132], [-161.683019, 59.79013], [-161.683074, 59.790128], [-161.683129, 59.790127], [-161.683184, 59.790126], [-161.683242, 59.790125], [-161.6833, 59.790123], [-161.683358, 59.790122], [-161.683413, 59.790121], [-161.683468, 59.790121], [-161.683526, 59.79012], [-161.683582, 59.79012], [-161.683637, 59.79012], [-161.683695, 59.79012], [-161.683753, 59.79012], [-161.683808, 59.79012], [-161.683865, 59.79012], [-161.683923, 59.790119], [-161.683981, 59.790117], [-161.684041, 59.790116], [-161.684101, 59.790114], [-161.684158, 59.790112], [-161.684218, 59.79011], [-161.684275, 59.790107], [-161.684329, 59.790105], [-161.684383, 59.790103], [-161.68444, 59.790101], [-161.684494, 59.790099], [-161.684551, 59.790097], [-161.684608, 59.790096], [-161.684664, 59.790095], [-161.684721, 59.790094], [-161.68478, 59.790093], [-161.684839, 59.790093], [-161.684897, 59.790092], [-161.684955, 59.790091], [-161.685013, 59.790089], [-161.685069, 59.790087], [-161.685121, 59.790086], [-161.685174, 59.790083], [-161.685226, 59.79008], [-161.685278, 59.790077], [-161.68533, 59.790074], [-161.685385, 59.790069], [-161.68544, 59.790065], [-161.685495, 59.79006], [-161.685552, 59.790054], [-161.685609, 59.790047], [-161.685666, 59.79004], [-161.685719, 59.790033], [-161.685773, 59.790025], [-161.685823, 59.790018], [-161.685873, 59.79001], [-161.685923, 59.790001], [-161.685975, 59.789992], [-161.686024, 59.789983], [-161.686073, 59.789974], [-161.686121, 59.789964], [-161.686169, 59.789953], [-161.686217, 59.789942], [-161.686267, 59.789931], [-161.686316, 59.789919], [-161.686365, 59.789906], [-161.686414, 59.789894], [-161.686463, 59.78988], [-161.686509, 59.789868], [-161.686554, 59.789855], [-161.686597, 59.789842], [-161.68664, 59.78983], [-161.686683, 59.789817], [-161.686726, 59.789803], [-161.686768, 59.78979], [-161.686811, 59.789777], [-161.686853, 59.789763], [-161.686893, 59.78975], [-161.686932, 59.789737], [-161.686972, 59.789724], [-161.687011, 59.78971], [-161.687049, 59.789697], [-161.687088, 59.789684], [-161.687128, 59.78967], [-161.687166, 59.789657], [-161.687206, 59.789643], [-161.687246, 59.789629], [-161.687284, 59.789616], [-161.687322, 59.789603], [-161.687362, 59.789589], [-161.6874, 59.789577], [-161.68744, 59.789563], [-161.68748, 59.789549], [-161.68752, 59.789536], [-161.68756, 59.789523], [-161.687603, 59.789509], [-161.687644, 59.789496], [-161.687687, 59.789482], [-161.68773, 59.789469], [-161.687774, 59.789455], [-161.687817, 59.789441], [-161.68786, 59.789427], [-161.687903, 59.789413], [-161.687947, 59.789399], [-161.687991, 59.789386], [-161.688035, 59.789373], [-161.688083, 59.789359], [-161.68813, 59.789346], [-161.688179, 59.789333], [-161.688228, 59.78932], [-161.688277, 59.789307], [-161.688328, 59.789295], [-161.688379, 59.789283], [-161.688433, 59.789271], [-161.688489, 59.789259], [-161.688544, 59.789247], [-161.688598, 59.789236], [-161.688654, 59.789224], [-161.688709, 59.789213], [-161.688767, 59.789202], [-161.688825, 59.789191], [-161.688884, 59.789179], [-161.68894, 59.789169], [-161.689, 59.789159], [-161.689057, 59.789149], [-161.689114, 59.789141], [-161.689175, 59.789132], [-161.689236, 59.789124], [-161.689297, 59.789116], [-161.689359, 59.789109], [-161.68942, 59.789102], [-161.689481, 59.789097], [-161.689542, 59.789092], [-161.6896, 59.789088], [-161.689657, 59.789085], [-161.689712, 59.789082], [-161.689766, 59.78908], [-161.68982, 59.789078], [-161.689877, 59.789077], [-161.689932, 59.789076], [-161.689989, 59.789076], [-161.690046, 59.789075], [-161.6901, 59.789076], [-161.690154, 59.789076], [-161.690207, 59.789078], [-161.690261, 59.789079], [-161.690311, 59.789081], [-161.690363, 59.789084], [-161.690412, 59.789087], [-161.690461, 59.78909], [-161.69051, 59.789093], [-161.690562, 59.789097], [-161.690611, 59.7891], [-161.690659, 59.789104], [-161.690711, 59.789109], [-161.690759, 59.789114], [-161.690807, 59.789119], [-161.690854, 59.789124], [-161.690902, 59.78913], [-161.690949, 59.789136], [-161.690996, 59.789142], [-161.69104, 59.789148], [-161.691084, 59.789154], [-161.691127, 59.789161], [-161.69117, 59.789167], [-161.691213, 59.789174], [-161.691255, 59.789181], [-161.6913, 59.789189], [-161.691345, 59.789197], [-161.69139, 59.789204], [-161.691438, 59.789213], [-161.691485, 59.789221], [-161.69153, 59.789229], [-161.691573, 59.789236], [-161.691615, 59.789243], [-161.691653, 59.78925], [-161.691693, 59.789257], [-161.691733, 59.789263], [-161.691775, 59.78927], [-161.691815, 59.789277], [-161.691858, 59.789284], [-161.691895, 59.78929], [-161.691932, 59.789297], [-161.691969, 59.789303], [-161.692006, 59.789309], [-161.692044, 59.789315], [-161.692084, 59.789321], [-161.692126, 59.789328], [-161.692169, 59.789334], [-161.692212, 59.78934], [-161.692255, 59.789346], [-161.692296, 59.789352], [-161.692336, 59.789357], [-161.692374, 59.789362], [-161.692414, 59.789367], [-161.692452, 59.789371], [-161.692492, 59.789375], [-161.692533, 59.789379], [-161.692576, 59.789383], [-161.692617, 59.789387], [-161.692661, 59.78939], [-161.692705, 59.789393], [-161.692746, 59.789396], [-161.692788, 59.789399], [-161.692834, 59.789402], [-161.692879, 59.789404], [-161.692928, 59.789407], [-161.692979, 59.78941], [-161.693031, 59.789412], [-161.693083, 59.789414], [-161.693135, 59.789416], [-161.693188, 59.789418], [-161.693241, 59.789419], [-161.693294, 59.78942], [-161.693348, 59.78942], [-161.693402, 59.789421], [-161.693455, 59.789421], [-161.693509, 59.789421], [-161.693566, 59.78942], [-161.69362, 59.789419], [-161.693677, 59.789418], [-161.693731, 59.789416], [-161.693786, 59.789414], [-161.693839, 59.789412], [-161.693896, 59.789409], [-161.69395, 59.789405], [-161.694006, 59.789402], [-161.694059, 59.789398], [-161.694112, 59.789394], [-161.694164, 59.78939], [-161.694216, 59.789385], [-161.694265, 59.789381], [-161.694316, 59.789376], [-161.694364, 59.789371], [-161.694412, 59.789366], [-161.69446, 59.789361], [-161.69451, 59.789356], [-161.69456, 59.78935], [-161.69461, 59.789344], [-161.69466, 59.789338], [-161.69471, 59.789332], [-161.694761, 59.789326], [-161.694811, 59.789319], [-161.694864, 59.789313], [-161.694917, 59.789306], [-161.694973, 59.789299], [-161.695025, 59.789292], [-161.695078, 59.789284], [-161.695131, 59.789277], [-161.695183, 59.78927], [-161.695236, 59.789263], [-161.695292, 59.789255], [-161.695347, 59.789247], [-161.695403, 59.78924], [-161.69546, 59.789232], [-161.695519, 59.789224], [-161.695578, 59.789216], [-161.695638, 59.789208], [-161.6957, 59.789199], [-161.69576, 59.789191], [-161.695817, 59.789184], [-161.695874, 59.789176], [-161.695928, 59.789168], [-161.69598, 59.789161], [-161.696035, 59.789153], [-161.696089, 59.789145], [-161.696144, 59.789138], [-161.696201, 59.789129], [-161.696258, 59.789121], [-161.696314, 59.789113], [-161.696368, 59.789104], [-161.696421, 59.789096], [-161.696474, 59.789086], [-161.696527, 59.789076], [-161.696578, 59.789067], [-161.696631, 59.789056], [-161.696681, 59.789046], [-161.69673, 59.789036], [-161.696779, 59.789025], [-161.696828, 59.789013], [-161.696875, 59.789001], [-161.696925, 59.788988], [-161.696973, 59.788974], [-161.697019, 59.78896], [-161.697066, 59.788945], [-161.69711, 59.788931], [-161.697153, 59.788916], [-161.697195, 59.7889], [-161.697236, 59.788884], [-161.697276, 59.788868], [-161.697316, 59.788851], [-161.697354, 59.788833], [-161.697392, 59.788815], [-161.697431, 59.788796], [-161.697467, 59.788777], [-161.697505, 59.788757], [-161.697541, 59.788736], [-161.697575, 59.788716], [-161.697608, 59.788696], [-161.697639, 59.788676], [-161.697668, 59.788656], [-161.697694, 59.788638], [-161.697719, 59.788619], [-161.697741, 59.788601], [-161.697761, 59.788585], [-161.697782, 59.788567], [-161.6978, 59.78855], [-161.697818, 59.788533], [-161.697835, 59.788516], [-161.697852, 59.788498], [-161.697868, 59.78848], [-161.697884, 59.78846], [-161.697899, 59.788441], [-161.697913, 59.78842], [-161.697926, 59.7884], [-161.697937, 59.788382], [-161.697947, 59.788363], [-161.697957, 59.788344], [-161.697964, 59.788326], [-161.697971, 59.788306], [-161.697977, 59.788287], [-161.697982, 59.788268], [-161.697986, 59.78825], [-161.697989, 59.788232], [-161.697991, 59.788215], [-161.697993, 59.788197], [-161.697994, 59.788181], [-161.697994, 59.788165], [-161.697993, 59.788148], [-161.697992, 59.788133], [-161.697991, 59.788118], [-161.697989, 59.788102], [-161.697987, 59.788087], [-161.697984, 59.788071], [-161.697981, 59.788056], [-161.697977, 59.78804], [-161.697972, 59.788023], [-161.697967, 59.788006], [-161.697961, 59.78799], [-161.697954, 59.787973], [-161.697946, 59.787956], [-161.697938, 59.78794], [-161.69793, 59.787924], [-161.69792, 59.787907], [-161.69791, 59.787891], [-161.697899, 59.787875], [-161.697886, 59.787858], [-161.697874, 59.787843], [-161.697861, 59.787828], [-161.697845, 59.787811], [-161.69783, 59.787797], [-161.697814, 59.787782], [-161.697794, 59.787766], [-161.697774, 59.787751], [-161.697754, 59.787736], [-161.69773, 59.78772], [-161.697706, 59.787705], [-161.697684, 59.787691], [-161.697658, 59.787676], [-161.697629, 59.78766], [-161.6976, 59.787643], [-161.697568, 59.787626], [-161.697534, 59.787608], [-161.6975, 59.78759], [-161.697468, 59.787572], [-161.697433, 59.787554], [-161.697401, 59.787536], [-161.697367, 59.787517], [-161.697333, 59.787498], [-161.6973, 59.787478], [-161.697266, 59.787459], [-161.697232, 59.787439], [-161.697199, 59.78742], [-161.697165, 59.7874], [-161.697129, 59.787379], [-161.697092, 59.787358], [-161.697054, 59.787336], [-161.697015, 59.787314], [-161.696979, 59.787293], [-161.696942, 59.787272], [-161.696905, 59.787251], [-161.69687, 59.787231], [-161.696835, 59.78721], [-161.696798, 59.787189], [-161.696761, 59.787167], [-161.696724, 59.787145], [-161.69661, 59.78707], [-161.696498, 59.786996], [-161.696388, 59.786921], [-161.696279, 59.786845], [-161.696172, 59.786768], [-161.696142, 59.786742], [-161.696112, 59.786714], [-161.696083, 59.786686], [-161.696054, 59.786658], [-161.696027, 59.786629], [-161.696002, 59.786602], [-161.69598, 59.786575], [-161.695959, 59.786547], [-161.69594, 59.78652], [-161.695924, 59.786494], [-161.695909, 59.786466], [-161.695896, 59.786439], [-161.695884, 59.786411], [-161.695874, 59.786385], [-161.695865, 59.786357], [-161.695856, 59.786329], [-161.695849, 59.786301], [-161.695842, 59.786272], [-161.695836, 59.786241], [-161.695832, 59.78621], [-161.695829, 59.786179], [-161.695828, 59.786148], [-161.695829, 59.786119], [-161.695831, 59.78609], [-161.695835, 59.786061], [-161.695839, 59.786032], [-161.695845, 59.786003], [-161.695851, 59.785974], [-161.695858, 59.785946], [-161.695866, 59.785916], [-161.695874, 59.785885], [-161.695884, 59.785855], [-161.695894, 59.785825], [-161.695903, 59.785796], [-161.695913, 59.785769], [-161.695924, 59.785742], [-161.695935, 59.785714], [-161.695947, 59.785687], [-161.69596, 59.785657], [-161.695973, 59.785628], [-161.695987, 59.785599], [-161.696001, 59.785571], [-161.696016, 59.785543], [-161.696031, 59.785516], [-161.696047, 59.785489], [-161.696064, 59.785463], [-161.696083, 59.785435], [-161.696101, 59.785408], [-161.696123, 59.785379], [-161.696145, 59.78535], [-161.696167, 59.785322], [-161.69619, 59.785295], [-161.696216, 59.785266], [-161.69624, 59.785241], [-161.696266, 59.785216], [-161.696294, 59.785191], [-161.696322, 59.785167], [-161.69635, 59.785144], [-161.696382, 59.78512], [-161.696412, 59.785098], [-161.696444, 59.785077], [-161.696479, 59.785055], [-161.696515, 59.785034], [-161.696553, 59.785013], [-161.696594, 59.784993], [-161.696636, 59.784973], [-161.696677, 59.784956], [-161.69672, 59.784939], [-161.696763, 59.784923], [-161.69681, 59.784907], [-161.696856, 59.784892], [-161.696904, 59.784876], [-161.696953, 59.784861], [-161.697003, 59.784847], [-161.697054, 59.784833], [-161.697108, 59.784819], [-161.69716, 59.784806], [-161.697213, 59.784794], [-161.697266, 59.784782], [-161.697317, 59.784772], [-161.697365, 59.784762], [-161.697416, 59.784752], [-161.697467, 59.784742], [-161.697519, 59.784732], [-161.697571, 59.784722], [-161.697626, 59.784712], [-161.69768, 59.784702], [-161.697735, 59.784693], [-161.69779, 59.784683], [-161.697844, 59.784674], [-161.697899, 59.784665], [-161.697951, 59.784656], [-161.698005, 59.784648], [-161.69806, 59.784639], [-161.698113, 59.784631], [-161.698165, 59.784622], [-161.698217, 59.784614], [-161.698266, 59.784607], [-161.698313, 59.7846], [-161.698359, 59.784593], [-161.698403, 59.784586], [-161.698447, 59.784579], [-161.698492, 59.784572], [-161.698537, 59.784565], [-161.698582, 59.784558], [-161.698629, 59.784551], [-161.69868, 59.784543], [-161.698731, 59.784536], [-161.698784, 59.784528], [-161.698838, 59.78452], [-161.698891, 59.784512], [-161.698942, 59.784505], [-161.698992, 59.784498], [-161.699039, 59.784491], [-161.699089, 59.784484], [-161.699137, 59.784477], [-161.699184, 59.78447], [-161.699231, 59.784463], [-161.699278, 59.784456], [-161.699323, 59.78445], [-161.69937, 59.784443], [-161.699414, 59.784436], [-161.699456, 59.78443], [-161.699497, 59.784423], [-161.699541, 59.784416], [-161.699578, 59.78441], [-161.699621, 59.784403], [-161.699663, 59.784396], [-161.699705, 59.784388], [-161.699745, 59.784381], [-161.699789, 59.784372], [-161.69983, 59.784364], [-161.699871, 59.784356], [-161.699912, 59.784348], [-161.699955, 59.784339], [-161.699995, 59.78433], [-161.700035, 59.784322], [-161.700074, 59.784313], [-161.700113, 59.784304], [-161.700151, 59.784295], [-161.700189, 59.784285], [-161.700227, 59.784276], [-161.700264, 59.784267], [-161.700302, 59.784257], [-161.700334, 59.784249], [-161.700366, 59.784241], [-161.700396, 59.784234], [-161.700426, 59.784226], [-161.700455, 59.784219], [-161.700487, 59.784211], [-161.700519, 59.784202], [-161.700553, 59.784194], [-161.700587, 59.784185], [-161.700622, 59.784176], [-161.700659, 59.784166], [-161.700696, 59.784156], [-161.700733, 59.784146], [-161.700773, 59.784136], [-161.700813, 59.784125], [-161.70085, 59.784115], [-161.700887, 59.784105], [-161.700925, 59.784095], [-161.700959, 59.784086], [-161.700996, 59.784076], [-161.701033, 59.784066], [-161.701072, 59.784055], [-161.701113, 59.784043], [-161.701155, 59.784032], [-161.701197, 59.78402], [-161.701241, 59.784007], [-161.701285, 59.783995], [-161.70133, 59.783982], [-161.701375, 59.78397], [-161.70142, 59.783957], [-161.701466, 59.783945], [-161.701512, 59.783932], [-161.701558, 59.78392], [-161.701606, 59.783907], [-161.701655, 59.783893], [-161.701704, 59.78388], [-161.701753, 59.783867], [-161.701803, 59.783853], [-161.701852, 59.78384], [-161.701901, 59.783826], [-161.701951, 59.783813], [-161.702, 59.783799], [-161.70205, 59.783785], [-161.7021, 59.783772], [-161.70215, 59.783758], [-161.7022, 59.783744], [-161.702251, 59.78373], [-161.702301, 59.783717], [-161.702351, 59.783703], [-161.702401, 59.783689], [-161.702448, 59.783675], [-161.702498, 59.78366], [-161.702547, 59.783645], [-161.702594, 59.783631], [-161.70264, 59.783616], [-161.702689, 59.7836], [-161.702733, 59.783586], [-161.702777, 59.783571], [-161.702823, 59.783555], [-161.702867, 59.783541], [-161.702911, 59.783526], [-161.702959, 59.78351], [-161.703004, 59.783495], [-161.703052, 59.78348], [-161.703103, 59.783463], [-161.703152, 59.783448], [-161.7032, 59.783433], [-161.703252, 59.783418], [-161.703298, 59.783404], [-161.703345, 59.78339], [-161.703394, 59.783376], [-161.703443, 59.783362], [-161.703492, 59.783349], [-161.703544, 59.783335], [-161.703596, 59.783322], [-161.703648, 59.783309], [-161.703699, 59.783297], [-161.703751, 59.783285], [-161.703803, 59.783273], [-161.703854, 59.783262], [-161.703906, 59.783252], [-161.703958, 59.783242], [-161.704009, 59.783232], [-161.704061, 59.783222], [-161.704111, 59.783213], [-161.704161, 59.783205], [-161.704214, 59.783196], [-161.704267, 59.783187], [-161.704321, 59.783179], [-161.70438, 59.783171], [-161.704437, 59.783164], [-161.704491, 59.783157], [-161.704549, 59.783151], [-161.704606, 59.783146], [-161.704658, 59.783141], [-161.704712, 59.783138], [-161.704766, 59.783135], [-161.704813, 59.783133], [-161.704861, 59.783131], [-161.704908, 59.783129], [-161.704955, 59.783127], [-161.705002, 59.783125], [-161.705051, 59.783123], [-161.705101, 59.783121], [-161.70515, 59.783119], [-161.7052, 59.783117], [-161.705249, 59.783116], [-161.705299, 59.783115], [-161.705346, 59.783115], [-161.705396, 59.783115], [-161.705446, 59.783116], [-161.705494, 59.783118], [-161.705543, 59.783122], [-161.705594, 59.783127], [-161.705644, 59.783134], [-161.705692, 59.783142], [-161.705742, 59.783152], [-161.705786, 59.783163], [-161.705829, 59.783174], [-161.705871, 59.783186], [-161.705913, 59.783199], [-161.705955, 59.783213], [-161.705999, 59.783228], [-161.706043, 59.783243], [-161.706085, 59.78326], [-161.706127, 59.783278], [-161.706165, 59.783295], [-161.706201, 59.783313], [-161.706236, 59.783332], [-161.70627, 59.783352], [-161.706301, 59.783371], [-161.706334, 59.783392], [-161.706367, 59.783415], [-161.706398, 59.783438], [-161.706429, 59.783462], [-161.706459, 59.783487], [-161.706486, 59.783513], [-161.706509, 59.783537], [-161.706528, 59.783561], [-161.706545, 59.783584], [-161.706559, 59.783608], [-161.706571, 59.783631], [-161.706581, 59.783657], [-161.706589, 59.783681], [-161.706595, 59.783706], [-161.706597, 59.783732], [-161.706596, 59.783756], [-161.706593, 59.78378], [-161.706587, 59.783803], [-161.706578, 59.783825], [-161.706567, 59.783846], [-161.706555, 59.783867], [-161.706541, 59.783888], [-161.706525, 59.78391], [-161.706507, 59.783932], [-161.706487, 59.783954], [-161.706466, 59.783976], [-161.706444, 59.783997], [-161.706421, 59.784019], [-161.706397, 59.784041], [-161.706371, 59.784064], [-161.706346, 59.784088], [-161.706319, 59.784112], [-161.706293, 59.784138], [-161.706268, 59.784163], [-161.706242, 59.784189], [-161.706217, 59.784215], [-161.706191, 59.784242], [-161.706166, 59.784268], [-161.706141, 59.784294], [-161.706118, 59.78432], [-161.706095, 59.784347], [-161.706074, 59.784373], [-161.706054, 59.784398], [-161.706036, 59.784424], [-161.706018, 59.78445], [-161.706001, 59.784477], [-161.705986, 59.784505], [-161.705972, 59.784534], [-161.70596, 59.784565], [-161.70595, 59.784596], [-161.705943, 59.784624], [-161.705938, 59.784652], [-161.705936, 59.78468], [-161.705937, 59.784707], [-161.70594, 59.784733], [-161.705946, 59.784759], [-161.705955, 59.784785], [-161.705966, 59.784811], [-161.70598, 59.784836], [-161.705996, 59.78486], [-161.706013, 59.784883], [-161.706032, 59.784905], [-161.706052, 59.784926], [-161.706073, 59.784946], [-161.706097, 59.784966], [-161.706121, 59.784987], [-161.706147, 59.785006], [-161.706174, 59.785026], [-161.706202, 59.785044], [-161.70623, 59.785061], [-161.70626, 59.785078], [-161.706291, 59.785094], [-161.706321, 59.78511], [-161.706353, 59.785125], [-161.706386, 59.78514], [-161.706417, 59.785155], [-161.706451, 59.78517], [-161.706485, 59.785184], [-161.706518, 59.785198], [-161.706554, 59.785212], [-161.70659, 59.785225], [-161.706624, 59.785237], [-161.706662, 59.785249], [-161.706702, 59.785261], [-161.706744, 59.785273], [-161.706785, 59.785284], [-161.706828, 59.785294], [-161.706871, 59.785304], [-161.706912, 59.785313], [-161.706954, 59.785321], [-161.706998, 59.78533], [-161.707043, 59.785337], [-161.707091, 59.785345], [-161.707139, 59.785352], [-161.707187, 59.785359], [-161.707236, 59.785364], [-161.707285, 59.78537], [-161.707332, 59.785374], [-161.707385, 59.785378], [-161.707438, 59.785382], [-161.707491, 59.785386], [-161.707545, 59.785389], [-161.707599, 59.785392], [-161.70765, 59.785395], [-161.707702, 59.785398], [-161.707754, 59.785401], [-161.707809, 59.785405], [-161.707864, 59.785408], [-161.707919, 59.785412], [-161.707974, 59.785416], [-161.708029, 59.785419], [-161.708084, 59.785423], [-161.708139, 59.785427], [-161.708194, 59.78543], [-161.70825, 59.785433], [-161.708305, 59.785436], [-161.708361, 59.785439], [-161.708417, 59.785441], [-161.708594, 59.78545], [-161.708769, 59.785458], [-161.708943, 59.785467], [-161.709118, 59.785475], [-161.709292, 59.785483], [-161.709345, 59.785486], [-161.709404, 59.785487], [-161.709464, 59.785489], [-161.709523, 59.78549], [-161.709583, 59.785491], [-161.709643, 59.785492], [-161.7097, 59.785493], [-161.709757, 59.785493], [-161.709814, 59.785494], [-161.709871, 59.785494], [-161.709929, 59.785494], [-161.709986, 59.785494], [-161.710043, 59.785494], [-161.710101, 59.785493], [-161.710158, 59.785492], [-161.710215, 59.785491], [-161.710275, 59.78549], [-161.710335, 59.785488], [-161.710395, 59.785486], [-161.710454, 59.785484], [-161.710511, 59.785482], [-161.710564, 59.78548], [-161.710618, 59.785478], [-161.710671, 59.785476], [-161.710724, 59.785473], [-161.710779, 59.78547], [-161.710832, 59.785467], [-161.710884, 59.785463], [-161.710935, 59.78546], [-161.710984, 59.785456], [-161.711032, 59.785451], [-161.711082, 59.785446], [-161.71113, 59.78544], [-161.711178, 59.785434], [-161.711228, 59.785427], [-161.711277, 59.785418], [-161.711323, 59.78541], [-161.711368, 59.785402], [-161.711414, 59.785393], [-161.711459, 59.785384], [-161.711504, 59.785374], [-161.711552, 59.785364], [-161.7116, 59.785354], [-161.711649, 59.785344], [-161.711696, 59.785335], [-161.711743, 59.785325], [-161.711791, 59.785315], [-161.711836, 59.785306], [-161.711882, 59.785297], [-161.711929, 59.785288], [-161.711975, 59.785278], [-161.71202, 59.785269], [-161.712063, 59.785261], [-161.712103, 59.785253], [-161.712141, 59.785246], [-161.712176, 59.785239], [-161.712209, 59.785232], [-161.712244, 59.785225], [-161.712279, 59.785218], [-161.712314, 59.785211], [-161.712354, 59.785202], [-161.712393, 59.785194], [-161.712435, 59.785184], [-161.712477, 59.785174], [-161.71252, 59.785164], [-161.71256, 59.785153], [-161.7126, 59.785143], [-161.712637, 59.785132], [-161.712673, 59.785122], [-161.712707, 59.785111], [-161.71274, 59.7851], [-161.712773, 59.785089], [-161.712808, 59.785077], [-161.712845, 59.785064], [-161.712882, 59.78505], [-161.71292, 59.785036], [-161.712959, 59.785019], [-161.712996, 59.785004], [-161.713032, 59.784987], [-161.713067, 59.78497], [-161.713102, 59.784953], [-161.713135, 59.784935], [-161.713167, 59.784917], [-161.713198, 59.784898], [-161.71323, 59.784878], [-161.713261, 59.784857], [-161.713292, 59.784836], [-161.713322, 59.784813], [-161.713354, 59.784789], [-161.713383, 59.784764], [-161.713411, 59.784739], [-161.713438, 59.784713], [-161.713462, 59.784687], [-161.713483, 59.784661], [-161.713502, 59.784635], [-161.713519, 59.784609], [-161.713535, 59.784582], [-161.713549, 59.784555], [-161.713561, 59.784527], [-161.713572, 59.7845], [-161.713582, 59.784471], [-161.713591, 59.784443], [-161.713599, 59.784415], [-161.713606, 59.784387], [-161.713612, 59.78436], [-161.713617, 59.784333], [-161.713621, 59.784307], [-161.713625, 59.784281], [-161.713628, 59.784253], [-161.713631, 59.784226], [-161.713633, 59.784198], [-161.713635, 59.784169], [-161.713636, 59.784138], [-161.713636, 59.784108], [-161.713636, 59.784077], [-161.713634, 59.784046], [-161.713632, 59.784015], [-161.713629, 59.783986], [-161.713626, 59.783955], [-161.713623, 59.783923], [-161.713619, 59.783894], [-161.713616, 59.783865], [-161.713613, 59.783837], [-161.71361, 59.78381], [-161.713607, 59.783785], [-161.713603, 59.783758], [-161.713599, 59.783729], [-161.713595, 59.783701], [-161.713591, 59.783672], [-161.713587, 59.783642], [-161.713583, 59.783614], [-161.71358, 59.783585], [-161.713578, 59.783556], [-161.713577, 59.783528], [-161.713576, 59.783501], [-161.713577, 59.783473], [-161.713579, 59.783445], [-161.713582, 59.783417], [-161.713586, 59.783389], [-161.71359, 59.783361], [-161.713595, 59.783332], [-161.7136, 59.783304], [-161.713606, 59.783276], [-161.713613, 59.783246], [-161.713621, 59.783215], [-161.713629, 59.783183], [-161.713638, 59.783152], [-161.713647, 59.783122], [-161.713657, 59.783094], [-161.713667, 59.783066], [-161.713679, 59.783038], [-161.713691, 59.783012], [-161.713705, 59.782984], [-161.713721, 59.782956], [-161.713737, 59.782929], [-161.713755, 59.782902], [-161.713775, 59.782873], [-161.713796, 59.782844], [-161.713818, 59.782814], [-161.713841, 59.782786], [-161.713864, 59.782757], [-161.713887, 59.78273], [-161.713911, 59.782705], [-161.713935, 59.782681], [-161.71396, 59.782657], [-161.713984, 59.782635], [-161.714011, 59.782612], [-161.714038, 59.78259], [-161.714064, 59.782568], [-161.714091, 59.782548], [-161.714119, 59.782527], [-161.714148, 59.782507], [-161.714175, 59.782488], [-161.714205, 59.782469], [-161.714233, 59.782451], [-161.714263, 59.782432], [-161.714292, 59.782414], [-161.714323, 59.782395], [-161.714353, 59.782378], [-161.714385, 59.78236], [-161.714415, 59.782343], [-161.714446, 59.782326], [-161.714478, 59.78231], [-161.71451, 59.782294], [-161.71454, 59.782279], [-161.714573, 59.782264], [-161.714606, 59.782248], [-161.71464, 59.782233], [-161.714676, 59.782217], [-161.714715, 59.782201], [-161.714754, 59.782185], [-161.714796, 59.782169], [-161.714839, 59.782153], [-161.714883, 59.782138], [-161.714928, 59.782123], [-161.714975, 59.782107], [-161.715023, 59.782092], [-161.715072, 59.782078], [-161.715119, 59.782065], [-161.715167, 59.782052], [-161.715216, 59.782041], [-161.715265, 59.782029], [-161.715314, 59.782019], [-161.715367, 59.782008], [-161.71542, 59.781999], [-161.715471, 59.78199], [-161.715523, 59.781982], [-161.715574, 59.781974], [-161.715624, 59.781968], [-161.715674, 59.781961], [-161.715724, 59.781956], [-161.715778, 59.78195], [-161.715829, 59.781946], [-161.715885, 59.781941], [-161.715939, 59.781937], [-161.715996, 59.781934], [-161.716047, 59.781931], [-161.716102, 59.781928], [-161.716154, 59.781926], [-161.716205, 59.781924], [-161.716254, 59.781923], [-161.716306, 59.781922], [-161.716356, 59.781921], [-161.716405, 59.78192], [-161.716457, 59.78192], [-161.71651, 59.781921], [-161.716562, 59.781922], [-161.716617, 59.781923], [-161.716672, 59.781925], [-161.716727, 59.781927], [-161.716779, 59.78193], [-161.716832, 59.781933], [-161.716884, 59.781937], [-161.716935, 59.781941], [-161.716984, 59.781945], [-161.717035, 59.781951], [-161.717086, 59.781957], [-161.717133, 59.781963], [-161.717177, 59.78197], [-161.717224, 59.781977], [-161.717268, 59.781985], [-161.717311, 59.781993], [-161.717354, 59.782002], [-161.717399, 59.782011], [-161.717444, 59.782021], [-161.717488, 59.782032], [-161.717529, 59.782043], [-161.717571, 59.782055], [-161.717612, 59.782067], [-161.717651, 59.78208], [-161.717691, 59.782093], [-161.717732, 59.782108], [-161.717773, 59.782124], [-161.717812, 59.782139], [-161.717851, 59.782155], [-161.717891, 59.782172], [-161.717927, 59.782189], [-161.717964, 59.782207], [-161.718001, 59.782227], [-161.718035, 59.782246], [-161.718067, 59.782266], [-161.718098, 59.782286], [-161.718126, 59.782306], [-161.718151, 59.782324], [-161.718176, 59.782344], [-161.7182, 59.782364], [-161.718225, 59.782384], [-161.718247, 59.782404], [-161.71827, 59.782426], [-161.718291, 59.782446], [-161.718312, 59.782466], [-161.718333, 59.782487], [-161.718353, 59.782507], [-161.718372, 59.782527], [-161.718392, 59.782547], [-161.718412, 59.782568], [-161.718433, 59.782588], [-161.718454, 59.782609], [-161.718477, 59.782632], [-161.718501, 59.782655], [-161.718526, 59.78268], [-161.718551, 59.782704], [-161.718577, 59.78273], [-161.718602, 59.782755], [-161.718626, 59.78278], [-161.718651, 59.782806], [-161.718676, 59.782832], [-161.7187, 59.782858], [-161.718723, 59.782883], [-161.718747, 59.782908], [-161.71877, 59.782932], [-161.718791, 59.782955], [-161.718814, 59.782979], [-161.718836, 59.783003], [-161.718858, 59.783028], [-161.718879, 59.783052], [-161.718901, 59.783077], [-161.718922, 59.783101], [-161.718944, 59.783126], [-161.718965, 59.78315], [-161.718987, 59.783175], [-161.719012, 59.783203], [-161.719035, 59.783229], [-161.719058, 59.783255], [-161.719082, 59.783282], [-161.719106, 59.783308], [-161.719129, 59.783333], [-161.719153, 59.78336], [-161.719178, 59.783386], [-161.719202, 59.783411], [-161.719227, 59.783437], [-161.719251, 59.783462], [-161.719276, 59.783487], [-161.719299, 59.78351], [-161.719323, 59.783535], [-161.719346, 59.783556], [-161.719369, 59.78358], [-161.719391, 59.783601], [-161.719415, 59.783624], [-161.719439, 59.783647], [-161.719464, 59.783671], [-161.719488, 59.783694], [-161.719513, 59.783716], [-161.719537, 59.783739], [-161.71956, 59.78376], [-161.719584, 59.783781], [-161.719608, 59.783803], [-161.719633, 59.783825], [-161.719658, 59.783847], [-161.719682, 59.783868], [-161.719706, 59.783889], [-161.719728, 59.78391], [-161.719751, 59.783931], [-161.719772, 59.78395], [-161.719794, 59.783971], [-161.719816, 59.783992], [-161.719837, 59.784013], [-161.719859, 59.784034], [-161.719881, 59.784055], [-161.719903, 59.784075], [-161.719925, 59.784096], [-161.719946, 59.784115], [-161.719967, 59.784135], [-161.719988, 59.784154], [-161.720008, 59.784172], [-161.720029, 59.784191], [-161.720049, 59.784208], [-161.720068, 59.784226], [-161.720089, 59.784244], [-161.720109, 59.784263], [-161.720128, 59.78428], [-161.720148, 59.784298], [-161.720167, 59.784314], [-161.720185, 59.78433], [-161.720203, 59.784345], [-161.720219, 59.784359], [-161.720235, 59.784373], [-161.720253, 59.784388], [-161.720271, 59.784402], [-161.720364, 59.784471], [-161.720458, 59.78454], [-161.720554, 59.784608], [-161.72065, 59.784676], [-161.720746, 59.784743], [-161.720768, 59.784757], [-161.720789, 59.78477], [-161.72081, 59.784783], [-161.72083, 59.784796], [-161.720853, 59.78481], [-161.720873, 59.784823], [-161.720895, 59.784837], [-161.720915, 59.784851], [-161.720936, 59.784864], [-161.720955, 59.784876], [-161.720977, 59.78489], [-161.721, 59.784905], [-161.721023, 59.784919], [-161.721046, 59.784933], [-161.721071, 59.784949], [-161.721093, 59.784962], [-161.721115, 59.784976], [-161.721138, 59.784991], [-161.721161, 59.785004], [-161.721183, 59.785018], [-161.721206, 59.785031], [-161.721231, 59.785046], [-161.721257, 59.78506], [-161.721285, 59.785076], [-161.721314, 59.785091], [-161.721342, 59.785105], [-161.721368, 59.785118], [-161.721396, 59.785131], [-161.721425, 59.785145], [-161.721455, 59.785159], [-161.721487, 59.785174], [-161.721521, 59.78519], [-161.721556, 59.785205], [-161.72159, 59.78522], [-161.721624, 59.785233], [-161.721659, 59.785247], [-161.721693, 59.785259], [-161.721725, 59.78527], [-161.721758, 59.78528], [-161.721791, 59.785291], [-161.721825, 59.785301], [-161.721857, 59.78531], [-161.721894, 59.78532], [-161.721932, 59.78533], [-161.721976, 59.785342], [-161.722019, 59.785353], [-161.722066, 59.785364], [-161.722112, 59.785375], [-161.72216, 59.785386], [-161.722203, 59.785395], [-161.722249, 59.785405], [-161.722296, 59.785414], [-161.722341, 59.785422], [-161.722386, 59.785431], [-161.722434, 59.78544], [-161.722479, 59.785449], [-161.722524, 59.785457], [-161.722568, 59.785466], [-161.722613, 59.785474], [-161.722657, 59.785481], [-161.722702, 59.785488], [-161.722747, 59.785494], [-161.722793, 59.785499], [-161.722838, 59.785504], [-161.722881, 59.785507], [-161.722924, 59.78551], [-161.722967, 59.785513], [-161.72301, 59.785515], [-161.723054, 59.785516], [-161.723097, 59.785518], [-161.72314, 59.785519], [-161.723183, 59.785519], [-161.723226, 59.785519], [-161.723269, 59.785519], [-161.723313, 59.785519], [-161.723356, 59.785518], [-161.723399, 59.785517], [-161.723443, 59.785516], [-161.723486, 59.785515], [-161.72353, 59.785514], [-161.723574, 59.785513], [-161.723617, 59.785512], [-161.72366, 59.785511], [-161.723703, 59.78551], [-161.723745, 59.785509], [-161.723788, 59.785508], [-161.72383, 59.785506], [-161.723874, 59.785505], [-161.723919, 59.785504], [-161.723963, 59.785502], [-161.724006, 59.785501], [-161.72405, 59.7855], [-161.724093, 59.785498], [-161.724136, 59.785496], [-161.724179, 59.785494], [-161.724222, 59.785492], [-161.724262, 59.78549], [-161.724299, 59.785488], [-161.724336, 59.785486], [-161.724373, 59.785484], [-161.724412, 59.785482], [-161.724452, 59.785479], [-161.724494, 59.785477], [-161.724536, 59.785474], [-161.724575, 59.785472], [-161.724615, 59.785469], [-161.724657, 59.785466], [-161.724696, 59.785463], [-161.724735, 59.785461], [-161.724777, 59.785458], [-161.724816, 59.785456], [-161.724855, 59.785454], [-161.724891, 59.785452], [-161.724928, 59.785451], [-161.724964, 59.78545], [-161.724997, 59.785449], [-161.72503, 59.785449], [-161.725066, 59.785449], [-161.725102, 59.785449], [-161.725136, 59.785449], [-161.725172, 59.785448], [-161.725208, 59.785448], [-161.725245, 59.785448], [-161.725282, 59.785448], [-161.725324, 59.785448], [-161.725363, 59.785448], [-161.725406, 59.785448], [-161.725449, 59.785448], [-161.725494, 59.785448], [-161.725538, 59.785447], [-161.725587, 59.785447], [-161.725633, 59.785447], [-161.725679, 59.785447], [-161.725726, 59.785447], [-161.725773, 59.785448], [-161.725821, 59.785449], [-161.725869, 59.78545], [-161.725914, 59.785452], [-161.72596, 59.785454], [-161.726011, 59.785456], [-161.726063, 59.785459], [-161.726115, 59.785462], [-161.726176, 59.785467], [-161.726237, 59.785471], [-161.726295, 59.785476], [-161.726353, 59.78548], [-161.726414, 59.785485], [-161.726469, 59.785489], [-161.726524, 59.785492], [-161.72658, 59.785495], [-161.726636, 59.785498], [-161.72669, 59.785499], [-161.726746, 59.785501], [-161.7268, 59.785503], [-161.726853, 59.785504], [-161.726904, 59.785505], [-161.726954, 59.785506], [-161.727005, 59.785507], [-161.727055, 59.785508], [-161.727105, 59.785509], [-161.727158, 59.785509], [-161.727213, 59.78551], [-161.727269, 59.78551], [-161.727325, 59.78551], [-161.727381, 59.78551], [-161.727433, 59.78551], [-161.727486, 59.785509], [-161.727536, 59.785508], [-161.72759, 59.785507], [-161.72764, 59.785505], [-161.72769, 59.785503], [-161.727738, 59.785501], [-161.727788, 59.785499], [-161.727835, 59.785496], [-161.727885, 59.785493], [-161.727934, 59.78549], [-161.727984, 59.785486], [-161.728033, 59.785482], [-161.728083, 59.785478], [-161.728129, 59.785473], [-161.728179, 59.785469], [-161.728229, 59.785464], [-161.728282, 59.785459], [-161.728334, 59.785454], [-161.72839, 59.785449], [-161.72844, 59.785444], [-161.728492, 59.785438], [-161.728539, 59.785433], [-161.728585, 59.785428], [-161.728628, 59.785423], [-161.728674, 59.785418], [-161.72872, 59.785413], [-161.728766, 59.785407], [-161.728811, 59.785402], [-161.728857, 59.785396], [-161.728902, 59.78539], [-161.728945, 59.785385], [-161.728987, 59.78538], [-161.72903, 59.785374], [-161.729074, 59.785368], [-161.729119, 59.785362], [-161.729164, 59.785356], [-161.729209, 59.785349], [-161.729254, 59.785343], [-161.729295, 59.785337], [-161.72934, 59.78533], [-161.729388, 59.785322], [-161.729435, 59.785315], [-161.729482, 59.785307], [-161.729532, 59.785298], [-161.729579, 59.78529], [-161.729626, 59.78528], [-161.729675, 59.78527], [-161.729721, 59.785259], [-161.729764, 59.785249], [-161.729807, 59.785239], [-161.729849, 59.785228], [-161.729889, 59.785218], [-161.729934, 59.785206], [-161.729979, 59.785194], [-161.73003, 59.78518], [-161.730077, 59.785167], [-161.730125, 59.785154], [-161.730172, 59.785141], [-161.730219, 59.785128], [-161.730261, 59.785117], [-161.730303, 59.785105], [-161.730348, 59.785094], [-161.73039, 59.785082], [-161.730431, 59.785071], [-161.730475, 59.78506], [-161.73052, 59.785048], [-161.730564, 59.785036], [-161.730609, 59.785024], [-161.730654, 59.785013], [-161.730699, 59.785001], [-161.730747, 59.784989], [-161.730792, 59.784978], [-161.73084, 59.784967], [-161.73089, 59.784954], [-161.730939, 59.784943], [-161.730987, 59.784932], [-161.731038, 59.784921], [-161.73109, 59.784909], [-161.731142, 59.784898], [-161.731194, 59.784887], [-161.731247, 59.784877], [-161.7313, 59.784867], [-161.731354, 59.784857], [-161.731408, 59.784848], [-161.731465, 59.784839], [-161.731522, 59.784831], [-161.731579, 59.784823], [-161.731639, 59.784815], [-161.7317, 59.784807], [-161.731761, 59.7848], [-161.731823, 59.784792], [-161.731885, 59.784785], [-161.731944, 59.784778], [-161.731997, 59.784772], [-161.73205, 59.784767], [-161.732103, 59.784761], [-161.732157, 59.784756], [-161.73221, 59.784752], [-161.732269, 59.784747], [-161.732328, 59.784742], [-161.732384, 59.784737], [-161.73244, 59.784733], [-161.732496, 59.784729], [-161.732548, 59.784725], [-161.7326, 59.784722], [-161.732652, 59.784718], [-161.732704, 59.784714], [-161.732756, 59.78471], [-161.732808, 59.784706], [-161.73286, 59.784703], [-161.732916, 59.784699], [-161.732968, 59.784695], [-161.73302, 59.784691], [-161.733072, 59.784688], [-161.733124, 59.784684], [-161.733176, 59.784681], [-161.73323, 59.784677], [-161.733282, 59.784674], [-161.733336, 59.78467], [-161.73339, 59.784665], [-161.733444, 59.784661], [-161.733498, 59.784656], [-161.733555, 59.784651], [-161.733611, 59.784645], [-161.733668, 59.78464], [-161.733722, 59.784634], [-161.733778, 59.784627], [-161.733834, 59.784621], [-161.733889, 59.784613], [-161.733941, 59.784606], [-161.733996, 59.784597], [-161.734048, 59.784589], [-161.7341, 59.78458], [-161.73415, 59.784571], [-161.734202, 59.784562], [-161.734252, 59.784553], [-161.734301, 59.784544], [-161.73435, 59.784535], [-161.734401, 59.784525], [-161.734448, 59.784515], [-161.734498, 59.784504], [-161.734543, 59.784493], [-161.734588, 59.784481], [-161.73463, 59.78447], [-161.734674, 59.784457], [-161.734717, 59.784443], [-161.734761, 59.784429], [-161.734804, 59.784415], [-161.734848, 59.7844], [-161.734892, 59.784385], [-161.734934, 59.784371], [-161.734978, 59.784357], [-161.735023, 59.784342], [-161.735067, 59.784328], [-161.735114, 59.784313], [-161.735164, 59.784296], [-161.735212, 59.78428], [-161.735259, 59.784264], [-161.735309, 59.784246], [-161.735355, 59.784231], [-161.7354, 59.784215], [-161.735447, 59.7842], [-161.735494, 59.784185], [-161.735541, 59.784172], [-161.73559, 59.784159], [-161.735639, 59.784147], [-161.735691, 59.784135], [-161.735746, 59.784123], [-161.735802, 59.784112], [-161.735861, 59.7841], [-161.735921, 59.784089], [-161.735983, 59.784078], [-161.736044, 59.784067], [-161.736105, 59.784057], [-161.736166, 59.784048], [-161.736224, 59.78404], [-161.73628, 59.784033], [-161.736336, 59.784026], [-161.736391, 59.784021], [-161.73645, 59.784016], [-161.736511, 59.784011], [-161.736573, 59.784006], [-161.736638, 59.784002], [-161.736703, 59.783997], [-161.736765, 59.783994], [-161.736831, 59.783991], [-161.736894, 59.783988], [-161.736956, 59.783987], [-161.737015, 59.783986], [-161.737077, 59.783986], [-161.737133, 59.783986], [-161.737191, 59.783987], [-161.737249, 59.783989], [-161.737306, 59.783991], [-161.737358, 59.783992], [-161.737412, 59.783994], [-161.737463, 59.783996], [-161.737511, 59.783999], [-161.737559, 59.784001], [-161.737606, 59.784004], [-161.737653, 59.784006], [-161.737697, 59.784009], [-161.737738, 59.784011], [-161.737779, 59.784013], [-161.737819, 59.784015], [-161.737859, 59.784017], [-161.737902, 59.784018], [-161.737945, 59.784019], [-161.737993, 59.784021], [-161.738041, 59.784022], [-161.738087, 59.784023], [-161.738132, 59.784024], [-161.738177, 59.784025], [-161.738219, 59.784026], [-161.738262, 59.784027], [-161.738304, 59.784029], [-161.738349, 59.78403], [-161.738395, 59.784032], [-161.73844, 59.784034], [-161.738488, 59.784036], [-161.738537, 59.784038], [-161.738585, 59.784041], [-161.738634, 59.784043], [-161.73868, 59.784046], [-161.738725, 59.784049], [-161.738771, 59.784053], [-161.738816, 59.784056], [-161.738862, 59.784059], [-161.738909, 59.784063], [-161.738957, 59.784066], [-161.739005, 59.784069], [-161.739053, 59.784073], [-161.739101, 59.784077], [-161.739149, 59.784081], [-161.739194, 59.784086], [-161.739241, 59.784091], [-161.739288, 59.784096], [-161.739335, 59.784101], [-161.739382, 59.784106], [-161.739429, 59.784112], [-161.739476, 59.784117], [-161.739523, 59.784123], [-161.73957, 59.78413], [-161.739617, 59.784136], [-161.739664, 59.784143], [-161.73971, 59.784151], [-161.739756, 59.784158], [-161.739801, 59.784166], [-161.739847, 59.784174], [-161.739895, 59.784182], [-161.739941, 59.784189], [-161.739987, 59.784197], [-161.740032, 59.784204], [-161.740078, 59.784212], [-161.740122, 59.784219], [-161.740168, 59.784226], [-161.740317, 59.784253], [-161.740467, 59.78428], [-161.740614, 59.784307], [-161.740764, 59.784335], [-161.740916, 59.784364], [-161.740961, 59.784374], [-161.741009, 59.784384], [-161.74106, 59.784394], [-161.741108, 59.784404], [-161.741154, 59.784414], [-161.741202, 59.784424], [-161.74125, 59.784434], [-161.741296, 59.784443], [-161.741344, 59.784453], [-161.741392, 59.784462], [-161.741437, 59.784471], [-161.741483, 59.78448], [-161.741529, 59.784488], [-161.741574, 59.784497], [-161.74162, 59.784506], [-161.741665, 59.784515], [-161.741711, 59.784523], [-161.741756, 59.784532], [-161.741803, 59.784542], [-161.741848, 59.784551], [-161.741896, 59.784561], [-161.741943, 59.78457], [-161.741991, 59.78458], [-161.742036, 59.78459], [-161.742083, 59.7846], [-161.742129, 59.784609], [-161.742174, 59.784619], [-161.742222, 59.78463], [-161.74227, 59.78464], [-161.742318, 59.784651], [-161.742368, 59.784662], [-161.742415, 59.784673], [-161.742463, 59.784684], [-161.74251, 59.784695], [-161.742555, 59.784705], [-161.7426, 59.784715], [-161.742647, 59.784725], [-161.742692, 59.784736], [-161.742737, 59.784746], [-161.742782, 59.784755], [-161.742826, 59.784765], [-161.742871, 59.784775], [-161.742916, 59.784785], [-161.742961, 59.784794], [-161.743006, 59.784804], [-161.743051, 59.784814], [-161.743094, 59.784823], [-161.743136, 59.784832], [-161.743179, 59.784842], [-161.743221, 59.784851], [-161.743261, 59.78486], [-161.743303, 59.78487], [-161.743345, 59.78488], [-161.743386, 59.78489], [-161.743425, 59.784899], [-161.743464, 59.784908], [-161.7435, 59.784916], [-161.743537, 59.784923], [-161.743572, 59.784931], [-161.743609, 59.784938], [-161.743648, 59.784946], [-161.743687, 59.784955], [-161.743727, 59.784963], [-161.743768, 59.784972], [-161.743807, 59.784981], [-161.743844, 59.784989], [-161.74388, 59.784997], [-161.743914, 59.785004], [-161.743945, 59.785011], [-161.743977, 59.785018], [-161.744008, 59.785024], [-161.744043, 59.78503], [-161.744077, 59.785037], [-161.744111, 59.785043], [-161.744149, 59.785049], [-161.744189, 59.785056], [-161.744226, 59.785062], [-161.744267, 59.785068], [-161.744305, 59.785075], [-161.744342, 59.785081], [-161.744378, 59.785087], [-161.744416, 59.785093], [-161.744454, 59.785099], [-161.744494, 59.785106], [-161.744538, 59.785112], [-161.744581, 59.785119], [-161.744622, 59.785124], [-161.744666, 59.785129], [-161.744711, 59.785135], [-161.744755, 59.785139], [-161.7448, 59.785144], [-161.744848, 59.785148], [-161.744894, 59.785153], [-161.744942, 59.785157], [-161.744991, 59.785161], [-161.745039, 59.785165], [-161.745088, 59.785169], [-161.74514, 59.785173], [-161.745189, 59.785176], [-161.745238, 59.785178], [-161.745287, 59.78518], [-161.745337, 59.785182], [-161.745387, 59.785183], [-161.745437, 59.785184], [-161.745487, 59.785184], [-161.745541, 59.785185], [-161.745591, 59.785185], [-161.745642, 59.785185], [-161.745695, 59.785184], [-161.745746, 59.785184], [-161.745796, 59.785183], [-161.745847, 59.785182], [-161.745898, 59.785181], [-161.745949, 59.78518], [-161.746, 59.785178], [-161.74605, 59.785177], [-161.746106, 59.785174], [-161.746162, 59.785171], [-161.746215, 59.785168], [-161.74627, 59.785164], [-161.746325, 59.78516], [-161.746377, 59.785155], [-161.746426, 59.78515], [-161.746481, 59.785144], [-161.746536, 59.785138], [-161.74659, 59.785131], [-161.746647, 59.785124], [-161.746707, 59.785116], [-161.746762, 59.785109], [-161.746816, 59.785102], [-161.746871, 59.785094], [-161.746923, 59.785087], [-161.746974, 59.78508], [-161.747029, 59.785072], [-161.747083, 59.785064], [-161.747137, 59.785056], [-161.747191, 59.785047], [-161.747245, 59.785039], [-161.747301, 59.785029], [-161.747357, 59.78502], [-161.747412, 59.785009], [-161.747467, 59.784998], [-161.747522, 59.784987], [-161.747572, 59.784976], [-161.747623, 59.784965], [-161.747675, 59.784953], [-161.747726, 59.78494], [-161.747778, 59.784927], [-161.747831, 59.784914], [-161.747882, 59.7849], [-161.747932, 59.784886], [-161.747983, 59.784872], [-161.748033, 59.784858], [-161.748083, 59.784843], [-161.748133, 59.784828], [-161.748183, 59.784813], [-161.748233, 59.784798], [-161.748284, 59.784782], [-161.748331, 59.784768], [-161.748379, 59.784753], [-161.748425, 59.784739], [-161.74847, 59.784725], [-161.748515, 59.78471], [-161.74856, 59.784696], [-161.748607, 59.78468], [-161.748654, 59.784665], [-161.7487, 59.784649], [-161.748744, 59.784634], [-161.748789, 59.784617], [-161.748829, 59.784603], [-161.748869, 59.784588], [-161.748909, 59.784574], [-161.748949, 59.784559], [-161.748988, 59.784544], [-161.749028, 59.784529], [-161.74907, 59.784513], [-161.749109, 59.784498], [-161.749151, 59.784481], [-161.74919, 59.784466], [-161.749232, 59.78445], [-161.749272, 59.784434], [-161.749313, 59.784418], [-161.749354, 59.784402], [-161.749398, 59.784384], [-161.749441, 59.784366], [-161.749485, 59.784347], [-161.749528, 59.784329], [-161.74957, 59.78431], [-161.749611, 59.784291], [-161.74965, 59.784273], [-161.749689, 59.784255], [-161.74973, 59.784236], [-161.749768, 59.784217], [-161.749807, 59.784198], [-161.749847, 59.784179], [-161.749887, 59.784159], [-161.749927, 59.784139], [-161.749968, 59.784118], [-161.750008, 59.784098], [-161.750046, 59.784078], [-161.750085, 59.784058], [-161.750123, 59.784038], [-161.750159, 59.784019], [-161.750197, 59.783998], [-161.750236, 59.783978], [-161.750274, 59.783958], [-161.750316, 59.783938], [-161.750359, 59.783916], [-161.7504, 59.783895], [-161.750441, 59.783874], [-161.750482, 59.783853], [-161.750521, 59.783833], [-161.750557, 59.783813], [-161.750595, 59.783793], [-161.750634, 59.783773], [-161.75067, 59.783754], [-161.750706, 59.783735], [-161.750742, 59.783715], [-161.750778, 59.783696], [-161.750812, 59.783678], [-161.750846, 59.78366], [-161.75088, 59.783641], [-161.750916, 59.783622], [-161.750953, 59.783603], [-161.750992, 59.783583], [-161.751031, 59.783563], [-161.751071, 59.783544], [-161.75111, 59.783526], [-161.751148, 59.783509], [-161.751187, 59.783491], [-161.751227, 59.783474], [-161.751267, 59.783457], [-161.751309, 59.78344], [-161.75135, 59.783423], [-161.751392, 59.783406], [-161.751433, 59.78339], [-161.751478, 59.783373], [-161.751522, 59.783356], [-161.751567, 59.783339], [-161.751613, 59.783323], [-161.751661, 59.783306], [-161.751708, 59.78329], [-161.751756, 59.783276], [-161.751805, 59.783261], [-161.751854, 59.783247], [-161.751903, 59.783234], [-161.751953, 59.78322], [-161.752004, 59.783208], [-161.752058, 59.783195], [-161.752113, 59.783183], [-161.752168, 59.783171], [-161.752224, 59.78316], [-161.752281, 59.78315], [-161.752343, 59.78314], [-161.752403, 59.78313], [-161.752463, 59.783122], [-161.752524, 59.783114], [-161.752583, 59.783107], [-161.752638, 59.783101], [-161.752697, 59.783096], [-161.752753, 59.783092], [-161.752809, 59.783089], [-161.752868, 59.783087], [-161.752931, 59.783085], [-161.752993, 59.783084], [-161.753058, 59.783084], [-161.753124, 59.783083], [-161.75319, 59.783083], [-161.753249, 59.783084], [-161.753309, 59.783085], [-161.753366, 59.783086], [-161.753423, 59.783087], [-161.75348, 59.783089], [-161.753537, 59.78309], [-161.75359, 59.783092], [-161.753647, 59.783094], [-161.753703, 59.783096], [-161.753759, 59.783099], [-161.753812, 59.783101], [-161.75387, 59.783105], [-161.753928, 59.783108], [-161.753985, 59.783112], [-161.754043, 59.783116], [-161.754102, 59.783121], [-161.754159, 59.783126], [-161.754215, 59.783131], [-161.754271, 59.783137], [-161.754327, 59.783142], [-161.754383, 59.783148], [-161.754439, 59.783154], [-161.754495, 59.78316], [-161.754551, 59.783167], [-161.754606, 59.783174], [-161.754659, 59.783181], [-161.754714, 59.783189], [-161.754767, 59.783197], [-161.754817, 59.783204], [-161.754864, 59.783211], [-161.754912, 59.783218], [-161.754954, 59.783224], [-161.754996, 59.783229], [-161.755038, 59.783235], [-161.75508, 59.783241], [-161.755122, 59.783246], [-161.755167, 59.783252], [-161.755211, 59.783258], [-161.755255, 59.783263], [-161.755303, 59.783269], [-161.75535, 59.783275], [-161.755397, 59.783281], [-161.755444, 59.783287], [-161.755492, 59.783293], [-161.755539, 59.783299], [-161.755589, 59.783305], [-161.755637, 59.783311], [-161.755688, 59.783317], [-161.75574, 59.783323], [-161.755794, 59.783328], [-161.755849, 59.783334], [-161.755907, 59.783339], [-161.755964, 59.783345], [-161.756025, 59.783351], [-161.756082, 59.783356], [-161.75614, 59.783361], [-161.756197, 59.783365], [-161.756258, 59.78337], [-161.756319, 59.783374], [-161.756381, 59.783377], [-161.756442, 59.783381], [-161.756504, 59.783384], [-161.756563, 59.783386], [-161.75662, 59.783387], [-161.756676, 59.783388], [-161.756736, 59.783389], [-161.756796, 59.783389], [-161.756857, 59.783389], [-161.75692, 59.783388], [-161.756983, 59.783387], [-161.757042, 59.783385], [-161.757101, 59.783383], [-161.75716, 59.78338], [-161.757218, 59.783377], [-161.757276, 59.783372], [-161.757333, 59.783367], [-161.75739, 59.783362], [-161.757446, 59.783355], [-161.7575, 59.783349], [-161.757553, 59.783342], [-161.757605, 59.783335], [-161.757655, 59.783328], [-161.757704, 59.783321], [-161.757756, 59.783313], [-161.757805, 59.783305], [-161.757854, 59.783297], [-161.757902, 59.783289], [-161.757951, 59.78328], [-161.757996, 59.783271], [-161.758138, 59.783243], [-161.758279, 59.783215], [-161.758423, 59.783185], [-161.758567, 59.783155], [-161.758711, 59.783125], [-161.758761, 59.783113], [-161.758813, 59.7831], [-161.758865, 59.783086], [-161.758916, 59.783073], [-161.75897, 59.783059], [-161.759021, 59.783045], [-161.75907, 59.783031], [-161.759118, 59.783017], [-161.759163, 59.783004], [-161.759208, 59.78299], [-161.759253, 59.782976], [-161.759298, 59.782962], [-161.759342, 59.782947], [-161.759388, 59.782931], [-161.759434, 59.782915], [-161.759479, 59.782899], [-161.759525, 59.782883], [-161.759567, 59.782867], [-161.759609, 59.782851], [-161.759648, 59.782836], [-161.759689, 59.782819], [-161.759727, 59.782803], [-161.759766, 59.782786], [-161.759803, 59.78277], [-161.759841, 59.782752], [-161.759876, 59.782734], [-161.759913, 59.782715], [-161.759948, 59.782696], [-161.759984, 59.782676], [-161.760018, 59.782657], [-161.760051, 59.782639], [-161.760082, 59.782621], [-161.760114, 59.782602], [-161.760144, 59.782584], [-161.760175, 59.782565], [-161.760205, 59.782546], [-161.760235, 59.782526], [-161.760263, 59.782507], [-161.76029, 59.782489], [-161.760315, 59.782471], [-161.760341, 59.782452], [-161.760367, 59.782433], [-161.760394, 59.782413], [-161.760421, 59.782393], [-161.76045, 59.782372], [-161.760476, 59.782352], [-161.760502, 59.782331], [-161.760527, 59.782311], [-161.760553, 59.782289], [-161.760576, 59.782269], [-161.760598, 59.78225], [-161.76062, 59.78223], [-161.760643, 59.782209], [-161.760663, 59.78219], [-161.760684, 59.78217], [-161.760703, 59.782152], [-161.760722, 59.782133], [-161.760739, 59.782115], [-161.760755, 59.782098], [-161.760772, 59.78208], [-161.760789, 59.782062], [-161.760805, 59.782044], [-161.76082, 59.782026], [-161.760835, 59.782009], [-161.760851, 59.78199], [-161.760867, 59.781971], [-161.760883, 59.781951], [-161.7609, 59.78193], [-161.760917, 59.781909], [-161.760933, 59.781888], [-161.760949, 59.781868], [-161.760967, 59.781846], [-161.760984, 59.781826], [-161.761001, 59.781807], [-161.761018, 59.781787], [-161.761035, 59.781768], [-161.761052, 59.781748], [-161.761072, 59.781726], [-161.76109, 59.781706], [-161.761107, 59.781685], [-161.761126, 59.781662], [-161.761144, 59.781641], [-161.761164, 59.781619], [-161.761184, 59.781597], [-161.761204, 59.781574], [-161.761226, 59.781552], [-161.761247, 59.78153], [-161.761268, 59.781509], [-161.761289, 59.781488], [-161.761312, 59.781466], [-161.761335, 59.781443], [-161.761358, 59.781421], [-161.761381, 59.781398], [-161.761408, 59.781373], [-161.761434, 59.781349], [-161.761461, 59.781325], [-161.761488, 59.781301], [-161.761516, 59.781278], [-161.761544, 59.781255], [-161.761573, 59.781233], [-161.761602, 59.781211], [-161.761634, 59.781189], [-161.761664, 59.781167], [-161.761695, 59.781146], [-161.761728, 59.781123], [-161.761759, 59.781102], [-161.761791, 59.781081], [-161.761823, 59.78106], [-161.761855, 59.781038], [-161.761887, 59.781017], [-161.761922, 59.780995], [-161.761954, 59.780973], [-161.761989, 59.780951], [-161.762022, 59.78093], [-161.762055, 59.780908], [-161.762086, 59.780889], [-161.76212, 59.780868], [-161.762154, 59.780847], [-161.762188, 59.780826], [-161.762223, 59.780806], [-161.762257, 59.780786], [-161.762293, 59.780767], [-161.762326, 59.780749], [-161.762361, 59.78073], [-161.762396, 59.780711], [-161.762432, 59.780692], [-161.762469, 59.780672], [-161.762507, 59.780652], [-161.762545, 59.780633], [-161.762581, 59.780615], [-161.76262, 59.780596], [-161.762654, 59.780579], [-161.76269, 59.78056], [-161.762725, 59.780543], [-161.762761, 59.780525], [-161.762795, 59.780509], [-161.762832, 59.780491], [-161.76287, 59.780472], [-161.762908, 59.780454], [-161.762946, 59.780435], [-161.762984, 59.780416], [-161.763024, 59.780397], [-161.76306, 59.780379], [-161.763096, 59.780361], [-161.763132, 59.780344], [-161.763168, 59.780326], [-161.763202, 59.78031], [-161.763236, 59.780293], [-161.76327, 59.780276], [-161.763299, 59.780262], [-161.763329, 59.780247], [-161.763357, 59.780233], [-161.763384, 59.780219], [-161.763411, 59.780206], [-161.76344, 59.780191], [-161.763467, 59.780177], [-161.763496, 59.780162], [-161.763525, 59.780147], [-161.763553, 59.780132], [-161.763582, 59.780117], [-161.763613, 59.7801], [-161.763641, 59.780085], [-161.763669, 59.780069], [-161.763693, 59.780056], [-161.763718, 59.780042], [-161.763741, 59.780029], [-161.763763, 59.780015], [-161.763786, 59.780002], [-161.763812, 59.779986], [-161.763837, 59.779971], [-161.763862, 59.779955], [-161.763889, 59.779938], [-161.763916, 59.779921], [-161.763942, 59.779904], [-161.763966, 59.779888], [-161.763989, 59.779873], [-161.764011, 59.779858], [-161.764032, 59.779842], [-161.764052, 59.779828], [-161.764071, 59.779814], [-161.764091, 59.779798], [-161.76411, 59.779782], [-161.764129, 59.779765], [-161.764148, 59.779748], [-161.764169, 59.779729], [-161.764189, 59.779709], [-161.764209, 59.77969], [-161.764227, 59.779671], [-161.764247, 59.779651], [-161.764265, 59.779632], [-161.764283, 59.779612], [-161.764301, 59.779592], [-161.76432, 59.77957], [-161.764338, 59.779548], [-161.764356, 59.779526], [-161.764373, 59.779505], [-161.764391, 59.779483], [-161.764409, 59.779461], [-161.764427, 59.779439], [-161.764444, 59.779416], [-161.764462, 59.779394], [-161.764479, 59.779372], [-161.764496, 59.779349], [-161.764511, 59.779328], [-161.764528, 59.779305], [-161.764544, 59.779282], [-161.764559, 59.779261], [-161.764574, 59.77924], [-161.764588, 59.779218], [-161.764602, 59.779198], [-161.764615, 59.779179], [-161.764628, 59.779159], [-161.764641, 59.779139], [-161.764653, 59.779119], [-161.764665, 59.779098], [-161.764677, 59.779077], [-161.76469, 59.779055], [-161.764702, 59.779034], [-161.764714, 59.779011], [-161.764726, 59.778989], [-161.764737, 59.778968], [-161.764747, 59.778946], [-161.764758, 59.778923], [-161.764768, 59.7789], [-161.764778, 59.778877], [-161.764787, 59.778853], [-161.764796, 59.77883], [-161.764803, 59.77881], [-161.76481, 59.77879], [-161.764817, 59.77877], [-161.764822, 59.778751], [-161.764828, 59.77873], [-161.764834, 59.778709], [-161.76484, 59.778687], [-161.764845, 59.778666], [-161.764851, 59.778644], [-161.764856, 59.778622], [-161.76486, 59.778601], [-161.764864, 59.778581], [-161.764868, 59.778559], [-161.764872, 59.778537], [-161.764874, 59.778516], [-161.764876, 59.778495], [-161.764878, 59.778475], [-161.764879, 59.778456], [-161.764879, 59.778436], [-161.764881, 59.778415], [-161.764882, 59.778395], [-161.764884, 59.778373], [-161.764886, 59.778349], [-161.764889, 59.778327], [-161.764892, 59.778304], [-161.764896, 59.778282], [-161.764899, 59.778259], [-161.764903, 59.778239], [-161.764906, 59.778221], [-161.76491, 59.778203], [-161.764914, 59.778184], [-161.764919, 59.778166], [-161.764924, 59.778148], [-161.764929, 59.778128], [-161.764934, 59.778109], [-161.76494, 59.778089], [-161.764946, 59.778069], [-161.764954, 59.778048], [-161.764962, 59.778027], [-161.764971, 59.778005], [-161.764982, 59.777983], [-161.764993, 59.777962], [-161.765006, 59.77794], [-161.765019, 59.777919], [-161.765033, 59.777898], [-161.765048, 59.777877], [-161.765063, 59.777856], [-161.765079, 59.777834], [-161.765097, 59.777811], [-161.765116, 59.777788], [-161.765135, 59.777766], [-161.765154, 59.777743], [-161.765175, 59.77772], [-161.765196, 59.777697], [-161.765218, 59.777674], [-161.765241, 59.777651], [-161.765266, 59.777626], [-161.765293, 59.777601], [-161.765319, 59.777576], [-161.765346, 59.777552], [-161.765376, 59.777527], [-161.765405, 59.777503], [-161.765435, 59.77748], [-161.765468, 59.777455], [-161.765502, 59.777431], [-161.765538, 59.777406], [-161.765574, 59.777382], [-161.765612, 59.777357], [-161.76565, 59.777332], [-161.765688, 59.777308], [-161.765725, 59.777285], [-161.765762, 59.777263], [-161.7658, 59.77724], [-161.765837, 59.777218], [-161.765874, 59.777197], [-161.765911, 59.777175], [-161.765948, 59.777153], [-161.765986, 59.77713], [-161.766024, 59.777107], [-161.76606, 59.777085], [-161.766096, 59.777063], [-161.766132, 59.777041], [-161.766164, 59.77702], [-161.766196, 59.777], [-161.766227, 59.77698], [-161.766259, 59.776959], [-161.766289, 59.77694], [-161.766321, 59.776919], [-161.766351, 59.7769], [-161.76638, 59.776881], [-161.766411, 59.776861], [-161.766441, 59.77684], [-161.766469, 59.776821], [-161.766498, 59.7768], [-161.766525, 59.776781], [-161.766548, 59.776764], [-161.766571, 59.776746], [-161.766595, 59.776728], [-161.766616, 59.776712], [-161.766639, 59.776695], [-161.766662, 59.776678], [-161.766684, 59.776661], [-161.766703, 59.776646], [-161.766726, 59.776628], [-161.766748, 59.776611], [-161.76677, 59.776593], [-161.766791, 59.776575], [-161.766813, 59.776556], [-161.766831, 59.77654], [-161.766849, 59.776525], [-161.766867, 59.77651], [-161.766885, 59.776494], [-161.766902, 59.776479], [-161.766921, 59.776462], [-161.76694, 59.776446], [-161.766959, 59.77643], [-161.766977, 59.776414], [-161.766996, 59.776399], [-161.767013, 59.776384], [-161.76703, 59.77637], [-161.767047, 59.776355], [-161.767064, 59.776341], [-161.767081, 59.776327], [-161.767098, 59.776313], [-161.767117, 59.776299], [-161.767135, 59.776285], [-161.767207, 59.776244], [-161.767279, 59.776203], [-161.767353, 59.776164], [-161.767429, 59.776124], [-161.767509, 59.776085], [-161.767538, 59.776074], [-161.767572, 59.776063], [-161.767609, 59.776051], [-161.767644, 59.77604], [-161.76768, 59.77603], [-161.767718, 59.77602], [-161.767755, 59.776012], [-161.76779, 59.776004], [-161.767827, 59.775996], [-161.767863, 59.77599], [-161.767897, 59.775983], [-161.767931, 59.775977], [-161.767967, 59.775971], [-161.768002, 59.775965], [-161.768038, 59.775959], [-161.768071, 59.775953], [-161.768104, 59.775948], [-161.768134, 59.775944], [-161.768169, 59.775938], [-161.768205, 59.775933], [-161.76824, 59.775929], [-161.768276, 59.775924], [-161.768312, 59.775919], [-161.768344, 59.775916], [-161.768376, 59.775913], [-161.768408, 59.775909], [-161.76844, 59.775907], [-161.768472, 59.775904], [-161.768504, 59.775902], [-161.768536, 59.7759], [-161.76857, 59.775898], [-161.768606, 59.775897], [-161.768643, 59.775896], [-161.76868, 59.775896], [-161.768719, 59.775896], [-161.768758, 59.775896], [-161.768796, 59.775896], [-161.768833, 59.775897], [-161.76887, 59.775897], [-161.768907, 59.775898], [-161.768944, 59.775899], [-161.768979, 59.775899], [-161.769018, 59.7759], [-161.76906, 59.775901], [-161.769099, 59.775902], [-161.769137, 59.775903], [-161.769177, 59.775904], [-161.769215, 59.775905], [-161.769251, 59.775905], [-161.76929, 59.775906], [-161.769329, 59.775908], [-161.769368, 59.775909], [-161.769405, 59.77591], [-161.769441, 59.775911], [-161.769476, 59.775913], [-161.76951, 59.775914], [-161.769545, 59.775916], [-161.769577, 59.775918], [-161.769611, 59.775921], [-161.769647, 59.775923], [-161.769685, 59.775927], [-161.769721, 59.775931], [-161.76976, 59.775935], [-161.769799, 59.77594], [-161.769836, 59.775945], [-161.76987, 59.77595], [-161.769903, 59.775955], [-161.769936, 59.775961], [-161.769969, 59.775967], [-161.770003, 59.775974], [-161.770038, 59.775982], [-161.770076, 59.775992], [-161.770113, 59.776002], [-161.770147, 59.776012], [-161.770182, 59.776023], [-161.770215, 59.776034], [-161.770247, 59.776045], [-161.770278, 59.776056], [-161.770311, 59.776068], [-161.770342, 59.77608], [-161.770372, 59.776093], [-161.770401, 59.776105], [-161.770429, 59.776117], [-161.770455, 59.776129], [-161.770482, 59.776142], [-161.770507, 59.776155], [-161.770533, 59.776168], [-161.770557, 59.776181], [-161.770581, 59.776194], [-161.770603, 59.776207], [-161.770625, 59.77622], [-161.770647, 59.776232], [-161.770668, 59.776245], [-161.77069, 59.776258], [-161.770711, 59.776271], [-161.770732, 59.776285], [-161.770752, 59.776297], [-161.770772, 59.77631], [-161.770792, 59.776322], [-161.770811, 59.776335], [-161.770831, 59.776348], [-161.770852, 59.776361], [-161.770872, 59.776375], [-161.770894, 59.77639], [-161.770916, 59.776405], [-161.770938, 59.776419], [-161.770959, 59.776434], [-161.770981, 59.776449], [-161.771001, 59.776463], [-161.771021, 59.776477], [-161.77104, 59.776491], [-161.771058, 59.776503], [-161.771075, 59.776516], [-161.771093, 59.776528], [-161.771111, 59.776541], [-161.771129, 59.776554], [-161.77115, 59.776568], [-161.77117, 59.776583], [-161.77119, 59.776597], [-161.77121, 59.776611], [-161.771232, 59.776627], [-161.771253, 59.776642], [-161.771275, 59.776657], [-161.771297, 59.776672], [-161.77132, 59.776689], [-161.771342, 59.776704], [-161.771362, 59.776718], [-161.771383, 59.776732], [-161.771404, 59.776747], [-161.771424, 59.77676], [-161.771445, 59.776774], [-161.771467, 59.776788], [-161.771489, 59.776802], [-161.771512, 59.776816], [-161.771536, 59.776831], [-161.77156, 59.776845], [-161.771585, 59.776859], [-161.771611, 59.776873], [-161.771634, 59.776886], [-161.77166, 59.7769], [-161.771685, 59.776914], [-161.771711, 59.776927], [-161.771736, 59.776939], [-161.771764, 59.776953], [-161.771792, 59.776967], [-161.77182, 59.776981], [-161.771849, 59.776994], [-161.771881, 59.77701], [-161.771911, 59.777024], [-161.771941, 59.777039], [-161.77197, 59.777053], [-161.771999, 59.777067], [-161.772024, 59.777079], [-161.772049, 59.777092], [-161.772072, 59.777103], [-161.772096, 59.777115], [-161.772119, 59.777126], [-161.772144, 59.777139], [-161.77217, 59.777151], [-161.772197, 59.777164], [-161.772225, 59.777178], [-161.772253, 59.777192], [-161.77228, 59.777205], [-161.772306, 59.777218], [-161.772332, 59.777231], [-161.772359, 59.777244], [-161.772385, 59.777258], [-161.77241, 59.777272], [-161.772436, 59.777285], [-161.772462, 59.777299], [-161.772487, 59.777312], [-161.772511, 59.777325], [-161.772536, 59.777338], [-161.772559, 59.77735], [-161.772584, 59.777363], [-161.772609, 59.777376], [-161.772635, 59.77739], [-161.772662, 59.777405], [-161.77269, 59.77742], [-161.772718, 59.777435], [-161.772744, 59.777449], [-161.772769, 59.777462], [-161.772794, 59.777475], [-161.772818, 59.777487], [-161.77284, 59.777498], [-161.772866, 59.77751], [-161.772892, 59.777522], [-161.772918, 59.777534], [-161.772945, 59.777545], [-161.772972, 59.777556], [-161.772998, 59.777566], [-161.773026, 59.777577], [-161.773055, 59.777587], [-161.773083, 59.777597], [-161.773113, 59.777607], [-161.77314, 59.777616], [-161.773168, 59.777625], [-161.773197, 59.777634], [-161.773226, 59.777642], [-161.773255, 59.777651], [-161.773288, 59.77766], [-161.77332, 59.777668], [-161.773355, 59.777676], [-161.77339, 59.777684], [-161.773427, 59.777692], [-161.773463, 59.7777], [-161.773501, 59.777707], [-161.773538, 59.777714], [-161.773577, 59.777721], [-161.773614, 59.777728], [-161.773654, 59.777735], [-161.773694, 59.777742], [-161.773735, 59.777748], [-161.773773, 59.777755], [-161.773812, 59.777761], [-161.773851, 59.777767], [-161.773888, 59.777773], [-161.773927, 59.777779], [-161.773967, 59.777785], [-161.774006, 59.777792], [-161.774043, 59.777798], [-161.77408, 59.777804], [-161.774115, 59.77781], [-161.774152, 59.777816], [-161.774189, 59.777822], [-161.774227, 59.777828], [-161.774264, 59.777835], [-161.774301, 59.777841], [-161.774336, 59.777847], [-161.774373, 59.777854], [-161.774412, 59.777861], [-161.774451, 59.777869], [-161.77449, 59.777876], [-161.774531, 59.777884], [-161.774572, 59.777892], [-161.774613, 59.777901], [-161.774653, 59.777909], [-161.774696, 59.777919], [-161.774738, 59.777928], [-161.774779, 59.777938], [-161.77482, 59.777948], [-161.774864, 59.777959], [-161.774904, 59.77797], [-161.774943, 59.77798], [-161.774981, 59.777991], [-161.775019, 59.778002], [-161.775056, 59.778014], [-161.775096, 59.778027], [-161.775136, 59.778041], [-161.775176, 59.778055], [-161.775215, 59.77807], [-161.775255, 59.778085], [-161.775294, 59.778101], [-161.775335, 59.778118], [-161.775376, 59.778135], [-161.775416, 59.778153], [-161.775456, 59.778171], [-161.775495, 59.77819], [-161.775533, 59.778208], [-161.77557, 59.778226], [-161.775606, 59.778244], [-161.775642, 59.778263], [-161.775675, 59.778281], [-161.775708, 59.778299], [-161.77574, 59.778317], [-161.775771, 59.778334], [-161.775799, 59.778351], [-161.775828, 59.778368], [-161.775856, 59.778385], [-161.775884, 59.778403], [-161.775913, 59.778421], [-161.775942, 59.778441], [-161.77597, 59.778461], [-161.775999, 59.778482], [-161.776027, 59.778504], [-161.776055, 59.778527], [-161.776084, 59.778552], [-161.776112, 59.778577], [-161.776139, 59.778602], [-161.776165, 59.778628], [-161.776191, 59.778654], [-161.776215, 59.778679], [-161.776239, 59.778704], [-161.776263, 59.778729], [-161.776284, 59.778752], [-161.776306, 59.778776], [-161.776326, 59.778799], [-161.776345, 59.778821], [-161.776363, 59.778843], [-161.776382, 59.778865], [-161.776399, 59.778887], [-161.776416, 59.778908], [-161.776433, 59.77893], [-161.776449, 59.778952], [-161.776463, 59.778972], [-161.776478, 59.778994], [-161.776492, 59.779016], [-161.776505, 59.779037], [-161.776518, 59.779059], [-161.77653, 59.779081], [-161.776542, 59.779102], [-161.776553, 59.779122], [-161.776564, 59.779145], [-161.776574, 59.779166], [-161.776583, 59.779188], [-161.776592, 59.779211], [-161.776601, 59.779236], [-161.776609, 59.77926], [-161.776616, 59.779285], [-161.776623, 59.779309], [-161.776629, 59.779334], [-161.776633, 59.779356], [-161.776637, 59.779378], [-161.77664, 59.7794], [-161.776643, 59.779421], [-161.776644, 59.779443], [-161.776645, 59.779465], [-161.776645, 59.779487], [-161.776644, 59.77951], [-161.776641, 59.779533], [-161.776638, 59.779554], [-161.776632, 59.779576], [-161.776625, 59.779597], [-161.776617, 59.779617], [-161.776607, 59.779638], [-161.776595, 59.77966], [-161.776582, 59.77968], [-161.776567, 59.7797], [-161.776552, 59.779719], [-161.776536, 59.779736], [-161.77652, 59.779754], [-161.776503, 59.77977], [-161.776485, 59.779787], [-161.776467, 59.779803], [-161.77645, 59.77982], [-161.776433, 59.779835], [-161.776417, 59.77985], [-161.776402, 59.779863], [-161.776387, 59.779878], [-161.776374, 59.779892], [-161.776361, 59.779907], [-161.776349, 59.77992], [-161.776337, 59.779935], [-161.776326, 59.77995], [-161.776316, 59.779965], [-161.776306, 59.779982], [-161.776296, 59.780001], [-161.776287, 59.78002], [-161.776279, 59.78004], [-161.776273, 59.780061], [-161.776268, 59.780082], [-161.776266, 59.780102], [-161.776265, 59.780123], [-161.776267, 59.780143], [-161.77627, 59.780163], [-161.776274, 59.780181], [-161.776279, 59.780198], [-161.776285, 59.780214], [-161.776289, 59.780227], [-161.776294, 59.780239], [-161.776298, 59.780249], [-161.776301, 59.780257], [-161.776305, 59.780263], [-161.776309, 59.780268], [-161.776312, 59.780272], [-161.776315, 59.780276], [-161.776317, 59.780279], [-161.776318, 59.780282], [-161.776319, 59.780286], [-161.77632, 59.780289], [-161.776321, 59.780292], [-161.776322, 59.780295], [-161.776322, 59.780298], [-161.776307, 59.780296], [-161.776289, 59.780294], [-161.776269, 59.780292], [-161.776247, 59.780289], [-161.776223, 59.780288], [-161.776212, 59.780292], [-161.7762, 59.780298], [-161.776188, 59.780304], [-161.776177, 59.780311], [-161.776165, 59.78032], [-161.776155, 59.780328], [-161.776145, 59.780337], [-161.776135, 59.780347], [-161.776124, 59.780359], [-161.776113, 59.780371], [-161.776101, 59.780384], [-161.776088, 59.780398], [-161.776077, 59.780412], [-161.776065, 59.780425], [-161.776054, 59.780439], [-161.776043, 59.780454], [-161.776032, 59.780469], [-161.77602, 59.780486], [-161.776009, 59.780504], [-161.775999, 59.780522], [-161.77599, 59.780541], [-161.775981, 59.78056], [-161.775974, 59.78058], [-161.775966, 59.780602], [-161.775961, 59.780623], [-161.775956, 59.780645], [-161.775951, 59.780669], [-161.775947, 59.780693], [-161.775944, 59.780716], [-161.775941, 59.780742], [-161.775939, 59.780766], [-161.775938, 59.78079], [-161.775937, 59.780816], [-161.775937, 59.78084], [-161.775938, 59.780866], [-161.77594, 59.780892], [-161.775943, 59.780917], [-161.775948, 59.780941], [-161.775954, 59.780966], [-161.775961, 59.780988], [-161.775969, 59.781009], [-161.775981, 59.781032], [-161.775993, 59.781054], [-161.776007, 59.781075], [-161.776023, 59.781096], [-161.776039, 59.781116], [-161.776054, 59.781133], [-161.77607, 59.781149], [-161.776086, 59.781164], [-161.776102, 59.781178], [-161.77612, 59.781192], [-161.776139, 59.781206], [-161.776157, 59.781219], [-161.776177, 59.781232], [-161.776198, 59.781245], [-161.77622, 59.781258], [-161.776242, 59.78127], [-161.776269, 59.781283], [-161.776295, 59.781295], [-161.776321, 59.781307], [-161.776351, 59.781319], [-161.776381, 59.78133], [-161.776408, 59.78134], [-161.776435, 59.781349], [-161.776466, 59.781358], [-161.776492, 59.781366], [-161.776519, 59.781373], [-161.776549, 59.781379], [-161.776579, 59.781385], [-161.776607, 59.78139], [-161.776637, 59.781395], [-161.776668, 59.7814], [-161.776699, 59.781403], [-161.776731, 59.781406], [-161.776762, 59.781408], [-161.776793, 59.78141], [-161.776823, 59.781411], [-161.776852, 59.781411], [-161.776879, 59.781411], [-161.776908, 59.78141], [-161.776937, 59.781409], [-161.776968, 59.781406], [-161.776999, 59.781403], [-161.777035, 59.781399], [-161.777072, 59.781393], [-161.777112, 59.781386], [-161.777151, 59.781378], [-161.777192, 59.781368], [-161.777234, 59.781358], [-161.777273, 59.781347], [-161.777311, 59.781336], [-161.777349, 59.781325], [-161.777387, 59.781313], [-161.777424, 59.781302], [-161.777463, 59.781289], [-161.777501, 59.781276], [-161.77754, 59.781262], [-161.777577, 59.781249], [-161.777614, 59.781235], [-161.777648, 59.781221], [-161.77768, 59.781208], [-161.777711, 59.781195], [-161.777741, 59.781182], [-161.777769, 59.78117], [-161.777798, 59.781157], [-161.777824, 59.781145], [-161.77785, 59.781133], [-161.777876, 59.781121], [-161.777903, 59.781109], [-161.777934, 59.781096], [-161.777965, 59.781083], [-161.777999, 59.78107], [-161.778034, 59.781057], [-161.778069, 59.781046], [-161.7781, 59.781036], [-161.778135, 59.781027], [-161.778167, 59.781019], [-161.7782, 59.781012], [-161.778233, 59.781006], [-161.778265, 59.781001], [-161.7783, 59.780996], [-161.778336, 59.780992], [-161.778369, 59.780988], [-161.778402, 59.780985], [-161.778437, 59.780982], [-161.778469, 59.78098], [-161.7785, 59.780979], [-161.778534, 59.780977], [-161.778565, 59.780976], [-161.778595, 59.780976], [-161.778627, 59.780976], [-161.778659, 59.780976], [-161.778692, 59.780976], [-161.778729, 59.780978], [-161.778766, 59.78098], [-161.778805, 59.780983], [-161.778847, 59.780987], [-161.77889, 59.780992], [-161.778932, 59.780998], [-161.778976, 59.781005], [-161.779021, 59.781014], [-161.779064, 59.781023], [-161.779107, 59.781034], [-161.779148, 59.781045], [-161.779188, 59.781057], [-161.779226, 59.781068], [-161.779267, 59.781081], [-161.779307, 59.781094], [-161.779348, 59.781108], [-161.779389, 59.781122], [-161.77943, 59.781136], [-161.779468, 59.78115], [-161.779507, 59.781164], [-161.779546, 59.781179], [-161.779584, 59.781194], [-161.779623, 59.781209], [-161.779662, 59.781224], [-161.779701, 59.781239], [-161.77974, 59.781255], [-161.779777, 59.78127], [-161.779814, 59.781286], [-161.779851, 59.781301], [-161.779886, 59.781315], [-161.779919, 59.781329], [-161.779954, 59.781343], [-161.779987, 59.781356], [-161.780017, 59.781368], [-161.780047, 59.781379], [-161.780078, 59.781391], [-161.780109, 59.781402], [-161.780139, 59.781413], [-161.780173, 59.781425], [-161.780208, 59.781436], [-161.780241, 59.781447], [-161.780277, 59.781458], [-161.780313, 59.781468], [-161.780345, 59.781476], [-161.78038, 59.781485], [-161.780416, 59.781493], [-161.780449, 59.7815], [-161.780484, 59.781507], [-161.780523, 59.781515], [-161.78056, 59.781522], [-161.780601, 59.781528], [-161.780643, 59.781535], [-161.780689, 59.781542], [-161.780735, 59.781548], [-161.780784, 59.781553], [-161.780831, 59.781557], [-161.780878, 59.78156], [-161.780925, 59.781561], [-161.78097, 59.781562], [-161.781015, 59.781561], [-161.781062, 59.78156], [-161.781107, 59.781558], [-161.781151, 59.781555], [-161.781197, 59.781551], [-161.781242, 59.781547], [-161.781288, 59.781542], [-161.781334, 59.781537], [-161.78138, 59.781532], [-161.781427, 59.781526], [-161.781473, 59.78152], [-161.781517, 59.781514], [-161.781564, 59.781508], [-161.781609, 59.781503], [-161.781659, 59.781496], [-161.781709, 59.781489], [-161.781761, 59.781481], [-161.781817, 59.781473], [-161.781875, 59.781464], [-161.78193, 59.781456], [-161.781983, 59.781448], [-161.782037, 59.781441], [-161.782088, 59.781434], [-161.782138, 59.781427], [-161.782189, 59.78142], [-161.782241, 59.781414], [-161.782292, 59.781407], [-161.782343, 59.781401], [-161.782395, 59.781395], [-161.782446, 59.781388], [-161.7825, 59.781382], [-161.782554, 59.781375], [-161.782607, 59.781368], [-161.782661, 59.781361], [-161.782715, 59.781354], [-161.782769, 59.781347], [-161.782825, 59.78134], [-161.782878, 59.781333], [-161.782932, 59.781326], [-161.782982, 59.78132], [-161.783033, 59.781314], [-161.783081, 59.781308], [-161.783129, 59.781303], [-161.783176, 59.781298], [-161.783224, 59.781292], [-161.783272, 59.781287], [-161.783318, 59.781283], [-161.783366, 59.781278], [-161.783414, 59.781274], [-161.783462, 59.78127], [-161.783507, 59.781266], [-161.783555, 59.781263], [-161.7836, 59.78126], [-161.783645, 59.781258], [-161.783693, 59.781255], [-161.78374, 59.781254], [-161.783788, 59.781252], [-161.783835, 59.781251], [-161.783882, 59.78125], [-161.783926, 59.78125], [-161.783967, 59.78125], [-161.784006, 59.781249], [-161.784045, 59.781249], [-161.784082, 59.78125], [-161.784118, 59.78125], [-161.784159, 59.781251], [-161.7842, 59.781251], [-161.784241, 59.781252], [-161.784285, 59.781253], [-161.784326, 59.781254], [-161.784367, 59.781256], [-161.78441, 59.781258], [-161.784454, 59.78126], [-161.784492, 59.781262], [-161.784532, 59.781264], [-161.784575, 59.781266], [-161.784616, 59.781269], [-161.784656, 59.781272], [-161.784699, 59.781275], [-161.784744, 59.781279], [-161.784784, 59.781282], [-161.784824, 59.781286], [-161.784864, 59.78129], [-161.784904, 59.781294], [-161.784946, 59.781299], [-161.784985, 59.781303], [-161.785026, 59.781308], [-161.785068, 59.781313], [-161.785112, 59.781319], [-161.78515, 59.781324], [-161.785192, 59.78133], [-161.785233, 59.781336], [-161.785274, 59.781342], [-161.785314, 59.781349], [-161.785355, 59.781356], [-161.785397, 59.781364], [-161.785439, 59.781372], [-161.785483, 59.781381], [-161.785525, 59.78139], [-161.785568, 59.7814], [-161.785612, 59.78141], [-161.785652, 59.78142], [-161.785692, 59.78143], [-161.785734, 59.781441], [-161.785776, 59.781453], [-161.785815, 59.781464], [-161.785856, 59.781477], [-161.785897, 59.781489], [-161.785937, 59.781503], [-161.785976, 59.781516], [-161.786017, 59.78153], [-161.786058, 59.781545], [-161.786096, 59.781559], [-161.786135, 59.781573], [-161.786175, 59.781589], [-161.786215, 59.781605], [-161.786254, 59.781621], [-161.786296, 59.781638], [-161.786337, 59.781656], [-161.786378, 59.781673], [-161.786418, 59.781692], [-161.786458, 59.78171], [-161.786497, 59.781729], [-161.786535, 59.781748], [-161.786573, 59.781768], [-161.786612, 59.781789], [-161.78665, 59.78181], [-161.786687, 59.781831], [-161.786724, 59.781853], [-161.78676, 59.781875], [-161.786795, 59.781895], [-161.786827, 59.781915], [-161.78686, 59.781936], [-161.78689, 59.781956], [-161.786918, 59.781974], [-161.786944, 59.781991], [-161.786973, 59.78201], [-161.786997, 59.782028], [-161.787022, 59.782046], [-161.787047, 59.782064], [-161.787073, 59.782084], [-161.787096, 59.782101], [-161.78712, 59.782119], [-161.787144, 59.782137], [-161.787169, 59.782156], [-161.787194, 59.782176], [-161.787219, 59.782196], [-161.787244, 59.782216], [-161.787268, 59.782237], [-161.787292, 59.782256], [-161.787315, 59.782276], [-161.787338, 59.782297], [-161.787361, 59.782317], [-161.787384, 59.782338], [-161.787406, 59.782357], [-161.787427, 59.782377], [-161.787449, 59.782397], [-161.787469, 59.782416], [-161.787491, 59.782437], [-161.787513, 59.782459], [-161.787536, 59.782481], [-161.787558, 59.782503], [-161.787581, 59.782526], [-161.787603, 59.782548], [-161.787625, 59.78257], [-161.787647, 59.782592], [-161.787669, 59.782615], [-161.787689, 59.782636], [-161.78771, 59.782658], [-161.787729, 59.782678], [-161.787748, 59.782698], [-161.787766, 59.782718], [-161.787785, 59.782738], [-161.787802, 59.782758], [-161.787821, 59.782778], [-161.787838, 59.782798], [-161.787857, 59.782818], [-161.787873, 59.782837], [-161.787889, 59.782855], [-161.787906, 59.782874], [-161.787922, 59.782892], [-161.787938, 59.78291], [-161.787955, 59.782928], [-161.787972, 59.782947], [-161.787989, 59.782965], [-161.788006, 59.782984], [-161.788025, 59.783004], [-161.788044, 59.783023], [-161.788065, 59.783044], [-161.788085, 59.783065], [-161.788108, 59.783087], [-161.788129, 59.783107], [-161.788152, 59.783129], [-161.788175, 59.783151], [-161.788198, 59.783174], [-161.788221, 59.783196], [-161.788245, 59.783219], [-161.788269, 59.783243], [-161.788293, 59.783267], [-161.788315, 59.783289], [-161.788338, 59.783312], [-161.78836, 59.783335], [-161.788383, 59.783358], [-161.788406, 59.78338], [-161.788431, 59.783405], [-161.788455, 59.783429], [-161.78848, 59.783453], [-161.788503, 59.783476], [-161.788527, 59.783499], [-161.78855, 59.783522], [-161.788574, 59.783545], [-161.788597, 59.783568], [-161.788621, 59.783591], [-161.788645, 59.783613], [-161.78867, 59.783636], [-161.788696, 59.783658], [-161.788807, 59.78374], [-161.788918, 59.783821], [-161.789031, 59.783901], [-161.789145, 59.783981], [-161.789261, 59.78406], [-161.789293, 59.784079], [-161.789328, 59.784098], [-161.789363, 59.784116], [-161.789399, 59.784134], [-161.789435, 59.784152], [-161.78947, 59.784168], [-161.789503, 59.784183], [-161.789537, 59.784197], [-161.78957, 59.784211], [-161.789602, 59.784224], [-161.789634, 59.784237], [-161.789667, 59.784249], [-161.789697, 59.784261], [-161.789724, 59.78427], [-161.789751, 59.78428], [-161.789778, 59.784289], [-161.789803, 59.784297], [-161.789828, 59.784305], [-161.789853, 59.784313], [-161.789878, 59.784321], [-161.789903, 59.784329], [-161.78993, 59.784337], [-161.789955, 59.784345], [-161.789982, 59.784353], [-161.790008, 59.78436], [-161.790033, 59.784368], [-161.790056, 59.784374], [-161.790081, 59.784382], [-161.790105, 59.784389], [-161.790132, 59.784397], [-161.790157, 59.784404], [-161.790184, 59.784411], [-161.790208, 59.784418], [-161.790233, 59.784425], [-161.790258, 59.784432], [-161.790283, 59.784439], [-161.790307, 59.784446], [-161.790332, 59.784453], [-161.790358, 59.78446], [-161.790383, 59.784467], [-161.790409, 59.784474], [-161.790436, 59.784481], [-161.790466, 59.784489], [-161.790496, 59.784497], [-161.79053, 59.784506], [-161.790565, 59.784515], [-161.790603, 59.784525], [-161.790639, 59.784534], [-161.790674, 59.784542], [-161.790706, 59.78455], [-161.790737, 59.784557], [-161.790766, 59.784563], [-161.790795, 59.78457], [-161.790822, 59.784576], [-161.790849, 59.784582], [-161.790878, 59.784589], [-161.790908, 59.784596], [-161.790937, 59.784603], [-161.790968, 59.78461], [-161.790998, 59.784618], [-161.791025, 59.784625], [-161.791053, 59.784632], [-161.791083, 59.78464], [-161.791111, 59.784647], [-161.79114, 59.784656], [-161.79117, 59.784664], [-161.791198, 59.784672], [-161.791224, 59.78468], [-161.791252, 59.784688], [-161.79128, 59.784697], [-161.791307, 59.784705], [-161.791335, 59.784714], [-161.791363, 59.784722], [-161.79139, 59.784731], [-161.791418, 59.78474], [-161.791447, 59.784749], [-161.791476, 59.784758], [-161.791505, 59.784767], [-161.791535, 59.784777], [-161.791564, 59.784786], [-161.791594, 59.784796], [-161.791625, 59.784807], [-161.791653, 59.784816], [-161.791681, 59.784826], [-161.791711, 59.784837], [-161.791739, 59.784847], [-161.791769, 59.784858], [-161.791802, 59.78487], [-161.791835, 59.784882], [-161.791867, 59.784894], [-161.7919, 59.784907], [-161.791932, 59.784919], [-161.791965, 59.784932], [-161.791998, 59.784945], [-161.792034, 59.78496], [-161.792071, 59.784975], [-161.792109, 59.784991], [-161.792146, 59.785006], [-161.792186, 59.785022], [-161.792227, 59.785038], [-161.792268, 59.785053], [-161.79231, 59.785068], [-161.792352, 59.785083], [-161.792394, 59.785098], [-161.792438, 59.785113], [-161.792483, 59.785129], [-161.79253, 59.785145], [-161.792578, 59.785163], [-161.792627, 59.785181], [-161.792671, 59.785197], [-161.792717, 59.785215], [-161.792763, 59.785232], [-161.792806, 59.785248], [-161.792848, 59.785264], [-161.79289, 59.78528], [-161.79293, 59.785296], [-161.792968, 59.78531], [-161.793007, 59.785326], [-161.793044, 59.785341], [-161.793084, 59.785357], [-161.79312, 59.785372], [-161.793161, 59.785389], [-161.7932, 59.785405], [-161.79324, 59.785422], [-161.793281, 59.785439], [-161.793321, 59.785456], [-161.793358, 59.785472], [-161.7934, 59.785489], [-161.79344, 59.785506], [-161.793479, 59.785523], [-161.793518, 59.785539], [-161.793558, 59.785555], [-161.793596, 59.78557], [-161.793631, 59.785584], [-161.793665, 59.785597], [-161.793701, 59.785611], [-161.793735, 59.785624], [-161.793769, 59.785636], [-161.793805, 59.785649], [-161.793844, 59.785663], [-161.793881, 59.785675], [-161.793921, 59.785688], [-161.793961, 59.785701], [-161.794004, 59.785715], [-161.794048, 59.785728], [-161.794091, 59.785741], [-161.794135, 59.785754], [-161.794182, 59.785767], [-161.79423, 59.785779], [-161.794278, 59.785792], [-161.794328, 59.785804], [-161.794379, 59.785817], [-161.794428, 59.785829], [-161.794476, 59.78584], [-161.794522, 59.785852], [-161.794568, 59.785863], [-161.794614, 59.785875], [-161.79466, 59.785886], [-161.794706, 59.785897], [-161.794754, 59.785908], [-161.794802, 59.785918], [-161.794849, 59.785928], [-161.794895, 59.785937], [-161.794943, 59.785946], [-161.79499, 59.785955], [-161.795035, 59.785964], [-161.795083, 59.785973], [-161.795131, 59.785981], [-161.795179, 59.78599], [-161.795225, 59.785998], [-161.795273, 59.786007], [-161.795322, 59.786016], [-161.795371, 59.786025], [-161.795419, 59.786033], [-161.795468, 59.786042], [-161.795518, 59.786051], [-161.795567, 59.786059], [-161.795615, 59.786067], [-161.795663, 59.786074], [-161.795713, 59.786082], [-161.795765, 59.786089], [-161.795813, 59.786095], [-161.795865, 59.786102], [-161.795917, 59.786108], [-161.795969, 59.786113], [-161.796022, 59.786119], [-161.796083, 59.786125], [-161.796145, 59.78613], [-161.796206, 59.786135], [-161.796268, 59.78614], [-161.79633, 59.786144], [-161.796386, 59.786147], [-161.796443, 59.78615], [-161.7965, 59.786152], [-161.796557, 59.786154], [-161.796614, 59.786155], [-161.79667, 59.786157], [-161.796727, 59.786158], [-161.796783, 59.786159], [-161.796839, 59.786159], [-161.796895, 59.786158], [-161.79695, 59.786157], [-161.797002, 59.786155], [-161.797054, 59.786153], [-161.797107, 59.78615], [-161.797159, 59.786147], [-161.797211, 59.786144], [-161.797266, 59.786139], [-161.797321, 59.786135], [-161.797373, 59.78613], [-161.797424, 59.786125], [-161.797478, 59.786119], [-161.797531, 59.786112], [-161.797582, 59.786106], [-161.797635, 59.786098], [-161.797687, 59.78609], [-161.797737, 59.786082], [-161.797786, 59.786073], [-161.797837, 59.786064], [-161.797888, 59.786053], [-161.797939, 59.786042], [-161.797989, 59.786031], [-161.798038, 59.786018], [-161.798087, 59.786006], [-161.798133, 59.785993], [-161.798181, 59.785979], [-161.798228, 59.785965], [-161.798274, 59.78595], [-161.798318, 59.785934], [-161.798362, 59.785918], [-161.798405, 59.785901], [-161.798446, 59.785884], [-161.798487, 59.785866], [-161.798526, 59.785848], [-161.798566, 59.785829], [-161.798602, 59.78581], [-161.798638, 59.785791], [-161.798673, 59.785771], [-161.798706, 59.785753], [-161.79874, 59.785733], [-161.798773, 59.785713], [-161.798806, 59.785692], [-161.798838, 59.785671], [-161.798872, 59.785647], [-161.798907, 59.785623], [-161.798941, 59.785599], [-161.798975, 59.785575], [-161.799011, 59.785549], [-161.799044, 59.785524], [-161.799077, 59.785498], [-161.79911, 59.785473], [-161.799142, 59.785448], [-161.799172, 59.785423], [-161.799202, 59.785398], [-161.799229, 59.785375], [-161.799257, 59.785351], [-161.799283, 59.785329], [-161.799309, 59.785306], [-161.799334, 59.785285], [-161.79936, 59.785262], [-161.799385, 59.78524], [-161.799411, 59.785217], [-161.799436, 59.785196], [-161.799461, 59.785174], [-161.799486, 59.785153], [-161.79951, 59.785132], [-161.799535, 59.785111], [-161.79956, 59.78509], [-161.799585, 59.785069], [-161.799611, 59.785048], [-161.799635, 59.785029], [-161.799662, 59.785007], [-161.79969, 59.784986], [-161.799716, 59.784966], [-161.799743, 59.784946], [-161.799772, 59.784926], [-161.799798, 59.784908], [-161.799824, 59.784891], [-161.79985, 59.784873], [-161.799877, 59.784855], [-161.799903, 59.784837], [-161.799931, 59.784818], [-161.799959, 59.784799], [-161.799989, 59.784779], [-161.800018, 59.78476], [-161.800049, 59.784741], [-161.800079, 59.784722], [-161.800111, 59.784702], [-161.800144, 59.784683], [-161.800177, 59.784665], [-161.80021, 59.784646], [-161.800244, 59.784628], [-161.800278, 59.78461], [-161.800312, 59.784592], [-161.800346, 59.784574], [-161.800381, 59.784556], [-161.80042, 59.784536], [-161.800457, 59.784518], [-161.800494, 59.7845], [-161.800532, 59.784483], [-161.80057, 59.784466], [-161.800608, 59.78445], [-161.800645, 59.784435], [-161.800684, 59.78442], [-161.800728, 59.784405], [-161.800771, 59.78439], [-161.800815, 59.784377], [-161.800859, 59.784364], [-161.800904, 59.784352], [-161.800948, 59.784342], [-161.800991, 59.784332], [-161.801036, 59.784322], [-161.801083, 59.784313], [-161.801128, 59.784304], [-161.801174, 59.784296], [-161.801222, 59.784288], [-161.801271, 59.784281], [-161.801318, 59.784274], [-161.80137, 59.784268], [-161.801422, 59.784262], [-161.801475, 59.784258], [-161.801528, 59.784254], [-161.801583, 59.78425], [-161.801634, 59.784248], [-161.801684, 59.784246], [-161.801735, 59.784245], [-161.801786, 59.784245], [-161.801836, 59.784246], [-161.801887, 59.784247], [-161.801937, 59.78425], [-161.801987, 59.784253], [-161.802037, 59.784257], [-161.802083, 59.784262], [-161.802132, 59.784267], [-161.80218, 59.784274], [-161.802227, 59.784282], [-161.802273, 59.78429], [-161.802321, 59.7843], [-161.802366, 59.78431], [-161.802411, 59.78432], [-161.802454, 59.784332], [-161.802498, 59.784343], [-161.802541, 59.784355], [-161.802585, 59.784368], [-161.80263, 59.784382], [-161.802674, 59.784395], [-161.802718, 59.784409], [-161.802759, 59.784423], [-161.8028, 59.784436], [-161.802839, 59.784449], [-161.802879, 59.784462], [-161.802918, 59.784475], [-161.80296, 59.784489], [-161.803001, 59.784503], [-161.803043, 59.784517], [-161.803084, 59.784532], [-161.803125, 59.784548], [-161.803163, 59.784563], [-161.8032, 59.784578], [-161.803238, 59.784596], [-161.803276, 59.784613], [-161.80331, 59.784631], [-161.803347, 59.784651], [-161.803382, 59.784672], [-161.803416, 59.784694], [-161.803449, 59.784716], [-161.803482, 59.78474], [-161.803512, 59.784764], [-161.80354, 59.784788], [-161.803565, 59.784811], [-161.803589, 59.784834], [-161.803611, 59.784858], [-161.803631, 59.784882], [-161.803649, 59.784906], [-161.803667, 59.784932], [-161.803684, 59.78496], [-161.803698, 59.784987], [-161.803711, 59.785015], [-161.803721, 59.785043], [-161.80373, 59.785071], [-161.803736, 59.785097], [-161.80374, 59.785124], [-161.803744, 59.785151], [-161.803746, 59.785177], [-161.803747, 59.785204], [-161.803747, 59.785231], [-161.803746, 59.785257], [-161.803745, 59.785283], [-161.803744, 59.785308], [-161.803742, 59.785333], [-161.80374, 59.785357], [-161.803737, 59.785381], [-161.803735, 59.785407], [-161.803731, 59.785432], [-161.803728, 59.785457], [-161.803724, 59.785483], [-161.80372, 59.785509], [-161.803715, 59.785535], [-161.80371, 59.78556], [-161.803705, 59.785584], [-161.8037, 59.785608], [-161.803696, 59.785631], [-161.803693, 59.785655], [-161.803707, 59.785759], [-161.803724, 59.785863], [-161.803746, 59.785967], [-161.803771, 59.786073], [-161.803801, 59.786179], [-161.803818, 59.786205], [-161.803836, 59.786233], [-161.803856, 59.786261], [-161.803875, 59.786288], [-161.803895, 59.786315], [-161.803913, 59.786339], [-161.803933, 59.786364], [-161.803952, 59.786387], [-161.803971, 59.78641], [-161.803991, 59.786433], [-161.804013, 59.786456], [-161.804034, 59.786479], [-161.804057, 59.786502], [-161.80408, 59.786526], [-161.804103, 59.786549], [-161.804124, 59.786571], [-161.804148, 59.786594], [-161.80417, 59.786616], [-161.804192, 59.786637], [-161.804217, 59.786662], [-161.804244, 59.786687], [-161.804271, 59.786713], [-161.804299, 59.786739], [-161.804328, 59.786765], [-161.804355, 59.78679], [-161.804383, 59.786815], [-161.804412, 59.78684], [-161.80444, 59.786864], [-161.804469, 59.786889], [-161.804497, 59.786912], [-161.804527, 59.786936], [-161.804557, 59.786959], [-161.804588, 59.786983], [-161.804622, 59.787007], [-161.804657, 59.787031], [-161.80469, 59.787054], [-161.804726, 59.787077], [-161.80476, 59.787099], [-161.804793, 59.787119], [-161.804827, 59.78714], [-161.80486, 59.78716], [-161.804891, 59.787178], [-161.804923, 59.787196], [-161.804954, 59.787214], [-161.804984, 59.78723], [-161.805014, 59.787246], [-161.805044, 59.787262], [-161.805075, 59.787277], [-161.805106, 59.787292], [-161.805137, 59.787307], [-161.805168, 59.787322], [-161.8052, 59.787336], [-161.805227, 59.787349], [-161.805254, 59.787362], [-161.805281, 59.787375], [-161.805308, 59.787388], [-161.805332, 59.7874], [-161.805359, 59.787413], [-161.805385, 59.787425], [-161.80541, 59.787437], [-161.805436, 59.78745], [-161.805465, 59.787463], [-161.805491, 59.787475], [-161.805518, 59.787487], [-161.805545, 59.787499], [-161.80557, 59.78751], [-161.805596, 59.787521], [-161.805621, 59.787531], [-161.805651, 59.787544], [-161.805682, 59.787557], [-161.805714, 59.787569], [-161.805743, 59.787581], [-161.805775, 59.787594], [-161.805803, 59.787605], [-161.805831, 59.787616], [-161.805859, 59.787627], [-161.805887, 59.787637], [-161.805916, 59.787648], [-161.805944, 59.787658], [-161.805973, 59.787668], [-161.805999, 59.787677], [-161.806028, 59.787687], [-161.806058, 59.787697], [-161.806087, 59.787706], [-161.806117, 59.787715], [-161.806149, 59.787725], [-161.806181, 59.787735], [-161.806214, 59.787744], [-161.806246, 59.787754], [-161.806279, 59.787764], [-161.806312, 59.787774], [-161.806342, 59.787783], [-161.806375, 59.787792], [-161.806407, 59.787802], [-161.80644, 59.787812], [-161.806473, 59.787821], [-161.806509, 59.787831], [-161.806545, 59.78784], [-161.806581, 59.787849], [-161.806623, 59.787859], [-161.806665, 59.787869], [-161.80671, 59.787879], [-161.806756, 59.787888], [-161.806802, 59.787898], [-161.806846, 59.787906], [-161.806893, 59.787914], [-161.80694, 59.787922], [-161.806988, 59.787929], [-161.807041, 59.787935], [-161.807093, 59.787941], [-161.807145, 59.787946], [-161.807197, 59.78795], [-161.80725, 59.787953], [-161.807301, 59.787956], [-161.807354, 59.787958], [-161.807408, 59.787959], [-161.807461, 59.78796], [-161.807515, 59.78796], [-161.807568, 59.78796], [-161.807622, 59.787958], [-161.807673, 59.787956], [-161.807725, 59.787954], [-161.807776, 59.787952], [-161.807825, 59.787949], [-161.807874, 59.787946], [-161.807925, 59.787943], [-161.807975, 59.78794], [-161.808025, 59.787935], [-161.808076, 59.78793], [-161.808124, 59.787924], [-161.808172, 59.787916], [-161.80822, 59.787907], [-161.808264, 59.787898], [-161.808307, 59.787888], [-161.80835, 59.787877], [-161.808392, 59.787865], [-161.808433, 59.787852], [-161.808476, 59.787837], [-161.808515, 59.787823], [-161.808556, 59.787806], [-161.808593, 59.78779], [-161.80863, 59.787774], [-161.808664, 59.787757], [-161.808699, 59.787739], [-161.808731, 59.787722], [-161.808766, 59.787703], [-161.8088, 59.787684], [-161.808834, 59.787665], [-161.808869, 59.787645], [-161.808906, 59.787623], [-161.808941, 59.7876], [-161.808977, 59.787577], [-161.809014, 59.787552], [-161.809048, 59.787527], [-161.809081, 59.787503], [-161.809113, 59.787478], [-161.809144, 59.787454], [-161.809174, 59.78743], [-161.809203, 59.787405], [-161.809233, 59.787381], [-161.809263, 59.787356], [-161.809292, 59.787332], [-161.809321, 59.787307], [-161.80935, 59.787282], [-161.809378, 59.787257], [-161.809407, 59.78723], [-161.809435, 59.787204], [-161.809463, 59.787177], [-161.809491, 59.78715], [-161.809518, 59.787123], [-161.809543, 59.787098], [-161.809567, 59.787072], [-161.809591, 59.787046], [-161.809614, 59.78702], [-161.809636, 59.786994], [-161.809658, 59.786967], [-161.809679, 59.786941], [-161.809698, 59.786914], [-161.809718, 59.786886], [-161.809738, 59.786858], [-161.809756, 59.78683], [-161.809774, 59.786801], [-161.809791, 59.786773], [-161.809806, 59.786746], [-161.809822, 59.786717], [-161.809836, 59.786688], [-161.80985, 59.786661], [-161.809863, 59.786633], [-161.809876, 59.786605], [-161.809887, 59.78658], [-161.809898, 59.786555], [-161.809909, 59.786529], [-161.809919, 59.786503], [-161.809929, 59.786478], [-161.809938, 59.786451], [-161.809947, 59.786424], [-161.809955, 59.786399], [-161.809963, 59.786374], [-161.809971, 59.786347], [-161.809979, 59.78632], [-161.809986, 59.786294], [-161.809994, 59.786264], [-161.81, 59.786235], [-161.810006, 59.786206], [-161.810012, 59.786176], [-161.810016, 59.786147], [-161.810019, 59.78612], [-161.810023, 59.786094], [-161.810025, 59.786067], [-161.810028, 59.78604], [-161.810031, 59.786013], [-161.810034, 59.785987], [-161.810037, 59.78596], [-161.81004, 59.785933], [-161.810043, 59.785908], [-161.810046, 59.785883], [-161.810049, 59.785857], [-161.810051, 59.785833], [-161.810054, 59.785809], [-161.810057, 59.785785], [-161.810059, 59.785761], [-161.810062, 59.785736], [-161.810064, 59.78571], [-161.810066, 59.785686], [-161.810068, 59.785661], [-161.81007, 59.785637], [-161.810072, 59.785612], [-161.810073, 59.785588], [-161.810075, 59.785563], [-161.810077, 59.785539], [-161.810079, 59.785513], [-161.810081, 59.785489], [-161.810082, 59.785464], [-161.810084, 59.78544], [-161.810086, 59.785415], [-161.810087, 59.785391], [-161.810089, 59.785365], [-161.810091, 59.785339], [-161.810093, 59.785312], [-161.810096, 59.785285], [-161.810098, 59.785257], [-161.8101, 59.785228], [-161.810102, 59.785201], [-161.810105, 59.785173], [-161.810107, 59.785146], [-161.81011, 59.785118], [-161.810113, 59.785092], [-161.810117, 59.785065], [-161.810121, 59.785037], [-161.810125, 59.78501], [-161.810129, 59.784982], [-161.810134, 59.784955], [-161.810138, 59.784927], [-161.810144, 59.784898], [-161.810151, 59.784868], [-161.810159, 59.784839], [-161.810168, 59.784809], [-161.810178, 59.784779], [-161.810187, 59.784751], [-161.810196, 59.784724], [-161.810206, 59.784696], [-161.810216, 59.784669], [-161.810226, 59.784641], [-161.810237, 59.784614], [-161.810249, 59.784586], [-161.810261, 59.784559], [-161.810275, 59.784532], [-161.810288, 59.784506], [-161.810304, 59.78448], [-161.810321, 59.784454], [-161.810339, 59.784428], [-161.810356, 59.784404], [-161.810376, 59.784379], [-161.810396, 59.784354], [-161.810417, 59.78433], [-161.810439, 59.784306], [-161.810461, 59.784282], [-161.810484, 59.784259], [-161.810508, 59.784236], [-161.810532, 59.784215], [-161.810556, 59.784194], [-161.81058, 59.784173], [-161.810607, 59.784152], [-161.810635, 59.784132], [-161.810666, 59.784111], [-161.810698, 59.784089], [-161.810732, 59.784069], [-161.810765, 59.784049], [-161.810799, 59.784031], [-161.810834, 59.784013], [-161.810868, 59.783997], [-161.810903, 59.78398], [-161.81094, 59.783964], [-161.810978, 59.783947], [-161.811016, 59.783931], [-161.811055, 59.783915], [-161.811097, 59.783898], [-161.811138, 59.783882], [-161.811179, 59.783866], [-161.811221, 59.783851], [-161.811263, 59.783836], [-161.811306, 59.78382], [-161.811346, 59.783806], [-161.811387, 59.783792], [-161.811427, 59.783778], [-161.811466, 59.783765], [-161.811503, 59.783752], [-161.811541, 59.78374], [-161.811574, 59.783729], [-161.811607, 59.783718], [-161.811638, 59.783708], [-161.811669, 59.783698], [-161.811698, 59.783689], [-161.81173, 59.783679], [-161.811761, 59.783669], [-161.811792, 59.78366], [-161.811826, 59.783649], [-161.811861, 59.783638], [-161.811895, 59.783628], [-161.811928, 59.783617], [-161.811962, 59.783606], [-161.811993, 59.783597], [-161.812024, 59.783587], [-161.812057, 59.783576], [-161.812091, 59.783565], [-161.812124, 59.783555], [-161.812158, 59.783544], [-161.812192, 59.783534], [-161.812225, 59.783523], [-161.812259, 59.783513], [-161.812295, 59.783502], [-161.812333, 59.78349], [-161.81237, 59.783478], [-161.812408, 59.783466], [-161.812445, 59.783454], [-161.81248, 59.783443], [-161.812513, 59.783432], [-161.812548, 59.78342], [-161.812583, 59.783408], [-161.812621, 59.783395], [-161.812659, 59.783382], [-161.812699, 59.783369], [-161.812738, 59.783356], [-161.812779, 59.783343], [-161.81282, 59.783329], [-161.812862, 59.783316], [-161.812904, 59.783302], [-161.812946, 59.783289], [-161.812988, 59.783276], [-161.81303, 59.783262], [-161.813075, 59.783248], [-161.813118, 59.783235], [-161.813163, 59.783221], [-161.813208, 59.783207], [-161.813254, 59.783193], [-161.8133, 59.783179], [-161.813348, 59.783165], [-161.813397, 59.78315], [-161.813446, 59.783136], [-161.813495, 59.783122], [-161.813547, 59.783107], [-161.813597, 59.783093], [-161.813647, 59.783079], [-161.813695, 59.783065], [-161.813743, 59.783052], [-161.813789, 59.78304], [-161.813836, 59.783027], [-161.813883, 59.783015], [-161.813933, 59.783002], [-161.813981, 59.78299], [-161.814029, 59.782978], [-161.81408, 59.782966], [-161.814132, 59.782953], [-161.814184, 59.782941], [-161.81424, 59.782929], [-161.814294, 59.782918], [-161.814348, 59.782907], [-161.814405, 59.782896], [-161.81446, 59.782886], [-161.814515, 59.782876], [-161.814574, 59.782867], [-161.81463, 59.782858], [-161.814683, 59.78285], [-161.81474, 59.782842], [-161.814797, 59.782835], [-161.814854, 59.782828], [-161.814917, 59.782822], [-161.81498, 59.782815], [-161.815044, 59.78281], [-161.815104, 59.782805], [-161.815165, 59.7828], [-161.815222, 59.782797], [-161.815277, 59.782794], [-161.815331, 59.782792], [-161.815388, 59.782791], [-161.815444, 59.78279], [-161.8155, 59.78279], [-161.815558, 59.782791], [-161.815613, 59.782791], [-161.815667, 59.782792], [-161.815722, 59.782794], [-161.815775, 59.782796], [-161.815827, 59.782798], [-161.815886, 59.782801], [-161.816095, 59.782822], [-161.8163, 59.782843], [-161.816508, 59.782866], [-161.816712, 59.78289], [-161.816913, 59.782915], [-161.816959, 59.782924], [-161.817004, 59.782933], [-161.817051, 59.782944], [-161.817098, 59.782956], [-161.817143, 59.782968], [-161.817188, 59.782981], [-161.817235, 59.782996], [-161.817278, 59.78301], [-161.817321, 59.783026], [-161.817363, 59.783042], [-161.817404, 59.783058], [-161.817444, 59.783076], [-161.817483, 59.783094], [-161.81752, 59.783113], [-161.817556, 59.783132], [-161.817592, 59.783153], [-161.817627, 59.783174], [-161.817662, 59.783197], [-161.817695, 59.783219], [-161.817727, 59.783242], [-161.817758, 59.783266], [-161.817786, 59.783289], [-161.817814, 59.783312], [-161.817843, 59.783336], [-161.81787, 59.783361], [-161.817898, 59.783386], [-161.817925, 59.783411], [-161.817952, 59.783436], [-161.817977, 59.78346], [-161.818001, 59.783482], [-161.818025, 59.783505], [-161.818049, 59.783527], [-161.818072, 59.78355], [-161.818096, 59.783574], [-161.81812, 59.783598], [-161.818142, 59.783621], [-161.818166, 59.783645], [-161.818189, 59.783668], [-161.81821, 59.783689], [-161.818233, 59.783712], [-161.818257, 59.783737], [-161.81828, 59.783761], [-161.818303, 59.783786], [-161.818327, 59.783813], [-161.81835, 59.783839], [-161.818373, 59.783865], [-161.818397, 59.783892], [-161.81842, 59.783918], [-161.818444, 59.783945], [-161.818468, 59.78397], [-161.818492, 59.783994], [-161.818516, 59.784019], [-161.818539, 59.784044], [-161.818562, 59.784067], [-161.818586, 59.784092], [-161.818608, 59.784115], [-161.818631, 59.784138], [-161.818655, 59.78416], [-161.818679, 59.784183], [-161.818703, 59.784205], [-161.818728, 59.784227], [-161.818753, 59.784249], [-161.818779, 59.78427], [-161.818805, 59.784291], [-161.818832, 59.784312], [-161.818859, 59.784333], [-161.818885, 59.784353], [-161.818911, 59.784372], [-161.81894, 59.784392], [-161.818968, 59.784411], [-161.818995, 59.78443], [-161.819024, 59.784448], [-161.819054, 59.784468], [-161.819083, 59.784485], [-161.819115, 59.784504], [-161.819147, 59.784522], [-161.819179, 59.784541], [-161.819213, 59.784559], [-161.819246, 59.784577], [-161.819278, 59.784593], [-161.819313, 59.784611], [-161.819348, 59.784629], [-161.819383, 59.784647], [-161.819419, 59.784664], [-161.819459, 59.784682], [-161.819499, 59.784699], [-161.819543, 59.784717], [-161.819586, 59.784733], [-161.819634, 59.78475], [-161.819684, 59.784767], [-161.819732, 59.784783], [-161.819781, 59.784798], [-161.81983, 59.784812], [-161.819875, 59.784824], [-161.819918, 59.784836], [-161.819967, 59.784847], [-161.820016, 59.784858], [-161.820066, 59.784869], [-161.820119, 59.78488], [-161.820175, 59.784891], [-161.820232, 59.784901], [-161.82029, 59.78491], [-161.820351, 59.784919], [-161.820413, 59.784928], [-161.820476, 59.784936], [-161.820536, 59.784942], [-161.820594, 59.784948], [-161.820652, 59.784953], [-161.82071, 59.784957], [-161.820768, 59.784961], [-161.820827, 59.784964], [-161.820886, 59.784967], [-161.820944, 59.784969], [-161.821003, 59.784971], [-161.821059, 59.784972], [-161.821114, 59.784973], [-161.821173, 59.784973], [-161.821231, 59.784973], [-161.821286, 59.784972], [-161.821344, 59.784971], [-161.821401, 59.784969], [-161.821458, 59.784967], [-161.821516, 59.784965], [-161.821575, 59.784962], [-161.821638, 59.784957], [-161.821699, 59.784952], [-161.821761, 59.784947], [-161.821822, 59.78494], [-161.821883, 59.784933], [-161.821942, 59.784925], [-161.822002, 59.784916], [-161.822063, 59.784907], [-161.822124, 59.784897], [-161.822183, 59.784886], [-161.822243, 59.784875], [-161.822299, 59.784864], [-161.822354, 59.784852], [-161.822409, 59.78484], [-161.822462, 59.784826], [-161.822516, 59.784812], [-161.822568, 59.784798], [-161.822619, 59.784782], [-161.82267, 59.784766], [-161.822717, 59.784749], [-161.822765, 59.784732], [-161.822813, 59.784713], [-161.82286, 59.784694], [-161.822905, 59.784675], [-161.822952, 59.784654], [-161.822993, 59.784635], [-161.823032, 59.784615], [-161.82307, 59.784594], [-161.823104, 59.784574], [-161.823137, 59.784553], [-161.823169, 59.784531], [-161.8232, 59.784508], [-161.823227, 59.784485], [-161.823255, 59.784462], [-161.823283, 59.784437], [-161.823309, 59.784413], [-161.823333, 59.784388], [-161.823358, 59.784362], [-161.823381, 59.784337], [-161.823401, 59.784311], [-161.823421, 59.784286], [-161.823439, 59.78426], [-161.823454, 59.784237], [-161.82347, 59.784212], [-161.823486, 59.784186], [-161.823501, 59.784159], [-161.823515, 59.784132], [-161.82353, 59.784103], [-161.823544, 59.784074], [-161.823557, 59.784046], [-161.823569, 59.784017], [-161.823582, 59.783986], [-161.823594, 59.783957], [-161.823606, 59.783926], [-161.823618, 59.783896], [-161.823629, 59.783866], [-161.823639, 59.783838], [-161.823649, 59.783807], [-161.823659, 59.783775], [-161.823668, 59.783745], [-161.823676, 59.783715], [-161.823685, 59.783685], [-161.823693, 59.783657], [-161.823701, 59.78363], [-161.82371, 59.783603], [-161.823718, 59.783576], [-161.823727, 59.783549], [-161.823736, 59.783524], [-161.823745, 59.783497], [-161.823754, 59.783468], [-161.823763, 59.783441], [-161.823772, 59.783413], [-161.823781, 59.783382], [-161.823791, 59.783352], [-161.823799, 59.783321], [-161.823808, 59.783289], [-161.823815, 59.783257], [-161.823822, 59.783228], [-161.823828, 59.783198], [-161.823835, 59.78317], [-161.823841, 59.78314], [-161.823848, 59.783113], [-161.823854, 59.783085], [-161.823861, 59.783057], [-161.823868, 59.783029], [-161.823875, 59.783001], [-161.823882, 59.782971], [-161.823889, 59.782941], [-161.823896, 59.782913], [-161.823903, 59.782884], [-161.82391, 59.782854], [-161.823918, 59.782824], [-161.823925, 59.782795], [-161.823933, 59.782765], [-161.823941, 59.782737], [-161.823948, 59.782709], [-161.823955, 59.782682], [-161.823962, 59.782653], [-161.823969, 59.782626], [-161.823976, 59.782597], [-161.823983, 59.782568], [-161.82399, 59.782539], [-161.823997, 59.782511], [-161.824004, 59.782482], [-161.824012, 59.782453], [-161.824019, 59.782425], [-161.824027, 59.782396], [-161.824035, 59.782365], [-161.824042, 59.782336], [-161.82405, 59.782307], [-161.824058, 59.782276], [-161.824065, 59.782246], [-161.824073, 59.782217], [-161.82408, 59.782188], [-161.824087, 59.782159], [-161.824094, 59.782132], [-161.8241, 59.782106], [-161.824106, 59.78208], [-161.824112, 59.782054], [-161.824118, 59.782027], [-161.824124, 59.781999], [-161.82413, 59.781971], [-161.824135, 59.781944], [-161.82414, 59.781916], [-161.824145, 59.781888], [-161.824149, 59.781857], [-161.824154, 59.781826], [-161.824157, 59.781793], [-161.824161, 59.781761], [-161.824164, 59.781728], [-161.824167, 59.781697], [-161.82417, 59.781666], [-161.824173, 59.781635], [-161.824176, 59.781604], [-161.824179, 59.781575], [-161.824182, 59.781544], [-161.824184, 59.781515], [-161.824187, 59.781485], [-161.824189, 59.781456], [-161.824191, 59.781427], [-161.824193, 59.781399], [-161.824194, 59.781368], [-161.824196, 59.781339], [-161.824197, 59.781309], [-161.824199, 59.78128], [-161.824201, 59.78125], [-161.824202, 59.781224], [-161.824205, 59.781195], [-161.824207, 59.781166], [-161.82421, 59.781137], [-161.824212, 59.781109], [-161.824215, 59.78108], [-161.824217, 59.781053], [-161.824218, 59.781027], [-161.82422, 59.781], [-161.824221, 59.780974], [-161.824222, 59.780947], [-161.824223, 59.780921], [-161.824224, 59.780892], [-161.824225, 59.780865], [-161.824227, 59.780837], [-161.824228, 59.78081], [-161.82423, 59.780783], [-161.824232, 59.780757], [-161.824235, 59.780732], [-161.824238, 59.780703], [-161.82424, 59.780676], [-161.824243, 59.780649], [-161.824246, 59.780622], [-161.824249, 59.780595], [-161.824252, 59.78057], [-161.824255, 59.780544], [-161.824259, 59.780519], [-161.824261, 59.780495], [-161.824264, 59.78047], [-161.824266, 59.780448], [-161.824268, 59.780425], [-161.824271, 59.780401], [-161.824273, 59.780378], [-161.824275, 59.780354], [-161.824278, 59.780331], [-161.824281, 59.780307], [-161.824284, 59.780284], [-161.824289, 59.780261], [-161.824293, 59.780239], [-161.824299, 59.780215], [-161.824305, 59.780192], [-161.824312, 59.780168], [-161.824318, 59.780144], [-161.824325, 59.780121], [-161.824331, 59.780099], [-161.824337, 59.780076], [-161.824344, 59.780054], [-161.82435, 59.780033], [-161.824356, 59.780011], [-161.824363, 59.779989], [-161.82437, 59.779968], [-161.824377, 59.779949], [-161.824384, 59.779928], [-161.824391, 59.779909], [-161.824399, 59.77989], [-161.824407, 59.779869], [-161.824415, 59.779849], [-161.824424, 59.779828], [-161.824432, 59.779808], [-161.824441, 59.779788], [-161.82445, 59.779769], [-161.824458, 59.779751], [-161.824468, 59.779732], [-161.824477, 59.779714], [-161.824486, 59.779697], [-161.824496, 59.779679], [-161.824506, 59.779662], [-161.824517, 59.779643], [-161.824528, 59.779625], [-161.82454, 59.779605], [-161.824552, 59.779586], [-161.824564, 59.779567], [-161.824577, 59.779548], [-161.82459, 59.77953], [-161.824603, 59.779512], [-161.824616, 59.779495], [-161.82463, 59.779478], [-161.824642, 59.779462], [-161.824656, 59.779445], [-161.824671, 59.779428], [-161.824687, 59.779409], [-161.824702, 59.779391], [-161.824718, 59.779373], [-161.824734, 59.779355], [-161.824751, 59.779335], [-161.824766, 59.779318], [-161.824784, 59.779298], [-161.824803, 59.779279], [-161.824821, 59.779259], [-161.82484, 59.779241], [-161.824861, 59.77922], [-161.824883, 59.779199], [-161.824906, 59.779177], [-161.824932, 59.779154], [-161.824958, 59.779131], [-161.824984, 59.779108], [-161.825012, 59.779084], [-161.825038, 59.779062], [-161.825065, 59.77904], [-161.825095, 59.779016], [-161.825125, 59.778993], [-161.825155, 59.778969], [-161.825187, 59.778946], [-161.825219, 59.778923], [-161.825252, 59.7789], [-161.825286, 59.778877], [-161.825321, 59.778854], [-161.825359, 59.77883], [-161.825397, 59.778806], [-161.825437, 59.778782], [-161.825478, 59.778759], [-161.82552, 59.778737], [-161.825563, 59.778715], [-161.825607, 59.778694], [-161.825652, 59.778674], [-161.825698, 59.778654], [-161.825744, 59.778634], [-161.825791, 59.778614], [-161.825838, 59.778595], [-161.825885, 59.778576], [-161.825929, 59.778557], [-161.825975, 59.77854], [-161.826021, 59.778522], [-161.826065, 59.778506], [-161.826112, 59.778489], [-161.826162, 59.778472], [-161.82621, 59.778457], [-161.826259, 59.778442], [-161.826311, 59.778427], [-161.826359, 59.778415], [-161.826407, 59.778404], [-161.826458, 59.778392], [-161.826509, 59.778382], [-161.826561, 59.778372], [-161.826615, 59.778362], [-161.82667, 59.778352], [-161.826725, 59.778343], [-161.826777, 59.778334], [-161.82683, 59.778326], [-161.826883, 59.778318], [-161.826936, 59.77831], [-161.826987, 59.778303], [-161.82704, 59.778297], [-161.827091, 59.778291], [-161.827141, 59.778285], [-161.827304, 59.77827], [-161.827467, 59.778255], [-161.827629, 59.77824], [-161.827791, 59.778226], [-161.827952, 59.778211], [-161.827997, 59.778206], [-161.828042, 59.778201], [-161.828087, 59.778196], [-161.828132, 59.778191], [-161.828176, 59.778185], [-161.82822, 59.77818], [-161.828266, 59.778173], [-161.828309, 59.778167], [-161.828354, 59.77816], [-161.828396, 59.778153], [-161.828441, 59.778145], [-161.828483, 59.778137], [-161.828528, 59.778129], [-161.828569, 59.778121], [-161.828613, 59.778112], [-161.828655, 59.778104], [-161.828699, 59.778095], [-161.828743, 59.778086], [-161.828789, 59.778076], [-161.828832, 59.778066], [-161.828878, 59.778056], [-161.828921, 59.778046], [-161.828964, 59.778036], [-161.829007, 59.778025], [-161.829052, 59.778013], [-161.829096, 59.778001], [-161.829143, 59.777988], [-161.829189, 59.777974], [-161.829235, 59.777959], [-161.829279, 59.777945], [-161.829323, 59.777931], [-161.829366, 59.777917], [-161.829409, 59.777903], [-161.829453, 59.777888], [-161.829496, 59.777873], [-161.829539, 59.777859], [-161.829583, 59.777844], [-161.829627, 59.777828], [-161.829673, 59.777812], [-161.829722, 59.777795], [-161.829771, 59.777778], [-161.829819, 59.77776], [-161.829868, 59.777743], [-161.829914, 59.777726], [-161.829961, 59.777709], [-161.830008, 59.777692], [-161.830056, 59.777676], [-161.830105, 59.77766], [-161.830151, 59.777645], [-161.830198, 59.77763], [-161.830246, 59.777615], [-161.830294, 59.7776], [-161.830343, 59.777586], [-161.830397, 59.777569], [-161.830448, 59.777554], [-161.8305, 59.777539], [-161.830552, 59.777524], [-161.830602, 59.77751], [-161.830646, 59.777497], [-161.830697, 59.777483], [-161.830747, 59.77747], [-161.830795, 59.777457], [-161.830846, 59.777444], [-161.830897, 59.777431], [-161.830945, 59.777419], [-161.830994, 59.777406], [-161.831045, 59.777394], [-161.831097, 59.777381], [-161.831146, 59.777369], [-161.831195, 59.777358], [-161.831245, 59.777347], [-161.831295, 59.777337], [-161.831346, 59.777327], [-161.831403, 59.777316], [-161.831459, 59.777305], [-161.831516, 59.777295], [-161.831574, 59.777285], [-161.831631, 59.777275], [-161.831689, 59.777266], [-161.831746, 59.777257], [-161.831804, 59.777248], [-161.831858, 59.77724], [-161.831913, 59.777232], [-161.831968, 59.777224], [-161.832022, 59.777217], [-161.832077, 59.777209], [-161.832132, 59.777201], [-161.832187, 59.777194], [-161.832242, 59.777187], [-161.832294, 59.777181], [-161.832346, 59.777175], [-161.832398, 59.777169], [-161.83245, 59.777162], [-161.832503, 59.777156], [-161.832559, 59.77715], [-161.832615, 59.777143], [-161.832671, 59.777137], [-161.832727, 59.77713], [-161.832783, 59.777125], [-161.832836, 59.777119], [-161.832889, 59.777114], [-161.832942, 59.777109], [-161.832992, 59.777105], [-161.833046, 59.7771], [-161.8331, 59.777096], [-161.833153, 59.777092], [-161.833207, 59.777088], [-161.833263, 59.777085], [-161.833313, 59.777081], [-161.833363, 59.777078], [-161.833412, 59.777075], [-161.833462, 59.777072], [-161.833511, 59.777069], [-161.833561, 59.777065], [-161.833611, 59.777062], [-161.833661, 59.777058], [-161.83371, 59.777055], [-161.833757, 59.777052], [-161.833806, 59.77705], [-161.833855, 59.777047], [-161.833904, 59.777046], [-161.833953, 59.777045], [-161.834001, 59.777045], [-161.83405, 59.777045], [-161.834098, 59.777047], [-161.834143, 59.777048], [-161.83419, 59.777051], [-161.834241, 59.777054], [-161.834291, 59.777057], [-161.834342, 59.77706], [-161.834395, 59.777064], [-161.834445, 59.777067], [-161.834493, 59.777071], [-161.834541, 59.777074], [-161.834588, 59.777078], [-161.834635, 59.777083], [-161.834682, 59.777088], [-161.834731, 59.777094], [-161.834779, 59.777102], [-161.834827, 59.777109], [-161.834871, 59.777118], [-161.834918, 59.777127], [-161.834964, 59.777137], [-161.835007, 59.777147], [-161.835052, 59.777157], [-161.835098, 59.777167], [-161.835144, 59.777177], [-161.83519, 59.777187], [-161.83524, 59.777198], [-161.83529, 59.777208], [-161.835343, 59.777219], [-161.835394, 59.77723], [-161.835445, 59.777241], [-161.835493, 59.777251], [-161.835542, 59.777261], [-161.835588, 59.777271], [-161.835636, 59.777282], [-161.835685, 59.777293], [-161.835733, 59.777304], [-161.835781, 59.777315], [-161.835829, 59.777327], [-161.835877, 59.777338], [-161.835922, 59.777349], [-161.835973, 59.777361], [-161.836021, 59.777373], [-161.836074, 59.777386], [-161.836124, 59.777399], [-161.836177, 59.777413], [-161.836227, 59.777426], [-161.836279, 59.77744], [-161.836331, 59.777454], [-161.836385, 59.77747], [-161.836437, 59.777484], [-161.836488, 59.777499], [-161.836539, 59.777514], [-161.83659, 59.77753], [-161.83664, 59.777546], [-161.836693, 59.777563], [-161.836745, 59.77758], [-161.836798, 59.777597], [-161.836848, 59.777613], [-161.836898, 59.777629], [-161.836947, 59.777645], [-161.836996, 59.777662], [-161.837045, 59.777678], [-161.837094, 59.777695], [-161.837143, 59.777712], [-161.837194, 59.777729], [-161.837245, 59.777746], [-161.837296, 59.777763], [-161.837347, 59.77778], [-161.837398, 59.777796], [-161.83745, 59.777813], [-161.837501, 59.77783], [-161.837552, 59.777846], [-161.837605, 59.777864], [-161.837656, 59.777881], [-161.837705, 59.777897], [-161.837755, 59.777914], [-161.837804, 59.77793], [-161.837851, 59.777945], [-161.837901, 59.777961], [-161.837948, 59.777977], [-161.837995, 59.777993], [-161.838042, 59.778008], [-161.838089, 59.778023], [-161.838136, 59.778038], [-161.838189, 59.778054], [-161.83824, 59.778068], [-161.838289, 59.778082], [-161.838338, 59.778096], [-161.838385, 59.778109], [-161.838429, 59.778121], [-161.838477, 59.778133], [-161.838524, 59.778146], [-161.838569, 59.778157], [-161.838613, 59.778169], [-161.838661, 59.778181], [-161.838705, 59.778192], [-161.83875, 59.778203], [-161.838797, 59.778215], [-161.838844, 59.778226], [-161.838886, 59.778236], [-161.83893, 59.778246], [-161.838975, 59.778256], [-161.839019, 59.778265], [-161.839064, 59.778274], [-161.839109, 59.778282], [-161.839154, 59.778289], [-161.8392, 59.778296], [-161.839243, 59.778302], [-161.839287, 59.778308], [-161.839334, 59.778314], [-161.839379, 59.77832], [-161.839426, 59.778326], [-161.839474, 59.778332], [-161.839525, 59.778338], [-161.839573, 59.778344], [-161.839623, 59.778349], [-161.839672, 59.778353], [-161.839723, 59.778356], [-161.839771, 59.778359], [-161.839822, 59.778361], [-161.839874, 59.778362], [-161.839929, 59.778363], [-161.839981, 59.778363], [-161.840036, 59.778364], [-161.840092, 59.778363], [-161.840147, 59.778362], [-161.840205, 59.77836], [-161.840265, 59.778357], [-161.840324, 59.778352], [-161.840381, 59.778347], [-161.840437, 59.778341], [-161.840489, 59.778334], [-161.840542, 59.778326], [-161.840596, 59.778317], [-161.840653, 59.778306], [-161.840707, 59.778296], [-161.840761, 59.778284], [-161.840814, 59.778272], [-161.840863, 59.77826], [-161.840912, 59.778247], [-161.840962, 59.778233], [-161.841011, 59.778218], [-161.841058, 59.778202], [-161.841104, 59.778185], [-161.841149, 59.778167], [-161.841192, 59.778148], [-161.841235, 59.778127], [-161.841275, 59.778106], [-161.841314, 59.778085], [-161.841351, 59.778064], [-161.841388, 59.778043], [-161.84142, 59.778025], [-161.841455, 59.778005], [-161.841487, 59.777986], [-161.841522, 59.777966], [-161.841556, 59.777946], [-161.84159, 59.777926], [-161.841625, 59.777906], [-161.841659, 59.777886], [-161.841696, 59.777865], [-161.841732, 59.777844], [-161.841769, 59.777823], [-161.841806, 59.777802], [-161.841842, 59.777781], [-161.841877, 59.777761], [-161.841912, 59.777741], [-161.841946, 59.777721], [-161.841979, 59.777701], [-161.842012, 59.77768], [-161.842042, 59.77766], [-161.842072, 59.777641], [-161.842102, 59.777621], [-161.842129, 59.777602], [-161.842158, 59.777582], [-161.842186, 59.777562], [-161.842212, 59.777542], [-161.842238, 59.777522], [-161.842262, 59.777501], [-161.842284, 59.77748], [-161.842307, 59.777457], [-161.842329, 59.777434], [-161.842348, 59.777412], [-161.842368, 59.777388], [-161.842386, 59.777364], [-161.842402, 59.777341], [-161.842418, 59.777316], [-161.842431, 59.777291], [-161.842443, 59.777266], [-161.842453, 59.777239], [-161.842461, 59.777213], [-161.842467, 59.777188], [-161.842472, 59.777163], [-161.842476, 59.777138], [-161.84248, 59.777112], [-161.842482, 59.777087], [-161.842484, 59.77706], [-161.842485, 59.777031], [-161.842485, 59.777004], [-161.842484, 59.776977], [-161.842481, 59.776949], [-161.842478, 59.77692], [-161.842474, 59.776893], [-161.84247, 59.776865], [-161.842465, 59.776836], [-161.842461, 59.776807], [-161.842456, 59.776779], [-161.842451, 59.77675], [-161.842447, 59.776722], [-161.842442, 59.776694], [-161.842437, 59.776666], [-161.842432, 59.776639], [-161.842426, 59.776611], [-161.84242, 59.776583], [-161.842413, 59.776556], [-161.842406, 59.77653], [-161.842398, 59.776503], [-161.84239, 59.776478], [-161.842381, 59.776453], [-161.842371, 59.776428], [-161.842361, 59.776403], [-161.84235, 59.776378], [-161.842339, 59.776354], [-161.842328, 59.776328], [-161.842318, 59.776303], [-161.842309, 59.776279], [-161.842299, 59.776254], [-161.842288, 59.776229], [-161.842277, 59.776203], [-161.842265, 59.776178], [-161.842254, 59.776152], [-161.842242, 59.776127], [-161.842231, 59.776103], [-161.842221, 59.77608], [-161.842211, 59.776056], [-161.8422, 59.776032], [-161.842189, 59.776009], [-161.842178, 59.775985], [-161.842167, 59.775961], [-161.842155, 59.775937], [-161.842144, 59.775913], [-161.842133, 59.775891], [-161.842122, 59.775867], [-161.84211, 59.775842], [-161.842099, 59.775818], [-161.842087, 59.775793], [-161.842075, 59.775767], [-161.842063, 59.775742], [-161.842051, 59.775719], [-161.842039, 59.775693], [-161.842027, 59.77567], [-161.842015, 59.775646], [-161.842004, 59.775622], [-161.841992, 59.775596], [-161.841981, 59.775572], [-161.841969, 59.775548], [-161.841958, 59.775524], [-161.841946, 59.775502], [-161.841934, 59.775479], [-161.841921, 59.775457], [-161.841908, 59.775435], [-161.841895, 59.775414], [-161.841881, 59.775392], [-161.841868, 59.775372], [-161.841854, 59.775352], [-161.841839, 59.775333], [-161.841824, 59.775313], [-161.841808, 59.775293], [-161.841791, 59.775272], [-161.841773, 59.775252], [-161.841753, 59.77523], [-161.841733, 59.775207], [-161.841714, 59.775186], [-161.841693, 59.775164], [-161.841671, 59.775142], [-161.841652, 59.775123], [-161.841633, 59.775104], [-161.841613, 59.775085], [-161.841592, 59.775066], [-161.841572, 59.775047], [-161.841551, 59.775028], [-161.84153, 59.775009], [-161.841508, 59.77499], [-161.841488, 59.774972], [-161.841468, 59.774955], [-161.841447, 59.774937], [-161.841427, 59.774919], [-161.841407, 59.774902], [-161.841384, 59.774882], [-161.84136, 59.774862], [-161.841337, 59.774843], [-161.841314, 59.774824], [-161.841291, 59.774806], [-161.841269, 59.774789], [-161.841249, 59.774772], [-161.841226, 59.774755], [-161.8412, 59.774735], [-161.841174, 59.774716], [-161.841148, 59.774696], [-161.841119, 59.774676], [-161.841091, 59.774656], [-161.841063, 59.774636], [-161.841035, 59.774617], [-161.841007, 59.774598], [-161.840978, 59.77458], [-161.840948, 59.774561], [-161.840917, 59.77454], [-161.840885, 59.77452], [-161.840852, 59.7745], [-161.840821, 59.774481], [-161.840792, 59.774463], [-161.840762, 59.774445], [-161.84073, 59.774427], [-161.8407, 59.774409], [-161.840666, 59.774389], [-161.840631, 59.77437], [-161.840595, 59.774351], [-161.840559, 59.774332], [-161.84052, 59.774312], [-161.839793, 59.774051], [-161.839065, 59.773789], [-161.838339, 59.77353], [-161.837616, 59.773274], [-161.836898, 59.77302], [-161.83687, 59.77301], [-161.836844, 59.773001], [-161.836818, 59.772992], [-161.836793, 59.772983], [-161.836765, 59.772973], [-161.836738, 59.772963], [-161.836713, 59.772953], [-161.836689, 59.772944], [-161.836664, 59.772934], [-161.83664, 59.772925], [-161.836617, 59.772915], [-161.836592, 59.772905], [-161.836567, 59.772894], [-161.836542, 59.772884], [-161.836517, 59.772873], [-161.836493, 59.772862], [-161.83647, 59.772851], [-161.836446, 59.772839], [-161.836423, 59.772828], [-161.836401, 59.772816], [-161.83638, 59.772804], [-161.83636, 59.772793], [-161.83634, 59.772781], [-161.836321, 59.77277], [-161.836302, 59.772758], [-161.836282, 59.772745], [-161.836262, 59.772732], [-161.836242, 59.772718], [-161.836222, 59.772705], [-161.836203, 59.772691], [-161.836183, 59.772677], [-161.836164, 59.772664], [-161.836146, 59.77265], [-161.836127, 59.772637], [-161.83611, 59.772624], [-161.836093, 59.772611], [-161.836075, 59.772596], [-161.836058, 59.772583], [-161.836042, 59.77257], [-161.836023, 59.772554], [-161.836004, 59.772538], [-161.835985, 59.77252], [-161.835963, 59.772501], [-161.835941, 59.772479], [-161.83592, 59.772457], [-161.835898, 59.772433], [-161.835878, 59.772409], [-161.835859, 59.772385], [-161.835842, 59.77236], [-161.835825, 59.772335], [-161.835809, 59.772311], [-161.835793, 59.772286], [-161.835778, 59.77226], [-161.835763, 59.772235], [-161.835749, 59.772209], [-161.835736, 59.772182], [-161.835723, 59.772155], [-161.835712, 59.772126], [-161.835702, 59.772095], [-161.835693, 59.772064], [-161.835686, 59.772032], [-161.835681, 59.772002], [-161.835677, 59.771975], [-161.835674, 59.771948], [-161.835673, 59.77192], [-161.835671, 59.771893], [-161.835671, 59.771865], [-161.835671, 59.771836], [-161.835672, 59.771808], [-161.835675, 59.771782], [-161.835678, 59.771756], [-161.835684, 59.771728], [-161.835692, 59.771702], [-161.835702, 59.771675], [-161.835714, 59.771647], [-161.835728, 59.771619], [-161.835743, 59.771591], [-161.835761, 59.771561], [-161.835781, 59.771532], [-161.835803, 59.771502], [-161.835826, 59.771474], [-161.83585, 59.771446], [-161.835876, 59.771418], [-161.835901, 59.771392], [-161.835924, 59.771368], [-161.835952, 59.771343], [-161.835979, 59.771319], [-161.836007, 59.771295], [-161.836039, 59.77127], [-161.836073, 59.771245], [-161.836107, 59.771222], [-161.836145, 59.771198], [-161.836181, 59.771176], [-161.836218, 59.771154], [-161.836254, 59.771133], [-161.836291, 59.771113], [-161.836329, 59.771094], [-161.836368, 59.771075], [-161.836405, 59.771057], [-161.836445, 59.771039], [-161.836485, 59.77102], [-161.836526, 59.771003], [-161.836568, 59.770985], [-161.836612, 59.770967], [-161.836655, 59.770951], [-161.836698, 59.770935], [-161.836739, 59.770921], [-161.836784, 59.770906], [-161.836826, 59.770892], [-161.836872, 59.770878], [-161.836916, 59.770866], [-161.836963, 59.770853], [-161.837007, 59.770841], [-161.837055, 59.770829], [-161.837103, 59.770817], [-161.837152, 59.770805], [-161.8372, 59.770794], [-161.837252, 59.770782], [-161.837304, 59.77077], [-161.837354, 59.770759], [-161.837406, 59.770748], [-161.837459, 59.770737], [-161.837513, 59.770727], [-161.837567, 59.770717], [-161.837621, 59.770707], [-161.837675, 59.770698], [-161.83773, 59.77069], [-161.837785, 59.770682], [-161.837834, 59.770675], [-161.837886, 59.770669], [-161.837939, 59.770662], [-161.837988, 59.770656], [-161.838038, 59.770651], [-161.838093, 59.770645], [-161.838152, 59.770639], [-161.838211, 59.770633], [-161.838273, 59.770627], [-161.838335, 59.770622], [-161.838401, 59.770617], [-161.838463, 59.770612], [-161.838525, 59.770608], [-161.838588, 59.770604], [-161.83865, 59.770601], [-161.83871, 59.770598], [-161.838769, 59.770595], [-161.838828, 59.770593], [-161.838887, 59.770591], [-161.838945, 59.77059], [-161.839003, 59.770589], [-161.839061, 59.770589], [-161.839118, 59.770589], [-161.839175, 59.77059], [-161.839229, 59.77059], [-161.839283, 59.770592], [-161.839337, 59.770593], [-161.83939, 59.770595], [-161.839443, 59.770596], [-161.839498, 59.770599], [-161.83955, 59.770601], [-161.839602, 59.770603], [-161.839654, 59.770605], [-161.839703, 59.770607], [-161.839752, 59.770609], [-161.8398, 59.770612], [-161.839849, 59.770614], [-161.839895, 59.770616], [-161.839946, 59.770619], [-161.839994, 59.770622], [-161.840045, 59.770625], [-161.840096, 59.770628], [-161.840147, 59.770631], [-161.840195, 59.770634], [-161.840244, 59.770638], [-161.840292, 59.770641], [-161.84034, 59.770645], [-161.840388, 59.770649], [-161.84043, 59.770652], [-161.84047, 59.770654], [-161.84051, 59.770657], [-161.840542, 59.770659], [-161.840577, 59.770661], [-161.840616, 59.770664], [-161.840658, 59.770667], [-161.840701, 59.770669], [-161.840748, 59.770672], [-161.840794, 59.770675], [-161.840839, 59.770678], [-161.840885, 59.770681], [-161.84093, 59.770684], [-161.840976, 59.770687], [-161.841022, 59.770691], [-161.841067, 59.770694], [-161.841112, 59.770698], [-161.841154, 59.770701], [-161.841196, 59.770705], [-161.841241, 59.770708], [-161.841283, 59.770712], [-161.841325, 59.770715], [-161.84137, 59.770718], [-161.841415, 59.770722], [-161.841458, 59.770725], [-161.841503, 59.770729], [-161.841548, 59.770733], [-161.841594, 59.770737], [-161.841639, 59.770741], [-161.841684, 59.770746], [-161.841729, 59.770751], [-161.841775, 59.770756], [-161.84182, 59.770761], [-161.841866, 59.770766], [-161.841911, 59.770772], [-161.841957, 59.770777], [-161.842003, 59.770783], [-161.842048, 59.770789], [-161.842093, 59.770794], [-161.842139, 59.7708], [-161.842181, 59.770806], [-161.842223, 59.770812], [-161.842263, 59.770818], [-161.842305, 59.770824], [-161.842347, 59.770831], [-161.842389, 59.770837], [-161.842434, 59.770845], [-161.842479, 59.770852], [-161.842519, 59.77086], [-161.842561, 59.770867], [-161.842603, 59.770876], [-161.842645, 59.770884], [-161.842687, 59.770893], [-161.842737, 59.770904], [-161.842787, 59.770916], [-161.842837, 59.770927], [-161.842886, 59.770939], [-161.842938, 59.770952], [-161.842985, 59.770964], [-161.843032, 59.770976], [-161.843081, 59.770989], [-161.843133, 59.771002], [-161.843182, 59.771016], [-161.843233, 59.77103], [-161.843285, 59.771045], [-161.843333, 59.771059], [-161.843382, 59.771074], [-161.843433, 59.771089], [-161.843483, 59.771105], [-161.843534, 59.771121], [-161.843584, 59.771137], [-161.843632, 59.771153], [-161.843676, 59.771168], [-161.843721, 59.771184], [-161.843762, 59.771199], [-161.843805, 59.771215], [-161.843847, 59.771232], [-161.843892, 59.77125], [-161.843936, 59.771268], [-161.843983, 59.771286], [-161.844029, 59.771306], [-161.844073, 59.771324], [-161.844116, 59.771342], [-161.844157, 59.77136], [-161.844198, 59.771377], [-161.844238, 59.771395], [-161.844281, 59.771414], [-161.844323, 59.771433], [-161.844367, 59.771453], [-161.844409, 59.771472], [-161.844451, 59.771491], [-161.844492, 59.771511], [-161.844533, 59.77153], [-161.844576, 59.771551], [-161.844618, 59.771572], [-161.844659, 59.771593], [-161.8447, 59.771615], [-161.844738, 59.771635], [-161.844773, 59.771655], [-161.844807, 59.771674], [-161.84484, 59.771692], [-161.844873, 59.771711], [-161.844906, 59.77173], [-161.844939, 59.771749], [-161.844975, 59.771769], [-161.84501, 59.771789], [-161.845045, 59.77181], [-161.84508, 59.771831], [-161.845114, 59.771852], [-161.845147, 59.771872], [-161.84518, 59.771893], [-161.84521, 59.771912], [-161.845242, 59.771932], [-161.845271, 59.771951], [-161.845302, 59.771971], [-161.845332, 59.771992], [-161.845364, 59.772013], [-161.845392, 59.772032], [-161.84542, 59.772052], [-161.845446, 59.77207], [-161.845472, 59.772088], [-161.845496, 59.772104], [-161.845521, 59.77212], [-161.845547, 59.772136], [-161.845573, 59.772152], [-161.845596, 59.772165], [-161.84562, 59.772179], [-161.845645, 59.772194], [-161.84567, 59.772208], [-161.845695, 59.772222], [-161.845722, 59.772237], [-161.845746, 59.77225], [-161.845771, 59.772264], [-161.845796, 59.772277], [-161.84582, 59.77229], [-161.845844, 59.772302], [-161.84587, 59.772315], [-161.845897, 59.772327], [-161.845924, 59.77234], [-161.845955, 59.772354], [-161.845986, 59.772367], [-161.846016, 59.77238], [-161.846046, 59.772393], [-161.846077, 59.772406], [-161.846108, 59.772418], [-161.846139, 59.772431], [-161.846173, 59.772444], [-161.846207, 59.772457], [-161.846241, 59.77247], [-161.846275, 59.772484], [-161.846311, 59.772497], [-161.846347, 59.77251], [-161.846386, 59.772524], [-161.846429, 59.772538], [-161.846472, 59.772552], [-161.846518, 59.772567], [-161.846568, 59.772582], [-161.846612, 59.772595], [-161.846657, 59.772609], [-161.846702, 59.772622], [-161.846747, 59.772634], [-161.846793, 59.772646], [-161.846842, 59.772659], [-161.846889, 59.77267], [-161.846936, 59.772681], [-161.846981, 59.772691], [-161.84703, 59.772701], [-161.847074, 59.772709], [-161.847118, 59.772717], [-161.847162, 59.772725], [-161.847207, 59.772733], [-161.84725, 59.772741], [-161.847302, 59.77275], [-161.847353, 59.77276], [-161.847402, 59.772768], [-161.847457, 59.772778], [-161.84751, 59.772787], [-161.84756, 59.772795], [-161.847613, 59.772803], [-161.847667, 59.772811], [-161.847718, 59.772818], [-161.847769, 59.772824], [-161.847821, 59.77283], [-161.847867, 59.772835], [-161.847914, 59.77284], [-161.84796, 59.772844], [-161.848007, 59.772849], [-161.848054, 59.772853], [-161.848107, 59.772858], [-161.84816, 59.772863], [-161.84821, 59.772868], [-161.84826, 59.772872], [-161.848313, 59.772877], [-161.848363, 59.772881], [-161.848413, 59.772885], [-161.848462, 59.77289], [-161.848514, 59.772895], [-161.848563, 59.7729], [-161.848611, 59.772905], [-161.848663, 59.772911], [-161.848714, 59.772916], [-161.848762, 59.772921], [-161.84881, 59.772926], [-161.848861, 59.772932], [-161.848909, 59.772936], [-161.848957, 59.772941], [-161.849004, 59.772946], [-161.849058, 59.772952], [-161.849111, 59.772957], [-161.849165, 59.772963], [-161.849218, 59.772968], [-161.849275, 59.772974], [-161.849325, 59.772979], [-161.849374, 59.772984], [-161.849429, 59.77299], [-161.849487, 59.772995], [-161.849546, 59.773], [-161.849608, 59.773005], [-161.849674, 59.773011], [-161.849737, 59.773016], [-161.849797, 59.77302], [-161.84986, 59.773024], [-161.84992, 59.773028], [-161.849981, 59.773032], [-161.850044, 59.773036], [-161.850111, 59.773041], [-161.850174, 59.773045], [-161.85024, 59.773049], [-161.850307, 59.773052], [-161.85037, 59.773054], [-161.850433, 59.773057], [-161.850493, 59.773059], [-161.850553, 59.773061], [-161.850613, 59.773063], [-161.850673, 59.773065], [-161.850729, 59.773066], [-161.850789, 59.773067], [-161.850849, 59.773067], [-161.85091, 59.773066], [-161.850967, 59.773065], [-161.851028, 59.773064], [-161.851086, 59.773062], [-161.851144, 59.773061], [-161.851206, 59.773059], [-161.851267, 59.773058], [-161.851328, 59.773057], [-161.85139, 59.773055], [-161.85145, 59.773053], [-161.851508, 59.773051], [-161.851568, 59.773049], [-161.851625, 59.773046], [-161.851686, 59.773043], [-161.851746, 59.77304], [-161.851803, 59.773036], [-161.85186, 59.773033], [-161.851919, 59.773029], [-161.851976, 59.773026], [-161.852032, 59.773023], [-161.852091, 59.773019], [-161.85215, 59.773016], [-161.852209, 59.773012], [-161.852268, 59.773009], [-161.852327, 59.773005], [-161.852383, 59.773002], [-161.852438, 59.772998], [-161.852494, 59.772995], [-161.852553, 59.772991], [-161.85278, 59.772976], [-161.853007, 59.772962], [-161.853233, 59.772947], [-161.853459, 59.772932], [-161.853685, 59.772918], [-161.853742, 59.772915], [-161.853802, 59.772912], [-161.853862, 59.772909], [-161.853922, 59.772906], [-161.853981, 59.772904], [-161.85404, 59.772902], [-161.854096, 59.772899], [-161.854153, 59.772897], [-161.854209, 59.772895], [-161.854266, 59.772893], [-161.854323, 59.772891], [-161.854383, 59.772889], [-161.854443, 59.772887], [-161.854503, 59.772885], [-161.85456, 59.772883], [-161.854616, 59.77288], [-161.854673, 59.772878], [-161.854724, 59.772876], [-161.854775, 59.772874], [-161.854828, 59.772871], [-161.854882, 59.772869], [-161.854932, 59.772867], [-161.854989, 59.772864], [-161.855042, 59.772862], [-161.855092, 59.77286], [-161.855146, 59.772858], [-161.855202, 59.772855], [-161.855258, 59.772852], [-161.855315, 59.772849], [-161.855375, 59.772846], [-161.855432, 59.772843], [-161.855485, 59.77284], [-161.855539, 59.772838], [-161.855596, 59.772834], [-161.85565, 59.772831], [-161.855704, 59.772828], [-161.855762, 59.772825], [-161.855819, 59.772821], [-161.855873, 59.772818], [-161.855929, 59.772814], [-161.855986, 59.77281], [-161.856042, 59.772806], [-161.856095, 59.772801], [-161.856151, 59.772797], [-161.856207, 59.772792], [-161.856259, 59.772787], [-161.856312, 59.772782], [-161.856368, 59.772777], [-161.856424, 59.772771], [-161.85648, 59.772766], [-161.856536, 59.772761], [-161.856592, 59.772756], [-161.85665, 59.77275], [-161.856706, 59.772744], [-161.856761, 59.772738], [-161.85682, 59.772732], [-161.856878, 59.772725], [-161.856934, 59.772719], [-161.856992, 59.772712], [-161.85705, 59.772706], [-161.857109, 59.772699], [-161.857167, 59.772692], [-161.857223, 59.772685], [-161.857282, 59.772678], [-161.857341, 59.772671], [-161.857398, 59.772664], [-161.857454, 59.772656], [-161.857514, 59.772649], [-161.857567, 59.772641], [-161.857615, 59.772635], [-161.857666, 59.772628], [-161.857717, 59.772621], [-161.857768, 59.772614], [-161.857822, 59.772607], [-161.857882, 59.772598], [-161.857942, 59.77259], [-161.858002, 59.772582], [-161.858059, 59.772573], [-161.858116, 59.772565], [-161.858174, 59.772557], [-161.858231, 59.772548], [-161.858288, 59.772539], [-161.858349, 59.77253], [-161.858409, 59.772521], [-161.85847, 59.772512], [-161.858527, 59.772503], [-161.858585, 59.772495], [-161.858639, 59.772487], [-161.858693, 59.772479], [-161.858748, 59.772471], [-161.858805, 59.772462], [-161.858862, 59.772453], [-161.858922, 59.772444], [-161.858979, 59.772435], [-161.859036, 59.772426], [-161.859092, 59.772416], [-161.859148, 59.772406], [-161.859204, 59.772396], [-161.859266, 59.772385], [-161.859325, 59.772375], [-161.859383, 59.772364], [-161.859442, 59.772354], [-161.859501, 59.772343], [-161.859554, 59.772333], [-161.85961, 59.772323], [-161.859665, 59.772312], [-161.859721, 59.772301], [-161.859774, 59.772291], [-161.859829, 59.77228], [-161.859885, 59.772269], [-161.859938, 59.772259], [-161.85999, 59.772249], [-161.860044, 59.772238], [-161.860095, 59.772227], [-161.860144, 59.772215], [-161.860196, 59.772202], [-161.860247, 59.772189], [-161.860298, 59.772174], [-161.860351, 59.772159], [-161.860403, 59.772143], [-161.860455, 59.772127], [-161.860506, 59.772111], [-161.860556, 59.772095], [-161.860605, 59.772078], [-161.860653, 59.77206], [-161.860701, 59.772042], [-161.860746, 59.772024], [-161.86079, 59.772005], [-161.860833, 59.771986], [-161.860876, 59.771967], [-161.860917, 59.771947], [-161.860959, 59.771925], [-161.860998, 59.771904], [-161.861034, 59.771883], [-161.861068, 59.771862], [-161.8611, 59.771841], [-161.86113, 59.77182], [-161.861161, 59.771798], [-161.86119, 59.771776], [-161.861219, 59.771753], [-161.861247, 59.771731], [-161.861277, 59.771707], [-161.861304, 59.771683], [-161.861332, 59.771657], [-161.861359, 59.771632], [-161.861386, 59.771604], [-161.86141, 59.771579], [-161.861434, 59.771553], [-161.861456, 59.771527], [-161.861477, 59.7715], [-161.861497, 59.771474], [-161.861517, 59.771447], [-161.861535, 59.77142], [-161.861553, 59.771391], [-161.861568, 59.771364], [-161.861583, 59.771336], [-161.861596, 59.771308], [-161.861608, 59.77128], [-161.861618, 59.771254], [-161.861627, 59.771229], [-161.861635, 59.771202], [-161.861642, 59.771177], [-161.861648, 59.77115], [-161.861653, 59.771125], [-161.861656, 59.7711], [-161.861658, 59.771076], [-161.861659, 59.771051], [-161.861659, 59.771028], [-161.861658, 59.771002], [-161.861656, 59.770977], [-161.861653, 59.770951], [-161.861647, 59.770926], [-161.861641, 59.770902], [-161.861631, 59.770876], [-161.861619, 59.770851], [-161.861607, 59.770827], [-161.861591, 59.770802], [-161.861574, 59.770778], [-161.861555, 59.770755], [-161.861535, 59.770732], [-161.861514, 59.77071], [-161.861493, 59.770689], [-161.861469, 59.770668], [-161.861446, 59.770648], [-161.861421, 59.770629], [-161.861395, 59.77061], [-161.861366, 59.770591], [-161.861337, 59.770574], [-161.861307, 59.770557], [-161.861276, 59.770541], [-161.861242, 59.770525], [-161.861208, 59.770511], [-161.861174, 59.770497], [-161.861136, 59.770483], [-161.861097, 59.77047], [-161.861059, 59.770458], [-161.861023, 59.770448], [-161.860983, 59.770437], [-161.860945, 59.770428], [-161.860904, 59.770418], [-161.860866, 59.77041], [-161.860824, 59.770401], [-161.860779, 59.770392], [-161.860731, 59.770383], [-161.860683, 59.770375], [-161.860628, 59.770367], [-161.860571, 59.770359], [-161.860515, 59.770353], [-161.860459, 59.770347], [-161.860402, 59.770342], [-161.860347, 59.770337], [-161.860292, 59.770332], [-161.860236, 59.770327], [-161.860181, 59.770323], [-161.860125, 59.770318], [-161.860069, 59.770314], [-161.860011, 59.77031], [-161.859956, 59.770305], [-161.8599, 59.770301], [-161.859844, 59.770297], [-161.859788, 59.770293], [-161.859741, 59.77029], [-161.859691, 59.770287], [-161.859637, 59.770283], [-161.859584, 59.77028], [-161.859526, 59.770276], [-161.859463, 59.770271], [-161.8594, 59.770266], [-161.859343, 59.77026], [-161.859283, 59.770254], [-161.859224, 59.770247], [-161.859165, 59.770239], [-161.859106, 59.770231], [-161.859048, 59.770223], [-161.858993, 59.770214], [-161.858937, 59.770204], [-161.85888, 59.770193], [-161.858824, 59.770182], [-161.858766, 59.77017], [-161.858708, 59.770158], [-161.858653, 59.770145], [-161.858598, 59.770132], [-161.858543, 59.770119], [-161.858489, 59.770105], [-161.858435, 59.77009], [-161.858383, 59.770074], [-161.858333, 59.770059], [-161.858284, 59.770044], [-161.858236, 59.770028], [-161.858192, 59.770013], [-161.858148, 59.769998], [-161.858102, 59.769981], [-161.858057, 59.769965], [-161.858015, 59.769949], [-161.857971, 59.769932], [-161.857931, 59.769916], [-161.857892, 59.769901], [-161.857855, 59.769885], [-161.857816, 59.769869], [-161.857778, 59.769852], [-161.857737, 59.769833], [-161.857696, 59.769813], [-161.857656, 59.769793], [-161.857617, 59.769773], [-161.857578, 59.769752], [-161.857539, 59.769732], [-161.857503, 59.769712], [-161.857466, 59.76969], [-161.857434, 59.769671], [-161.857402, 59.769652], [-161.857371, 59.769632], [-161.857338, 59.769611], [-161.857308, 59.769591], [-161.857272, 59.769567], [-161.857239, 59.769543], [-161.857206, 59.76952], [-161.857175, 59.769498], [-161.857143, 59.769473], [-161.857116, 59.769451], [-161.857089, 59.769429], [-161.857064, 59.769408], [-161.857041, 59.769386], [-161.85702, 59.769366], [-161.857002, 59.769348], [-161.856984, 59.769328], [-161.856966, 59.769309], [-161.856948, 59.769288], [-161.856931, 59.769266], [-161.856912, 59.769242], [-161.856894, 59.769218], [-161.856878, 59.769193], [-161.856862, 59.769168], [-161.856846, 59.769142], [-161.856832, 59.769115], [-161.856819, 59.76909], [-161.856807, 59.769063], [-161.856797, 59.769038], [-161.856788, 59.769012], [-161.856779, 59.768985], [-161.856771, 59.768958], [-161.856764, 59.768931], [-161.856756, 59.768901], [-161.856749, 59.76887], [-161.856742, 59.768841], [-161.856736, 59.768811], [-161.85673, 59.76878], [-161.856725, 59.768753], [-161.85672, 59.768725], [-161.856715, 59.768696], [-161.856712, 59.768668], [-161.856709, 59.76864], [-161.856707, 59.768614], [-161.856707, 59.768588], [-161.856707, 59.768564], [-161.856709, 59.768539], [-161.856712, 59.768514], [-161.856715, 59.768487], [-161.85672, 59.768462], [-161.856726, 59.768433], [-161.856733, 59.768404], [-161.856741, 59.768376], [-161.85675, 59.768347], [-161.85676, 59.768318], [-161.85677, 59.76829], [-161.856782, 59.76826], [-161.856794, 59.768231], [-161.856806, 59.768202], [-161.856819, 59.768173], [-161.856833, 59.768144], [-161.856848, 59.768115], [-161.856863, 59.768086], [-161.856879, 59.768057], [-161.856896, 59.768029], [-161.856912, 59.768002], [-161.85693, 59.767974], [-161.856947, 59.767949], [-161.856967, 59.767924], [-161.856988, 59.767899], [-161.857011, 59.767873], [-161.857036, 59.767847], [-161.857064, 59.767821], [-161.857094, 59.767794], [-161.857124, 59.767768], [-161.857155, 59.767742], [-161.857187, 59.767716], [-161.857218, 59.767692], [-161.85725, 59.767668], [-161.857283, 59.767642], [-161.857317, 59.767617], [-161.85735, 59.767593], [-161.857386, 59.767569], [-161.857423, 59.767545], [-161.857459, 59.767522], [-161.857495, 59.7675], [-161.857533, 59.767477], [-161.857568, 59.767457], [-161.857602, 59.767436], [-161.857637, 59.767415], [-161.857672, 59.767395], [-161.857707, 59.767374], [-161.857745, 59.767352], [-161.857783, 59.767331], [-161.857822, 59.767308], [-161.857862, 59.767286], [-161.8579, 59.767265], [-161.85794, 59.767243], [-161.857978, 59.767222], [-161.858018, 59.7672], [-161.858055, 59.76718], [-161.858093, 59.76716], [-161.858132, 59.767139], [-161.858171, 59.767119], [-161.858208, 59.7671], [-161.858249, 59.767079], [-161.858288, 59.767059], [-161.858325, 59.76704], [-161.858363, 59.767021], [-161.858401, 59.767002], [-161.858439, 59.766983], [-161.85848, 59.766963], [-161.858522, 59.766943], [-161.858567, 59.766921], [-161.858608, 59.766901], [-161.858648, 59.766882], [-161.858688, 59.766863], [-161.858728, 59.766843], [-161.858768, 59.766824], [-161.858815, 59.766802], [-161.85886, 59.766781], [-161.858905, 59.76676], [-161.85895, 59.76674], [-161.858993, 59.76672], [-161.859034, 59.766701], [-161.859075, 59.766683], [-161.859116, 59.766665], [-161.859155, 59.766648], [-161.859197, 59.76663], [-161.859237, 59.766613], [-161.859279, 59.766597], [-161.859322, 59.76658], [-161.859368, 59.766563], [-161.859411, 59.766547], [-161.859458, 59.76653], [-161.859501, 59.766514], [-161.859542, 59.766499], [-161.859583, 59.766484], [-161.859757, 59.766431], [-161.859929, 59.766379], [-161.860102, 59.766329], [-161.860278, 59.766278], [-161.860453, 59.76623], [-161.860495, 59.766221], [-161.860538, 59.766211], [-161.860582, 59.766202], [-161.860624, 59.766192], [-161.860668, 59.766182], [-161.860712, 59.766172], [-161.860759, 59.766161], [-161.860802, 59.76615], [-161.860846, 59.76614], [-161.860887, 59.76613], [-161.860931, 59.766119], [-161.860971, 59.76611], [-161.861012, 59.7661], [-161.861052, 59.766091], [-161.861093, 59.766081], [-161.861131, 59.766073], [-161.861172, 59.766064], [-161.861213, 59.766055], [-161.861257, 59.766046], [-161.861301, 59.766037], [-161.861345, 59.766028], [-161.86139, 59.766019], [-161.861435, 59.766011], [-161.861478, 59.766003], [-161.861524, 59.765995], [-161.86157, 59.765988], [-161.861616, 59.765981], [-161.861663, 59.765974], [-161.861709, 59.765968], [-161.861753, 59.765963], [-161.861799, 59.765957], [-161.861846, 59.765952], [-161.861893, 59.765947], [-161.861942, 59.765941], [-161.861992, 59.765937], [-161.862039, 59.765932], [-161.862088, 59.765928], [-161.862138, 59.765924], [-161.862184, 59.765921], [-161.862234, 59.765917], [-161.862283, 59.765914], [-161.86233, 59.765911], [-161.862377, 59.765908], [-161.862424, 59.765905], [-161.862471, 59.765903], [-161.862518, 59.7659], [-161.862563, 59.765897], [-161.862611, 59.765894], [-161.862661, 59.765891], [-161.862709, 59.765888], [-161.86276, 59.765885], [-161.862814, 59.765882], [-161.862865, 59.765879], [-161.862914, 59.765877], [-161.862965, 59.765876], [-161.863014, 59.765874], [-161.86306, 59.765873], [-161.863108, 59.765873], [-161.863156, 59.765872], [-161.863202, 59.765871], [-161.86325, 59.76587], [-161.863299, 59.765869], [-161.863344, 59.765868], [-161.863393, 59.765866], [-161.863438, 59.765864], [-161.86348, 59.765863], [-161.863525, 59.765861], [-161.86357, 59.765859], [-161.863615, 59.765856], [-161.863666, 59.765854], [-161.863716, 59.765852], [-161.863767, 59.765849], [-161.863821, 59.765846], [-161.863872, 59.765843], [-161.863924, 59.76584], [-161.86398, 59.765837], [-161.864033, 59.765834], [-161.864086, 59.765831], [-161.86414, 59.765829], [-161.864194, 59.765826], [-161.864249, 59.765823], [-161.864304, 59.76582], [-161.864359, 59.765817], [-161.864418, 59.765813], [-161.864474, 59.765809], [-161.864531, 59.765805], [-161.864588, 59.765802], [-161.864649, 59.765798], [-161.864706, 59.765795], [-161.864766, 59.765791], [-161.864827, 59.765788], [-161.864887, 59.765784], [-161.864945, 59.765781], [-161.865005, 59.765777], [-161.865062, 59.765774], [-161.86512, 59.76577], [-161.865177, 59.765766], [-161.86523, 59.765762], [-161.865284, 59.765758], [-161.865338, 59.765754], [-161.865392, 59.76575], [-161.865446, 59.765746], [-161.865502, 59.765742], [-161.865559, 59.765737], [-161.865618, 59.765733], [-161.865677, 59.765728], [-161.865735, 59.765723], [-161.865794, 59.765717], [-161.865852, 59.765712], [-161.865911, 59.765706], [-161.865969, 59.7657], [-161.866031, 59.765693], [-161.866089, 59.765687], [-161.866147, 59.76568], [-161.866206, 59.765673], [-161.866261, 59.765667], [-161.866315, 59.76566], [-161.86637, 59.765653], [-161.866424, 59.765647], [-161.866477, 59.76564], [-161.86653, 59.765633], [-161.866583, 59.765625], [-161.866636, 59.765618], [-161.866688, 59.76561], [-161.866738, 59.765603], [-161.866789, 59.765595], [-161.86684, 59.765586], [-161.866891, 59.765577], [-161.866939, 59.765568], [-161.866988, 59.765559], [-161.867035, 59.76555], [-161.867079, 59.76554], [-161.867125, 59.76553], [-161.86717, 59.76552], [-161.867213, 59.765511], [-161.867255, 59.765501], [-161.867299, 59.76549], [-161.86734, 59.765479], [-161.867382, 59.765467], [-161.867424, 59.765455], [-161.867466, 59.765443], [-161.867507, 59.76543], [-161.867548, 59.765417], [-161.867586, 59.765405], [-161.867626, 59.765391], [-161.867665, 59.765377], [-161.867705, 59.765363], [-161.867743, 59.765348], [-161.867784, 59.765332], [-161.867822, 59.765317], [-161.867861, 59.7653], [-161.867898, 59.765284], [-161.867935, 59.765267], [-161.867971, 59.765251], [-161.868009, 59.765233], [-161.868044, 59.765216], [-161.868081, 59.765198], [-161.868116, 59.76518], [-161.86815, 59.765161], [-161.868184, 59.765141], [-161.868218, 59.765121], [-161.86825, 59.7651], [-161.868283, 59.765079], [-161.868315, 59.765057], [-161.868346, 59.765036], [-161.868375, 59.765015], [-161.868406, 59.764992], [-161.868437, 59.764969], [-161.868466, 59.764946], [-161.868496, 59.764923], [-161.868522, 59.764901], [-161.868548, 59.764879], [-161.868574, 59.764856], [-161.868598, 59.764833], [-161.868621, 59.76481], [-161.868645, 59.764786], [-161.868666, 59.764761], [-161.868686, 59.764736], [-161.868703, 59.764712], [-161.868719, 59.764686], [-161.868734, 59.76466], [-161.868747, 59.764635], [-161.868758, 59.764609], [-161.868769, 59.764583], [-161.868778, 59.764557], [-161.868786, 59.76453], [-161.868793, 59.764503], [-161.868798, 59.764476], [-161.868803, 59.764451], [-161.868806, 59.764425], [-161.868807, 59.764402], [-161.868808, 59.76438], [-161.868807, 59.764357], [-161.868805, 59.764333], [-161.868803, 59.764309], [-161.868799, 59.764283], [-161.868795, 59.764257], [-161.868791, 59.764233], [-161.868786, 59.764209], [-161.868781, 59.764185], [-161.868776, 59.764161], [-161.868771, 59.764137], [-161.868764, 59.764111], [-161.868756, 59.764083], [-161.868747, 59.764056], [-161.868738, 59.764028], [-161.868728, 59.763999], [-161.868719, 59.763971], [-161.86871, 59.763945], [-161.8687, 59.763917], [-161.86869, 59.763889], [-161.86868, 59.763862], [-161.868669, 59.763832], [-161.868658, 59.763804], [-161.868646, 59.763775], [-161.868634, 59.763745], [-161.868623, 59.763717], [-161.868612, 59.763689], [-161.8686, 59.763661], [-161.868589, 59.763635], [-161.868578, 59.76361], [-161.868566, 59.763583], [-161.868555, 59.763557], [-161.868543, 59.76353], [-161.868531, 59.763504], [-161.868518, 59.763476], [-161.868505, 59.763448], [-161.868494, 59.763421], [-161.868483, 59.763394], [-161.868472, 59.763366], [-161.868462, 59.763338], [-161.868452, 59.763309], [-161.868441, 59.763281], [-161.868431, 59.763253], [-161.868422, 59.763227], [-161.868412, 59.763201], [-161.868403, 59.763175], [-161.868394, 59.763149], [-161.868384, 59.763121], [-161.868374, 59.763092], [-161.868364, 59.763063], [-161.868355, 59.763035], [-161.868345, 59.763006], [-161.868334, 59.762977], [-161.868323, 59.762948], [-161.868313, 59.76292], [-161.868302, 59.76289], [-161.868291, 59.762859], [-161.868281, 59.76283], [-161.868272, 59.762801], [-161.868262, 59.762772], [-161.868254, 59.762744], [-161.868245, 59.762717], [-161.868236, 59.762686], [-161.868227, 59.762655], [-161.868219, 59.762624], [-161.868211, 59.762593], [-161.868204, 59.762562], [-161.868197, 59.762533], [-161.868191, 59.762503], [-161.868184, 59.762472], [-161.868177, 59.762441], [-161.868171, 59.76241], [-161.868166, 59.762379], [-161.86816, 59.762348], [-161.868156, 59.762317], [-161.868151, 59.762284], [-161.868147, 59.762253], [-161.868143, 59.762221], [-161.868139, 59.762191], [-161.868135, 59.762161], [-161.868131, 59.762133], [-161.868128, 59.762104], [-161.868126, 59.762075], [-161.868124, 59.762045], [-161.868123, 59.762017], [-161.868121, 59.761988], [-161.86812, 59.76196], [-161.868119, 59.761931], [-161.868118, 59.761904], [-161.868117, 59.761875], [-161.868117, 59.761847], [-161.868116, 59.761818], [-161.868116, 59.761789], [-161.868116, 59.761761], [-161.868116, 59.761733], [-161.868116, 59.761706], [-161.868117, 59.761675], [-161.868118, 59.761647], [-161.86812, 59.761616], [-161.868122, 59.761585], [-161.868125, 59.761555], [-161.868128, 59.761526], [-161.868132, 59.761496], [-161.868136, 59.761467], [-161.868142, 59.761436], [-161.868148, 59.761407], [-161.868155, 59.761378], [-161.868162, 59.761347], [-161.868169, 59.761318], [-161.868177, 59.761289], [-161.868184, 59.761259], [-161.868192, 59.761232], [-161.8682, 59.761204], [-161.868209, 59.761174], [-161.868218, 59.761147], [-161.868228, 59.761117], [-161.868239, 59.761087], [-161.86825, 59.761057], [-161.868261, 59.761028], [-161.868273, 59.760998], [-161.868285, 59.760969], [-161.868296, 59.760939], [-161.868309, 59.760909], [-161.868321, 59.76088], [-161.868334, 59.760849], [-161.868349, 59.760817], [-161.868365, 59.760785], [-161.868382, 59.760754], [-161.868401, 59.760721], [-161.86842, 59.76069], [-161.86844, 59.760659], [-161.868459, 59.760629], [-161.868481, 59.760598], [-161.868502, 59.760569], [-161.868524, 59.76054], [-161.868547, 59.760512], [-161.868571, 59.760482], [-161.868596, 59.760454], [-161.868622, 59.760424], [-161.868649, 59.760395], [-161.868676, 59.760367], [-161.868704, 59.760339], [-161.868733, 59.760311], [-161.868764, 59.760284], [-161.868796, 59.760257], [-161.86883, 59.760229], [-161.868866, 59.760202], [-161.868901, 59.760176], [-161.868937, 59.760151], [-161.868972, 59.760128], [-161.869007, 59.760105], [-161.869041, 59.760083], [-161.869075, 59.760062], [-161.86911, 59.76004], [-161.869145, 59.76002], [-161.869181, 59.759999], [-161.869218, 59.759979], [-161.869255, 59.75996], [-161.869293, 59.759941], [-161.869333, 59.759921], [-161.869375, 59.759902], [-161.869419, 59.759882], [-161.869467, 59.759862], [-161.869519, 59.759841], [-161.869572, 59.759821], [-161.869622, 59.759802], [-161.869674, 59.759784], [-161.869724, 59.759767], [-161.869772, 59.759752], [-161.86982, 59.759736], [-161.869869, 59.759721], [-161.869918, 59.759706], [-161.869967, 59.759692], [-161.870017, 59.759677], [-161.870068, 59.759664], [-161.870124, 59.75965], [-161.870178, 59.759637], [-161.870235, 59.759624], [-161.870293, 59.759612], [-161.870348, 59.759601], [-161.8704, 59.759592], [-161.870456, 59.759584], [-161.870511, 59.759576], [-161.870564, 59.759569], [-161.87062, 59.759561], [-161.870673, 59.759555], [-161.870726, 59.759549], [-161.870779, 59.759544], [-161.870835, 59.759538], [-161.870888, 59.759534], [-161.870944, 59.75953], [-161.870999, 59.759527], [-161.871055, 59.759524], [-161.871107, 59.759523], [-161.871162, 59.759522], [-161.871217, 59.759521], [-161.87127, 59.759521], [-161.871322, 59.759522], [-161.871374, 59.759524], [-161.871422, 59.759526], [-161.871473, 59.759529], [-161.871524, 59.759532], [-161.871574, 59.759536], [-161.871623, 59.75954], [-161.871677, 59.759545], [-161.871725, 59.75955], [-161.871773, 59.759555], [-161.871818, 59.75956], [-161.871863, 59.759565], [-161.871904, 59.759569], [-161.871945, 59.759574], [-161.871986, 59.759579], [-161.872025, 59.759584], [-161.872065, 59.75959], [-161.872103, 59.759595], [-161.872141, 59.759601], [-161.872179, 59.759606], [-161.872219, 59.759612], [-161.872254, 59.759618], [-161.872291, 59.759623], [-161.872328, 59.759629], [-161.872365, 59.759635], [-161.8724, 59.759641], [-161.872439, 59.759648], [-161.872476, 59.759654], [-161.872512, 59.759661], [-161.872545, 59.759668], [-161.872581, 59.759675], [-161.872614, 59.759682], [-161.872647, 59.759688], [-161.872683, 59.759695], [-161.872721, 59.759703], [-161.872758, 59.759711], [-161.872796, 59.759719], [-161.872834, 59.759728], [-161.872869, 59.759735], [-161.872904, 59.759744], [-161.872942, 59.759753], [-161.87298, 59.759762], [-161.87302, 59.759772], [-161.87306, 59.759783], [-161.8731, 59.759794], [-161.873137, 59.759805], [-161.873176, 59.759817], [-161.873215, 59.759829], [-161.873254, 59.759842], [-161.873295, 59.759856], [-161.873338, 59.759871], [-161.873381, 59.759887], [-161.873422, 59.759903], [-161.873462, 59.759919], [-161.8735, 59.759935], [-161.873535, 59.759951], [-161.873568, 59.759966], [-161.873601, 59.759984], [-161.873636, 59.760002], [-161.873672, 59.760023], [-161.873707, 59.760044], [-161.873741, 59.760065], [-161.873775, 59.760086], [-161.873808, 59.760107], [-161.873839, 59.760127], [-161.873873, 59.760148], [-161.873907, 59.760171], [-161.87394, 59.760193], [-161.873974, 59.760216], [-161.874007, 59.760239], [-161.874039, 59.760263], [-161.874071, 59.760286], [-161.874104, 59.760311], [-161.874135, 59.760335], [-161.874166, 59.760359], [-161.874195, 59.760383], [-161.874224, 59.760406], [-161.874252, 59.760429], [-161.874281, 59.760452], [-161.874308, 59.760476], [-161.874337, 59.760501], [-161.874365, 59.760524], [-161.874392, 59.760547], [-161.87442, 59.760572], [-161.874676, 59.760789], [-161.874929, 59.761003], [-161.875183, 59.761217], [-161.875437, 59.76143], [-161.87569, 59.761642], [-161.875717, 59.761661], [-161.875745, 59.761682], [-161.875774, 59.761703], [-161.875802, 59.761724], [-161.875831, 59.761745], [-161.875861, 59.761767], [-161.875894, 59.76179], [-161.875926, 59.761813], [-161.87596, 59.761837], [-161.875995, 59.761861], [-161.876028, 59.761883], [-161.876059, 59.761903], [-161.876092, 59.761925], [-161.876123, 59.761945], [-161.876155, 59.761965], [-161.876187, 59.761985], [-161.876222, 59.762006], [-161.876257, 59.762027], [-161.876296, 59.76205], [-161.876337, 59.762073], [-161.876378, 59.762095], [-161.876418, 59.762115], [-161.876461, 59.762137], [-161.876502, 59.762157], [-161.876544, 59.762176], [-161.876588, 59.762196], [-161.876633, 59.762216], [-161.876679, 59.762235], [-161.876724, 59.762253], [-161.876769, 59.76227], [-161.876818, 59.762287], [-161.87687, 59.762304], [-161.876921, 59.76232], [-161.876972, 59.762335], [-161.877024, 59.76235], [-161.877074, 59.762362], [-161.877125, 59.762375], [-161.877176, 59.762386], [-161.87723, 59.762397], [-161.877282, 59.762407], [-161.877335, 59.762416], [-161.877391, 59.762424], [-161.877447, 59.762431], [-161.877504, 59.762437], [-161.877558, 59.762442], [-161.877615, 59.762447], [-161.87767, 59.762451], [-161.877722, 59.762453], [-161.877774, 59.762455], [-161.877832, 59.762457], [-161.877887, 59.762458], [-161.877941, 59.762457], [-161.877999, 59.762456], [-161.87805, 59.762455], [-161.878099, 59.762453], [-161.878142, 59.762451], [-161.878187, 59.762447], [-161.878229, 59.762444], [-161.87828, 59.762438], [-161.878333, 59.762432], [-161.878392, 59.762425], [-161.878444, 59.762417], [-161.878499, 59.762409], [-161.878551, 59.7624], [-161.878603, 59.76239], [-161.878656, 59.762379], [-161.878709, 59.762366], [-161.878761, 59.762353], [-161.878813, 59.762339], [-161.878861, 59.762325], [-161.878902, 59.762313], [-161.878944, 59.762299], [-161.878988, 59.762284], [-161.879029, 59.76227], [-161.879071, 59.762254], [-161.879117, 59.762236], [-161.87916, 59.762218], [-161.879199, 59.7622], [-161.879238, 59.762182], [-161.879276, 59.762163], [-161.879313, 59.762144], [-161.879351, 59.762123], [-161.879388, 59.762102], [-161.879426, 59.762079], [-161.879461, 59.762057], [-161.879495, 59.762034], [-161.879529, 59.762011], [-161.879564, 59.761987], [-161.879598, 59.761964], [-161.879636, 59.761938], [-161.879674, 59.761913], [-161.879713, 59.761887], [-161.87975, 59.761863], [-161.879786, 59.761839], [-161.879821, 59.761815], [-161.879854, 59.761792], [-161.879887, 59.761768], [-161.879921, 59.761743], [-161.879955, 59.761718], [-161.879988, 59.761692], [-161.880021, 59.761666], [-161.880053, 59.76164], [-161.880086, 59.761612], [-161.880118, 59.761584], [-161.88015, 59.761556], [-161.880181, 59.761528], [-161.88021, 59.761501], [-161.880237, 59.761475], [-161.880264, 59.761448], [-161.880291, 59.761421], [-161.880317, 59.761395], [-161.880343, 59.761367], [-161.880369, 59.76134], [-161.880394, 59.761313], [-161.880418, 59.761285], [-161.880442, 59.761257], [-161.880466, 59.76123], [-161.880491, 59.7612], [-161.880514, 59.761172], [-161.880535, 59.761145], [-161.880556, 59.761118], [-161.880576, 59.761091], [-161.880593, 59.761067], [-161.88061, 59.761043], [-161.880628, 59.761017], [-161.880645, 59.760991], [-161.880663, 59.760964], [-161.880681, 59.760936], [-161.880698, 59.760908], [-161.880715, 59.76088], [-161.88073, 59.760853], [-161.880744, 59.760823], [-161.880758, 59.760794], [-161.88077, 59.760764], [-161.880782, 59.760735], [-161.880791, 59.760705], [-161.880799, 59.760677], [-161.880806, 59.76065], [-161.880811, 59.760624], [-161.880814, 59.760596], [-161.880817, 59.760568], [-161.880818, 59.76054], [-161.880818, 59.760511], [-161.880817, 59.760482], [-161.880815, 59.760452], [-161.880812, 59.760425], [-161.880809, 59.760397], [-161.880805, 59.760371], [-161.880802, 59.760344], [-161.880797, 59.76032], [-161.880793, 59.760295], [-161.880788, 59.76027], [-161.880783, 59.760243], [-161.880776, 59.760215], [-161.880769, 59.760187], [-161.880761, 59.760156], [-161.880752, 59.760126], [-161.880742, 59.760098], [-161.880733, 59.760069], [-161.880722, 59.760039], [-161.880712, 59.760011], [-161.880701, 59.759982], [-161.88069, 59.759953], [-161.880679, 59.759925], [-161.880669, 59.759898], [-161.880658, 59.759868], [-161.880647, 59.75984], [-161.880637, 59.759812], [-161.880628, 59.759782], [-161.880619, 59.759754], [-161.880611, 59.759727], [-161.880604, 59.759699], [-161.880598, 59.759672], [-161.880591, 59.759645], [-161.880585, 59.759617], [-161.88058, 59.759588], [-161.880575, 59.759562], [-161.88057, 59.759533], [-161.880565, 59.759505], [-161.880561, 59.759477], [-161.880556, 59.759447], [-161.880551, 59.759418], [-161.880546, 59.759388], [-161.880542, 59.759361], [-161.880537, 59.759335], [-161.880533, 59.75931], [-161.880529, 59.759283], [-161.880526, 59.759256], [-161.880522, 59.759228], [-161.880519, 59.7592], [-161.880515, 59.759172], [-161.880512, 59.759145], [-161.880508, 59.759119], [-161.880503, 59.759091], [-161.880499, 59.759064], [-161.880494, 59.759036], [-161.88049, 59.759007], [-161.880484, 59.758977], [-161.880479, 59.758948], [-161.880474, 59.758918], [-161.880468, 59.75889], [-161.880462, 59.758862], [-161.880456, 59.758836], [-161.880449, 59.758809], [-161.880441, 59.758781], [-161.880433, 59.758755], [-161.880426, 59.758728], [-161.880418, 59.7587], [-161.880412, 59.758673], [-161.880408, 59.758646], [-161.880405, 59.758619], [-161.880406, 59.758593], [-161.880409, 59.758567], [-161.880415, 59.758539], [-161.880423, 59.758514], [-161.880435, 59.758488], [-161.88045, 59.758463], [-161.880466, 59.758441], [-161.880484, 59.758419], [-161.880505, 59.758398], [-161.880527, 59.758378], [-161.880549, 59.758361], [-161.880574, 59.758343], [-161.880598, 59.758328], [-161.880621, 59.758314], [-161.880643, 59.758302], [-161.880663, 59.758291], [-161.880679, 59.758282], [-161.880693, 59.758274], [-161.880704, 59.758266], [-161.880713, 59.758259], [-161.880721, 59.758252], [-161.880728, 59.758245], [-161.880735, 59.758239], [-161.880741, 59.758232], [-161.880746, 59.758226], [-161.880751, 59.75822], [-161.880756, 59.758214], [-161.88076, 59.758208], [-161.880765, 59.758201], [-161.880769, 59.758196], [-161.880773, 59.758189], [-161.880778, 59.758184], [-161.880782, 59.758178], [-161.880787, 59.758173], [-161.880791, 59.758168], [-161.880822, 59.758155], [-161.880852, 59.758142], [-161.88088, 59.758131], [-161.880906, 59.75812], [-161.88093, 59.75811], [-161.880926, 59.75811], [-161.88092, 59.758109], [-161.880914, 59.758108], [-161.880907, 59.758107], [-161.8809, 59.758105], [-161.880892, 59.758103], [-161.880883, 59.7581], [-161.880874, 59.758096], [-161.880865, 59.758092], [-161.880856, 59.758087], [-161.880848, 59.758081], [-161.88084, 59.758075], [-161.880832, 59.758069], [-161.880824, 59.758062], [-161.880815, 59.758055], [-161.880807, 59.758046], [-161.880799, 59.758038], [-161.880791, 59.758029], [-161.880783, 59.758019], [-161.880776, 59.75801], [-161.880769, 59.757999], [-161.880762, 59.757988], [-161.880755, 59.757977], [-161.880747, 59.757963], [-161.880739, 59.757949], [-161.880731, 59.757933], [-161.880724, 59.757918], [-161.880717, 59.757903], [-161.880711, 59.757888], [-161.880705, 59.757873], [-161.8807, 59.757859], [-161.880695, 59.757844], [-161.88069, 59.757827], [-161.880685, 59.757811], [-161.88068, 59.757794], [-161.880676, 59.757777], [-161.880673, 59.757761], [-161.880671, 59.757745], [-161.880669, 59.757728], [-161.880668, 59.757711], [-161.880667, 59.757692], [-161.880668, 59.757674], [-161.88067, 59.757655], [-161.880673, 59.757634], [-161.880677, 59.757614], [-161.880682, 59.757593], [-161.880687, 59.757573], [-161.880692, 59.757554], [-161.880698, 59.757535], [-161.880704, 59.757517], [-161.880711, 59.757497], [-161.880718, 59.757478], [-161.880726, 59.757459], [-161.880734, 59.757439], [-161.880742, 59.75742], [-161.880751, 59.757403], [-161.88076, 59.757385], [-161.880769, 59.757368], [-161.880778, 59.75735], [-161.880788, 59.757332], [-161.880798, 59.757314], [-161.880808, 59.757296], [-161.880819, 59.757277], [-161.880829, 59.757259], [-161.880841, 59.757241], [-161.880852, 59.757223], [-161.880864, 59.757205], [-161.880878, 59.757186], [-161.880893, 59.757167], [-161.880909, 59.757147], [-161.880925, 59.757127], [-161.880943, 59.757107], [-161.88096, 59.757088], [-161.880977, 59.75707], [-161.880995, 59.757052], [-161.881014, 59.757032], [-161.881033, 59.757013], [-161.881053, 59.756993], [-161.881075, 59.756973], [-161.881097, 59.756953], [-161.881118, 59.756933], [-161.881139, 59.756914], [-161.881163, 59.756893], [-161.881186, 59.756873], [-161.881209, 59.756854], [-161.881233, 59.756834], [-161.881258, 59.756814], [-161.881282, 59.756795], [-161.881307, 59.756776], [-161.881333, 59.756756], [-161.881358, 59.756738], [-161.881384, 59.75672], [-161.881411, 59.756701], [-161.881438, 59.756683], [-161.881467, 59.756664], [-161.881497, 59.756645], [-161.881529, 59.756626], [-161.881559, 59.756608], [-161.881591, 59.75659], [-161.881622, 59.756573], [-161.881654, 59.756556], [-161.881687, 59.756539], [-161.881721, 59.756522], [-161.881757, 59.756505], [-161.881795, 59.756488], [-161.881834, 59.75647], [-161.881876, 59.756452], [-161.881918, 59.756435], [-161.881963, 59.756416], [-161.882007, 59.756399], [-161.882051, 59.756382], [-161.882094, 59.756366], [-161.882137, 59.756351], [-161.882179, 59.756337], [-161.882224, 59.756322], [-161.882269, 59.756308], [-161.882314, 59.756294], [-161.88236, 59.756281], [-161.882406, 59.756268], [-161.882451, 59.756256], [-161.882498, 59.756243], [-161.882546, 59.756231], [-161.882594, 59.756219], [-161.882642, 59.756208], [-161.88269, 59.756197], [-161.882737, 59.756186], [-161.882786, 59.756176], [-161.882835, 59.756166], [-161.882885, 59.756156], [-161.882935, 59.756146], [-161.882986, 59.756137], [-161.883034, 59.756129], [-161.883083, 59.756121], [-161.883129, 59.756114], [-161.883176, 59.756107], [-161.883223, 59.7561], [-161.88327, 59.756093], [-161.883317, 59.756087], [-161.883367, 59.756081], [-161.883417, 59.756076], [-161.883467, 59.756071], [-161.883519, 59.756066], [-161.883572, 59.756063], [-161.883622, 59.75606], [-161.883675, 59.756057], [-161.883728, 59.756056], [-161.883779, 59.756055], [-161.883832, 59.756054], [-161.883887, 59.756054], [-161.883938, 59.756054], [-161.883992, 59.756055], [-161.884045, 59.756056], [-161.884096, 59.756058], [-161.884147, 59.75606], [-161.884201, 59.756063], [-161.884252, 59.756066], [-161.884302, 59.75607], [-161.884352, 59.756075], [-161.884405, 59.75608], [-161.884457, 59.756086], [-161.88451, 59.756092], [-161.884561, 59.756099], [-161.884613, 59.756106], [-161.884662, 59.756113], [-161.884711, 59.75612], [-161.884759, 59.756128], [-161.884808, 59.756137], [-161.884855, 59.756146], [-161.884903, 59.756155], [-161.88495, 59.756165], [-161.884997, 59.756175], [-161.885043, 59.756185], [-161.885089, 59.756196], [-161.885132, 59.756207], [-161.885177, 59.756218], [-161.885221, 59.75623], [-161.885262, 59.756242], [-161.885303, 59.756254], [-161.885343, 59.756266], [-161.885381, 59.756278], [-161.885417, 59.75629], [-161.885453, 59.756302], [-161.885488, 59.756314], [-161.885522, 59.756326], [-161.885557, 59.756339], [-161.88559, 59.756352], [-161.885627, 59.756367], [-161.885662, 59.756382], [-161.885695, 59.756397], [-161.885728, 59.756412], [-161.885761, 59.756428], [-161.885791, 59.756443], [-161.88582, 59.756459], [-161.885851, 59.756475], [-161.885882, 59.756492], [-161.885914, 59.75651], [-161.885946, 59.756528], [-161.885978, 59.756547], [-161.886009, 59.756566], [-161.886038, 59.756585], [-161.886068, 59.756605], [-161.886095, 59.756625], [-161.886123, 59.756646], [-161.886152, 59.756668], [-161.88618, 59.75669], [-161.886207, 59.756713], [-161.886235, 59.756737], [-161.886261, 59.75676], [-161.886287, 59.756785], [-161.886313, 59.75681], [-161.886337, 59.756835], [-161.886361, 59.756861], [-161.886382, 59.756885], [-161.886402, 59.756909], [-161.886421, 59.756933], [-161.886438, 59.756956], [-161.886455, 59.756978], [-161.886472, 59.757001], [-161.886489, 59.757024], [-161.886507, 59.757047], [-161.886523, 59.757068], [-161.88654, 59.75709], [-161.886557, 59.757113], [-161.886574, 59.757136], [-161.886592, 59.757159], [-161.886611, 59.757183], [-161.886631, 59.757207], [-161.886651, 59.757231], [-161.886671, 59.757254], [-161.886692, 59.757278], [-161.886714, 59.757303], [-161.886737, 59.757328], [-161.886759, 59.757353], [-161.886782, 59.757378], [-161.886805, 59.757403], [-161.886826, 59.757426], [-161.886848, 59.75745], [-161.886869, 59.757474], [-161.886891, 59.757497], [-161.886913, 59.757521], [-161.886935, 59.757544], [-161.886958, 59.757568], [-161.886981, 59.757591], [-161.887004, 59.757614], [-161.887027, 59.757637], [-161.887049, 59.757659], [-161.887072, 59.757681], [-161.887094, 59.757702], [-161.887116, 59.757723], [-161.887137, 59.757742], [-161.887159, 59.757762], [-161.887184, 59.757783], [-161.887207, 59.757803], [-161.88723, 59.757823], [-161.887253, 59.757843], [-161.887275, 59.757862], [-161.887294, 59.757879], [-161.887313, 59.757895], [-161.887333, 59.757912], [-161.887351, 59.757928], [-161.88737, 59.757944], [-161.88739, 59.757961], [-161.887408, 59.757977], [-161.887426, 59.757992], [-161.887445, 59.758009], [-161.887463, 59.758025], [-161.887481, 59.75804], [-161.8875, 59.758057], [-161.887519, 59.758074], [-161.88754, 59.758092], [-161.88756, 59.758111], [-161.88758, 59.758129], [-161.8876, 59.758147], [-161.887619, 59.758164], [-161.887637, 59.758179], [-161.887656, 59.758194], [-161.887674, 59.75821], [-161.887693, 59.758225], [-161.887712, 59.75824], [-161.88773, 59.758255], [-161.887749, 59.75827], [-161.887769, 59.758286], [-161.88779, 59.758302], [-161.887812, 59.758318], [-161.887834, 59.758335], [-161.887858, 59.758353], [-161.887881, 59.758369], [-161.887904, 59.758385], [-161.887927, 59.758401], [-161.88795, 59.758416], [-161.887971, 59.758429], [-161.887994, 59.758444], [-161.888016, 59.758457], [-161.888038, 59.75847], [-161.888063, 59.758484], [-161.888087, 59.758498], [-161.888109, 59.75851], [-161.888132, 59.758523], [-161.888156, 59.758535], [-161.888178, 59.758547], [-161.8882, 59.758558], [-161.888224, 59.758571], [-161.888247, 59.758582], [-161.888269, 59.758593], [-161.888294, 59.758605], [-161.888319, 59.758617], [-161.888344, 59.758628], [-161.888371, 59.75864], [-161.888396, 59.758651], [-161.888422, 59.758663], [-161.888446, 59.758673], [-161.88847, 59.758683], [-161.888493, 59.758693], [-161.888517, 59.758703], [-161.888541, 59.758713], [-161.888565, 59.758723], [-161.888589, 59.758733], [-161.888613, 59.758742], [-161.888638, 59.758751], [-161.888662, 59.75876], [-161.888686, 59.75877], [-161.888711, 59.758778], [-161.888736, 59.758787], [-161.888762, 59.758797], [-161.888789, 59.758806], [-161.888816, 59.758816], [-161.888843, 59.758825], [-161.88887, 59.758834], [-161.888895, 59.758842], [-161.88892, 59.75885], [-161.888948, 59.758859], [-161.888974, 59.758867], [-161.889, 59.758874], [-161.889029, 59.758882], [-161.889055, 59.758889], [-161.889082, 59.758896], [-161.889112, 59.758903], [-161.889142, 59.758909], [-161.889172, 59.758916], [-161.889204, 59.758922], [-161.889237, 59.758928], [-161.88927, 59.758935], [-161.889304, 59.758941], [-161.889337, 59.758946], [-161.889369, 59.758951], [-161.889403, 59.758957], [-161.889439, 59.758962], [-161.889475, 59.758967], [-161.889509, 59.75897], [-161.889548, 59.758974], [-161.889585, 59.758977], [-161.88962, 59.758979], [-161.889657, 59.758981], [-161.889699, 59.758982], [-161.889739, 59.758983], [-161.889784, 59.758982], [-161.889832, 59.758981], [-161.889878, 59.75898], [-161.889924, 59.758978], [-161.889973, 59.758976], [-161.890019, 59.758973], [-161.890063, 59.758969], [-161.890109, 59.758965], [-161.890157, 59.75896], [-161.890203, 59.758955], [-161.890249, 59.75895], [-161.890297, 59.758943], [-161.890343, 59.758937], [-161.890386, 59.758931], [-161.890429, 59.758925], [-161.890472, 59.758919], [-161.890513, 59.758912], [-161.890555, 59.758905], [-161.890595, 59.758897], [-161.890637, 59.758889], [-161.890677, 59.758881], [-161.890719, 59.758872], [-161.890758, 59.758863], [-161.890799, 59.758853], [-161.890838, 59.758843], [-161.890878, 59.758833], [-161.890916, 59.758823], [-161.890956, 59.758812], [-161.890993, 59.758801], [-161.891032, 59.75879], [-161.891068, 59.758779], [-161.891104, 59.758767], [-161.891139, 59.758756], [-161.891177, 59.758743], [-161.891214, 59.75873], [-161.891253, 59.758717], [-161.891296, 59.758701], [-161.891339, 59.758685], [-161.891381, 59.758669], [-161.891423, 59.758653], [-161.891465, 59.758637], [-161.891504, 59.758621], [-161.891544, 59.758605], [-161.891583, 59.758589], [-161.891623, 59.758572], [-161.891662, 59.758555], [-161.891701, 59.758537], [-161.891737, 59.758521], [-161.891775, 59.758503], [-161.891811, 59.758486], [-161.891848, 59.758467], [-161.891885, 59.758449], [-161.891922, 59.75843], [-161.891958, 59.758412], [-161.891993, 59.758393], [-161.892027, 59.758374], [-161.892061, 59.758355], [-161.892096, 59.758334], [-161.892131, 59.758312], [-161.892165, 59.758291], [-161.892198, 59.758269], [-161.89223, 59.758248], [-161.892261, 59.758227], [-161.892292, 59.758206], [-161.892323, 59.758185], [-161.892353, 59.758163], [-161.892383, 59.758142], [-161.892413, 59.75812], [-161.892443, 59.758099], [-161.892472, 59.758077], [-161.892502, 59.758056], [-161.892532, 59.758034], [-161.892559, 59.758015], [-161.892652, 59.757944], [-161.892751, 59.757868], [-161.892847, 59.757794], [-161.89294, 59.757721], [-161.893032, 59.757649], [-161.893054, 59.757629], [-161.893069, 59.757616], [-161.893084, 59.757602], [-161.893098, 59.757589], [-161.893113, 59.757574], [-161.893128, 59.757561], [-161.893141, 59.757547], [-161.893156, 59.757533], [-161.893171, 59.757518], [-161.893185, 59.757504], [-161.893198, 59.757491], [-161.893212, 59.757477], [-161.893226, 59.757464], [-161.89324, 59.75745], [-161.893255, 59.757436], [-161.893269, 59.757421], [-161.893284, 59.757407], [-161.893298, 59.757392], [-161.893312, 59.757377], [-161.893326, 59.757362], [-161.89334, 59.757346], [-161.893355, 59.75733], [-161.893371, 59.757313], [-161.893386, 59.757297], [-161.893401, 59.757281], [-161.893417, 59.757265], [-161.893432, 59.757248], [-161.893447, 59.757232], [-161.893462, 59.757215], [-161.893478, 59.757198], [-161.893494, 59.757178], [-161.89351, 59.757158], [-161.893526, 59.757137], [-161.893544, 59.757114], [-161.893561, 59.757091], [-161.893579, 59.757069], [-161.893596, 59.757047], [-161.893613, 59.757025], [-161.89363, 59.757002], [-161.893647, 59.75698], [-161.893664, 59.756958], [-161.893681, 59.756935], [-161.893698, 59.756912], [-161.893715, 59.756889], [-161.893733, 59.756866], [-161.89375, 59.756842], [-161.893768, 59.756818], [-161.893785, 59.756794], [-161.893804, 59.75677], [-161.893824, 59.756744], [-161.893844, 59.756717], [-161.893865, 59.756692], [-161.893887, 59.756666], [-161.893908, 59.756641], [-161.893928, 59.756617], [-161.893949, 59.756594], [-161.893972, 59.75657], [-161.893995, 59.756547], [-161.894019, 59.756524], [-161.894044, 59.756502], [-161.894069, 59.756481], [-161.894094, 59.756461], [-161.894121, 59.756441], [-161.894148, 59.756421], [-161.894175, 59.756402], [-161.894205, 59.756381], [-161.894236, 59.756361], [-161.894267, 59.756341], [-161.894299, 59.756322], [-161.894332, 59.756302], [-161.894366, 59.756283], [-161.8944, 59.756264], [-161.894435, 59.756245], [-161.894469, 59.756228], [-161.894503, 59.756211], [-161.894537, 59.756194], [-161.89457, 59.756178], [-161.894606, 59.756162], [-161.894644, 59.756144], [-161.89468, 59.756128], [-161.894717, 59.756113], [-161.894757, 59.756096], [-161.894794, 59.756082], [-161.894832, 59.756068], [-161.89487, 59.756055], [-161.89491, 59.756043], [-161.894949, 59.756032], [-161.89499, 59.756021], [-161.895031, 59.756011], [-161.895074, 59.756001], [-161.895116, 59.755993], [-161.895158, 59.755985], [-161.895203, 59.755977], [-161.895246, 59.75597], [-161.895288, 59.755964], [-161.895334, 59.755959], [-161.895379, 59.755954], [-161.895424, 59.755949], [-161.895468, 59.755945], [-161.895512, 59.75594], [-161.895555, 59.755936], [-161.895598, 59.755932], [-161.89564, 59.755927], [-161.895684, 59.755922], [-161.895728, 59.755917], [-161.895772, 59.755913], [-161.895816, 59.755909], [-161.89586, 59.755905], [-161.895902, 59.755903], [-161.895944, 59.755901], [-161.895986, 59.755899], [-161.896026, 59.755898], [-161.896063, 59.755897], [-161.8961, 59.755897], [-161.896138, 59.755897], [-161.896172, 59.755897], [-161.896207, 59.755897], [-161.89624, 59.755898], [-161.896274, 59.755898], [-161.896307, 59.755899], [-161.896339, 59.7559], [-161.89637, 59.755901], [-161.896402, 59.755902], [-161.896433, 59.755904], [-161.896461, 59.755906], [-161.896489, 59.755908], [-161.896519, 59.75591], [-161.896547, 59.755913], [-161.896575, 59.755915], [-161.896605, 59.755918], [-161.896633, 59.755921], [-161.896661, 59.755924], [-161.896689, 59.755927], [-161.896717, 59.75593], [-161.896745, 59.755933], [-161.896775, 59.755936], [-161.896806, 59.75594], [-161.896839, 59.755944], [-161.896869, 59.755948], [-161.896899, 59.755952], [-161.89693, 59.755957], [-161.89696, 59.755962], [-161.89699, 59.755967], [-161.897023, 59.755972], [-161.897057, 59.755978], [-161.897096, 59.755985], [-161.897136, 59.755993], [-161.897177, 59.756001], [-161.897221, 59.756009], [-161.897265, 59.756019], [-161.897307, 59.756028], [-161.897349, 59.756037], [-161.89739, 59.756047], [-161.897433, 59.756058], [-161.897474, 59.756069], [-161.897514, 59.756081], [-161.897555, 59.756094], [-161.897593, 59.756108], [-161.897629, 59.756121], [-161.897665, 59.756135], [-161.8977, 59.756148], [-161.897734, 59.756162], [-161.897768, 59.756176], [-161.897802, 59.75619], [-161.897836, 59.756205], [-161.897875, 59.756221], [-161.897913, 59.756238], [-161.897953, 59.756256], [-161.897992, 59.756274], [-161.898031, 59.756293], [-161.898067, 59.756311], [-161.898102, 59.756329], [-161.898136, 59.756348], [-161.898171, 59.756366], [-161.898206, 59.756385], [-161.898242, 59.756403], [-161.898276, 59.75642], [-161.898311, 59.756438], [-161.898347, 59.756456], [-161.898383, 59.756474], [-161.898419, 59.756493], [-161.898459, 59.756513], [-161.898497, 59.756534], [-161.898534, 59.756553], [-161.89857, 59.756573], [-161.898606, 59.756593], [-161.89864, 59.756612], [-161.898675, 59.756633], [-161.89871, 59.756653], [-161.898745, 59.756673], [-161.898778, 59.756693], [-161.898811, 59.756713], [-161.898843, 59.756733], [-161.898874, 59.756753], [-161.898905, 59.756773], [-161.898938, 59.756793], [-161.898971, 59.756814], [-161.899002, 59.756834], [-161.899033, 59.756854], [-161.899066, 59.756875], [-161.899099, 59.756896], [-161.899132, 59.756917], [-161.899164, 59.756937], [-161.899197, 59.756958], [-161.899229, 59.756977], [-161.899262, 59.756998], [-161.899294, 59.757018], [-161.899327, 59.757038], [-161.89936, 59.757058], [-161.899392, 59.757078], [-161.899422, 59.757097], [-161.899452, 59.757116], [-161.899483, 59.757135], [-161.899513, 59.757154], [-161.899544, 59.757173], [-161.899575, 59.757192], [-161.899606, 59.757211], [-161.899639, 59.757231], [-161.899671, 59.757251], [-161.899704, 59.75727], [-161.899738, 59.757291], [-161.89977, 59.75731], [-161.899801, 59.757329], [-161.899833, 59.757347], [-161.899864, 59.757366], [-161.899894, 59.757383], [-161.899925, 59.757402], [-161.899957, 59.75742], [-161.899988, 59.757439], [-161.90002, 59.757457], [-161.900053, 59.757475], [-161.900085, 59.757494], [-161.900117, 59.757512], [-161.90015, 59.75753], [-161.900182, 59.757549], [-161.900214, 59.757567], [-161.900245, 59.757586], [-161.900278, 59.757606], [-161.900311, 59.757626], [-161.900343, 59.757646], [-161.900376, 59.757666], [-161.900408, 59.757687], [-161.900439, 59.757706], [-161.900469, 59.757725], [-161.900498, 59.757744], [-161.900528, 59.757762], [-161.900558, 59.757781], [-161.900589, 59.7578], [-161.900621, 59.757819], [-161.900653, 59.757839], [-161.900685, 59.757859], [-161.900716, 59.757879], [-161.900748, 59.757899], [-161.90078, 59.757919], [-161.900812, 59.757938], [-161.900845, 59.757957], [-161.900878, 59.757976], [-161.900911, 59.757995], [-161.900944, 59.758014], [-161.900977, 59.758034], [-161.901011, 59.758054], [-161.901044, 59.758075], [-161.901077, 59.758095], [-161.90111, 59.758116], [-161.901143, 59.758138], [-161.901174, 59.758159], [-161.901206, 59.75818], [-161.901238, 59.758201], [-161.901271, 59.758223], [-161.901304, 59.758245], [-161.901337, 59.758268], [-161.901372, 59.758291], [-161.901406, 59.758314], [-161.901439, 59.758337], [-161.90147, 59.758358], [-161.9015, 59.75838], [-161.901529, 59.7584], [-161.901557, 59.758421], [-161.901585, 59.758443], [-161.901612, 59.758466], [-161.90164, 59.758489], [-161.901667, 59.758513], [-161.901694, 59.758537], [-161.901717, 59.758559], [-161.901743, 59.758582], [-161.901766, 59.758604], [-161.901791, 59.758627], [-161.901816, 59.75865], [-161.90184, 59.758674], [-161.901865, 59.758699], [-161.901888, 59.758723], [-161.901912, 59.758747], [-161.901936, 59.758771], [-161.90196, 59.758796], [-161.901984, 59.75882], [-161.902008, 59.758845], [-161.902031, 59.758869], [-161.902056, 59.758894], [-161.90208, 59.758919], [-161.902104, 59.758945], [-161.902129, 59.75897], [-161.902153, 59.758995], [-161.902177, 59.75902], [-161.902201, 59.759045], [-161.902226, 59.759071], [-161.90225, 59.759096], [-161.902275, 59.759122], [-161.9023, 59.759148], [-161.902324, 59.759172], [-161.902349, 59.759196], [-161.902373, 59.75922], [-161.902398, 59.759245], [-161.902422, 59.759269], [-161.902447, 59.759292], [-161.902472, 59.759317], [-161.902498, 59.759342], [-161.902524, 59.759367], [-161.90255, 59.759392], [-161.902576, 59.759417], [-161.902602, 59.759441], [-161.902627, 59.759464], [-161.902653, 59.759488], [-161.902681, 59.759512], [-161.902709, 59.759536], [-161.902738, 59.75956], [-161.902767, 59.759583], [-161.902796, 59.759607], [-161.902825, 59.759629], [-161.902855, 59.759651], [-161.902885, 59.759673], [-161.902916, 59.759694], [-161.902948, 59.759716], [-161.902978, 59.759736], [-161.903009, 59.759756], [-161.903039, 59.759776], [-161.903068, 59.759796], [-161.903096, 59.759815], [-161.903126, 59.759836], [-161.903156, 59.759857], [-161.903186, 59.759878], [-161.903218, 59.759899], [-161.903248, 59.75992], [-161.903281, 59.759942], [-161.903313, 59.759963], [-161.903346, 59.759985], [-161.903377, 59.760006], [-161.903409, 59.760028], [-161.903439, 59.760049], [-161.903468, 59.76007], [-161.903496, 59.76009], [-161.903525, 59.760112], [-161.903552, 59.760132], [-161.903579, 59.760153], [-161.903606, 59.760173], [-161.903632, 59.760194], [-161.903659, 59.760216], [-161.903688, 59.760238], [-161.903716, 59.76026], [-161.903742, 59.760281], [-161.903769, 59.760302], [-161.903796, 59.760322], [-161.903821, 59.760341], [-161.903847, 59.760359], [-161.903874, 59.760379], [-161.903903, 59.760398], [-161.903928, 59.760415], [-161.903954, 59.760432], [-161.903982, 59.76045], [-161.904009, 59.760467], [-161.904034, 59.760482], [-161.904061, 59.760499], [-161.904088, 59.760515], [-161.904114, 59.760531], [-161.904139, 59.760546], [-161.904166, 59.760563], [-161.904194, 59.760579], [-161.904221, 59.760595], [-161.904246, 59.76061], [-161.904272, 59.760625], [-161.904296, 59.760638], [-161.904321, 59.760651], [-161.904346, 59.760664], [-161.904376, 59.760678], [-161.904404, 59.760691], [-161.904434, 59.760705], [-161.904465, 59.760718], [-161.904497, 59.760731], [-161.904527, 59.760743], [-161.904557, 59.760755], [-161.904585, 59.760766], [-161.904614, 59.760776], [-161.90464, 59.760786], [-161.904667, 59.760795], [-161.904697, 59.760805], [-161.904727, 59.760815], [-161.904759, 59.760825], [-161.904794, 59.760835], [-161.904827, 59.760845], [-161.90486, 59.760854], [-161.904894, 59.760863], [-161.904925, 59.760871], [-161.904957, 59.760878], [-161.904992, 59.760887], [-161.905149, 59.760916], [-161.905299, 59.760943], [-161.905461, 59.76097], [-161.905623, 59.760997], [-161.905788, 59.761022], [-161.905835, 59.761027], [-161.905889, 59.761032], [-161.905936, 59.761037], [-161.905988, 59.761041], [-161.906037, 59.761046], [-161.906087, 59.76105], [-161.906139, 59.761054], [-161.90619, 59.761057], [-161.906239, 59.761061], [-161.906291, 59.761064], [-161.906343, 59.761067], [-161.906395, 59.761069], [-161.906444, 59.761071], [-161.906493, 59.761073], [-161.90654, 59.761076], [-161.906587, 59.761078], [-161.906633, 59.761081], [-161.90668, 59.761084], [-161.906728, 59.761086], [-161.906779, 59.761089], [-161.906826, 59.761092], [-161.906874, 59.761093], [-161.906922, 59.761095], [-161.906968, 59.761095], [-161.907013, 59.761096], [-161.907059, 59.761096], [-161.907106, 59.761095], [-161.907155, 59.761095], [-161.907201, 59.761095], [-161.907247, 59.761095], [-161.907293, 59.761095], [-161.907339, 59.761095], [-161.907383, 59.761095], [-161.907429, 59.761095], [-161.907475, 59.761096], [-161.907523, 59.761096], [-161.907569, 59.761097], [-161.90762, 59.761098], [-161.907668, 59.761099], [-161.907716, 59.7611], [-161.907761, 59.761101], [-161.907808, 59.761102], [-161.90785, 59.761102], [-161.907894, 59.761102], [-161.907938, 59.761102], [-161.907982, 59.761102], [-161.908026, 59.761101], [-161.908067, 59.7611], [-161.908106, 59.761099], [-161.908143, 59.761098], [-161.908179, 59.761097], [-161.908213, 59.761096], [-161.90825, 59.761095], [-161.908287, 59.761094], [-161.908323, 59.761093], [-161.908357, 59.761092], [-161.908392, 59.76109], [-161.908426, 59.761089], [-161.90846, 59.761088], [-161.908494, 59.761086], [-161.90853, 59.761084], [-161.908569, 59.761082], [-161.908605, 59.76108], [-161.908642, 59.761078], [-161.908678, 59.761075], [-161.908714, 59.761072], [-161.908748, 59.76107], [-161.908785, 59.761066], [-161.908818, 59.761063], [-161.908855, 59.76106], [-161.908893, 59.761057], [-161.908932, 59.761053], [-161.908971, 59.76105], [-161.909014, 59.761046], [-161.909055, 59.761043], [-161.909093, 59.761039], [-161.909131, 59.761036], [-161.909167, 59.761033], [-161.9092, 59.761029], [-161.909233, 59.761026], [-161.909267, 59.761023], [-161.9093, 59.76102], [-161.909336, 59.761016], [-161.909371, 59.761013], [-161.909407, 59.76101], [-161.90944, 59.761007], [-161.909473, 59.761005], [-161.909504, 59.761002], [-161.909535, 59.761], [-161.909566, 59.760997], [-161.9096, 59.760995], [-161.909633, 59.760992], [-161.909669, 59.760989], [-161.909705, 59.760987], [-161.909739, 59.760984], [-161.909773, 59.760982], [-161.909806, 59.760979], [-161.909839, 59.760977], [-161.909873, 59.760974], [-161.909906, 59.760972], [-161.90994, 59.760969], [-161.909973, 59.760967], [-161.910004, 59.760965], [-161.910035, 59.760963], [-161.910068, 59.76096], [-161.910099, 59.760958], [-161.910129, 59.760956], [-161.91016, 59.760954], [-161.910191, 59.760952], [-161.910224, 59.76095], [-161.910257, 59.760947], [-161.910291, 59.760945], [-161.910327, 59.760942], [-161.91036, 59.76094], [-161.910391, 59.760938], [-161.910425, 59.760936], [-161.910456, 59.760933], [-161.910487, 59.760932], [-161.910521, 59.760929], [-161.910555, 59.760928], [-161.910589, 59.760926], [-161.910625, 59.760924], [-161.910659, 59.760922], [-161.910693, 59.76092], [-161.910727, 59.760919], [-161.910762, 59.760917], [-161.910796, 59.760914], [-161.910831, 59.760912], [-161.910866, 59.76091], [-161.910901, 59.760907], [-161.910938, 59.760905], [-161.910976, 59.760902], [-161.911019, 59.7609], [-161.911061, 59.760897], [-161.911107, 59.760893], [-161.911152, 59.76089], [-161.9112, 59.760886], [-161.911245, 59.760882], [-161.911292, 59.760877], [-161.91134, 59.760871], [-161.911388, 59.760866], [-161.911433, 59.760861], [-161.911481, 59.760855], [-161.911528, 59.760849], [-161.911576, 59.760842], [-161.911623, 59.760836], [-161.911673, 59.760828], [-161.911723, 59.760821], [-161.911774, 59.760814], [-161.911824, 59.760806], [-161.911875, 59.760798], [-161.911925, 59.76079], [-161.911978, 59.760782], [-161.91203, 59.760774], [-161.912083, 59.760765], [-161.912136, 59.760757], [-161.912188, 59.760748], [-161.912239, 59.760739], [-161.912289, 59.760731], [-161.91234, 59.760723], [-161.91239, 59.760715], [-161.912443, 59.760706], [-161.912496, 59.760697], [-161.912548, 59.760689], [-161.9126, 59.76068], [-161.912652, 59.76067], [-161.912701, 59.760661], [-161.912752, 59.760651], [-161.912801, 59.760641], [-161.91285, 59.760631], [-161.912898, 59.760621], [-161.912947, 59.760611], [-161.91299, 59.760602], [-161.913033, 59.760593], [-161.913076, 59.760584], [-161.913119, 59.760576], [-161.91316, 59.760567], [-161.913202, 59.760559], [-161.913247, 59.76055], [-161.913292, 59.76054], [-161.913334, 59.760532], [-161.913379, 59.760523], [-161.913422, 59.760514], [-161.913464, 59.760505], [-161.913506, 59.760496], [-161.913549, 59.760488], [-161.913591, 59.760479], [-161.913634, 59.76047], [-161.913676, 59.760461], [-161.913716, 59.760452], [-161.913758, 59.760444], [-161.913798, 59.760435], [-161.91384, 59.760427], [-161.91388, 59.760419], [-161.91392, 59.760411], [-161.913957, 59.760403], [-161.913995, 59.760396], [-161.91403, 59.760389], [-161.914068, 59.760381], [-161.914106, 59.760374], [-161.914143, 59.760366], [-161.914186, 59.760358], [-161.914228, 59.760349], [-161.91427, 59.760341], [-161.91431, 59.760334], [-161.914349, 59.760327], [-161.914384, 59.76032], [-161.914416, 59.760314], [-161.914446, 59.760308], [-161.914478, 59.760302], [-161.914509, 59.760296], [-161.914541, 59.76029], [-161.914573, 59.760283], [-161.914605, 59.760277], [-161.914639, 59.76027], [-161.914671, 59.760264], [-161.914702, 59.760257], [-161.914736, 59.76025], [-161.91477, 59.760243], [-161.914799, 59.760236], [-161.91483, 59.760229], [-161.914861, 59.760222], [-161.91489, 59.760216], [-161.914919, 59.760209], [-161.914949, 59.760201], [-161.91498, 59.760194], [-161.915013, 59.760185], [-161.915045, 59.760177], [-161.915078, 59.760168], [-161.91511, 59.76016], [-161.915144, 59.76015], [-161.915176, 59.760142], [-161.91521, 59.760132], [-161.915244, 59.760122], [-161.91528, 59.760112], [-161.915313, 59.760101], [-161.915348, 59.76009], [-161.915382, 59.760079], [-161.915417, 59.760067], [-161.915453, 59.760054], [-161.915489, 59.760041], [-161.915522, 59.760029], [-161.915558, 59.760015], [-161.915593, 59.760001], [-161.915625, 59.759988], [-161.915656, 59.759976], [-161.915689, 59.759962], [-161.91572, 59.759949], [-161.91575, 59.759936], [-161.915779, 59.759924], [-161.915807, 59.759912], [-161.915832, 59.7599], [-161.915856, 59.759889], [-161.91588, 59.759878], [-161.915905, 59.759866], [-161.91593, 59.759854], [-161.915956, 59.759841], [-161.915982, 59.759828], [-161.916008, 59.759816], [-161.916033, 59.759803], [-161.916059, 59.759789], [-161.916082, 59.759777], [-161.916107, 59.759763], [-161.916131, 59.75975], [-161.916155, 59.759737], [-161.916179, 59.759723], [-161.916203, 59.75971], [-161.916228, 59.759695], [-161.916252, 59.75968], [-161.916275, 59.759666], [-161.916296, 59.759653], [-161.916319, 59.759639], [-161.916339, 59.759625], [-161.91636, 59.759612], [-161.916382, 59.759597], [-161.916404, 59.759583], [-161.916425, 59.759569], [-161.916447, 59.759554], [-161.916469, 59.759539], [-161.916491, 59.759524], [-161.916513, 59.75951], [-161.916534, 59.759494], [-161.916555, 59.759479], [-161.916575, 59.759464], [-161.916594, 59.759448], [-161.916612, 59.759433], [-161.916632, 59.759415], [-161.91665, 59.759399], [-161.916667, 59.759382], [-161.916684, 59.759365], [-161.916701, 59.759348], [-161.916717, 59.759331], [-161.916732, 59.759314], [-161.916747, 59.759296], [-161.916762, 59.759279], [-161.916777, 59.75926], [-161.91679, 59.759242], [-161.916803, 59.759224], [-161.916814, 59.759207], [-161.916824, 59.759191], [-161.916834, 59.759174], [-161.916843, 59.759157], [-161.916851, 59.759138], [-161.916861, 59.759118], [-161.916869, 59.759099], [-161.916876, 59.75908], [-161.916884, 59.75906], [-161.91689, 59.759041], [-161.916895, 59.759023], [-161.9169, 59.759004], [-161.916904, 59.758984], [-161.916907, 59.758965], [-161.916909, 59.758947], [-161.916911, 59.758929], [-161.916911, 59.758911], [-161.916911, 59.758894], [-161.916909, 59.758876], [-161.916907, 59.75886], [-161.916903, 59.758843], [-161.916897, 59.758824], [-161.91689, 59.758805], [-161.916882, 59.758787], [-161.916872, 59.758767], [-161.916862, 59.758747], [-161.916851, 59.758729], [-161.916839, 59.75871], [-161.916827, 59.758692], [-161.916813, 59.758672], [-161.916798, 59.758652], [-161.916781, 59.758631], [-161.916763, 59.758609], [-161.916744, 59.758587], [-161.916723, 59.758566], [-161.916701, 59.758543], [-161.916677, 59.75852], [-161.916652, 59.758497], [-161.916626, 59.758473], [-161.916598, 59.758449], [-161.916571, 59.758426], [-161.916544, 59.758404], [-161.916516, 59.758382], [-161.916488, 59.75836], [-161.916459, 59.758339], [-161.916429, 59.758318], [-161.916397, 59.758296], [-161.916364, 59.758275], [-161.916331, 59.758254], [-161.916297, 59.758233], [-161.916262, 59.758213], [-161.916227, 59.758192], [-161.916191, 59.758172], [-161.916154, 59.758152], [-161.916117, 59.758132], [-161.916079, 59.758112], [-161.916039, 59.758092], [-161.915998, 59.758071], [-161.915956, 59.75805], [-161.915915, 59.75803], [-161.915873, 59.758009], [-161.915833, 59.75799], [-161.915795, 59.757971], [-161.915758, 59.757953], [-161.91572, 59.757934], [-161.915683, 59.757916], [-161.915643, 59.757897], [-161.915602, 59.757877], [-161.91556, 59.757857], [-161.915518, 59.757836], [-161.915476, 59.757816], [-161.915434, 59.757796], [-161.915392, 59.757775], [-161.91535, 59.757755], [-161.915308, 59.757734], [-161.915263, 59.757713], [-161.91522, 59.757693], [-161.915176, 59.757673], [-161.915132, 59.757653], [-161.915088, 59.757633], [-161.915046, 59.757615], [-161.915004, 59.757596], [-161.914962, 59.757577], [-161.914923, 59.757559], [-161.914883, 59.757542], [-161.914843, 59.757525], [-161.914697, 59.757476], [-161.914551, 59.757429], [-161.914403, 59.757383], [-161.914255, 59.757338], [-161.914105, 59.757294], [-161.914062, 59.757283], [-161.914019, 59.757272], [-161.913976, 59.757261], [-161.913933, 59.75725], [-161.91389, 59.757239], [-161.913847, 59.757228], [-161.913802, 59.757216], [-161.913756, 59.757204], [-161.913712, 59.757193], [-161.913669, 59.757182], [-161.913625, 59.757171], [-161.913582, 59.75716], [-161.913539, 59.757149], [-161.913494, 59.757137], [-161.913452, 59.757126], [-161.913409, 59.757114], [-161.913366, 59.757103], [-161.913324, 59.757091], [-161.913281, 59.75708], [-161.913236, 59.757068], [-161.913191, 59.757056], [-161.913149, 59.757044], [-161.913106, 59.757033], [-161.913064, 59.757021], [-161.913021, 59.75701], [-161.912978, 59.756998], [-161.912935, 59.756986], [-161.912892, 59.756975], [-161.912848, 59.756963], [-161.912805, 59.756951], [-161.912764, 59.75694], [-161.91272, 59.756928], [-161.912677, 59.756916], [-161.912636, 59.756905], [-161.912595, 59.756893], [-161.912552, 59.756881], [-161.912511, 59.756869], [-161.91247, 59.756858], [-161.912428, 59.756845], [-161.912385, 59.756833], [-161.912342, 59.756821], [-161.912298, 59.756807], [-161.912254, 59.756794], [-161.91221, 59.75678], [-161.912167, 59.756766], [-161.912124, 59.756752], [-161.912081, 59.756738], [-161.912039, 59.756723], [-161.911998, 59.756709], [-161.911957, 59.756694], [-161.911916, 59.75668], [-161.911876, 59.756665], [-161.911835, 59.75665], [-161.911793, 59.756635], [-161.911753, 59.75662], [-161.911713, 59.756605], [-161.911673, 59.756591], [-161.911633, 59.756575], [-161.911596, 59.756561], [-161.911557, 59.756545], [-161.911519, 59.75653], [-161.91148, 59.756514], [-161.911442, 59.756498], [-161.911403, 59.756482], [-161.911366, 59.756467], [-161.911329, 59.756451], [-161.911293, 59.756436], [-161.911256, 59.75642], [-161.911222, 59.756404], [-161.911187, 59.756388], [-161.911153, 59.756372], [-161.911118, 59.756355], [-161.911087, 59.756339], [-161.911053, 59.756322], [-161.91102, 59.756305], [-161.910988, 59.756289], [-161.910956, 59.756272], [-161.910923, 59.756255], [-161.910887, 59.756237], [-161.910853, 59.756219], [-161.910818, 59.756201], [-161.910783, 59.756182], [-161.910751, 59.756164], [-161.910721, 59.756146], [-161.91069, 59.756127], [-161.910661, 59.756108], [-161.910633, 59.75609], [-161.910605, 59.756071], [-161.910576, 59.756052], [-161.91055, 59.756033], [-161.910524, 59.756014], [-161.910498, 59.755994], [-161.910472, 59.755974], [-161.910447, 59.755954], [-161.910422, 59.755932], [-161.910396, 59.75591], [-161.910372, 59.755889], [-161.910346, 59.755867], [-161.910321, 59.755846], [-161.910297, 59.755824], [-161.910272, 59.755801], [-161.910247, 59.755777], [-161.910225, 59.755755], [-161.910201, 59.755731], [-161.910179, 59.755708], [-161.910158, 59.755685], [-161.910137, 59.755661], [-161.910116, 59.755637], [-161.910095, 59.755613], [-161.910074, 59.755588], [-161.910055, 59.755564], [-161.910036, 59.755539], [-161.910017, 59.755514], [-161.909999, 59.755488], [-161.909983, 59.755464], [-161.909966, 59.755439], [-161.90995, 59.755414], [-161.909936, 59.75539], [-161.909923, 59.755366], [-161.90991, 59.755341], [-161.909898, 59.755316], [-161.909887, 59.75529], [-161.909875, 59.755263], [-161.909865, 59.755236], [-161.909855, 59.755209], [-161.909846, 59.755182], [-161.909838, 59.755154], [-161.909832, 59.755128], [-161.909826, 59.755101], [-161.909821, 59.755073], [-161.909818, 59.755046], [-161.909814, 59.755019], [-161.909812, 59.754992], [-161.909811, 59.754966], [-161.909811, 59.75494], [-161.909811, 59.754913], [-161.909812, 59.754886], [-161.909815, 59.754857], [-161.909818, 59.75483], [-161.909821, 59.754803], [-161.909826, 59.754775], [-161.90983, 59.754747], [-161.909835, 59.75472], [-161.90984, 59.754693], [-161.909845, 59.754666], [-161.909851, 59.75464], [-161.909856, 59.754614], [-161.909863, 59.754588], [-161.909871, 59.75456], [-161.909879, 59.754533], [-161.909888, 59.754506], [-161.909897, 59.754479], [-161.909908, 59.754451], [-161.909919, 59.754425], [-161.909932, 59.754398], [-161.909947, 59.754372], [-161.909963, 59.754345], [-161.909981, 59.754319], [-161.909999, 59.754294], [-161.910016, 59.75427], [-161.910034, 59.754247], [-161.910053, 59.754224], [-161.910072, 59.754202], [-161.910092, 59.754179], [-161.910113, 59.754156], [-161.910134, 59.754134], [-161.910155, 59.754112], [-161.910178, 59.754091], [-161.910202, 59.754069], [-161.910225, 59.754048], [-161.91025, 59.754027], [-161.910277, 59.754004], [-161.910304, 59.753983], [-161.910329, 59.753963], [-161.910358, 59.753941], [-161.910385, 59.753921], [-161.910412, 59.753902], [-161.910441, 59.753882], [-161.910469, 59.753862], [-161.910495, 59.753845], [-161.910523, 59.753826], [-161.910549, 59.753809], [-161.910576, 59.753792], [-161.9106, 59.753776], [-161.910627, 59.75376], [-161.910653, 59.753743], [-161.91068, 59.753726], [-161.910708, 59.753709], [-161.910736, 59.753691], [-161.910762, 59.753675], [-161.910787, 59.753659], [-161.91081, 59.753643], [-161.910831, 59.75363], [-161.91085, 59.753617], [-161.910869, 59.753604], [-161.91089, 59.75359], [-161.91091, 59.753576], [-161.910931, 59.753562], [-161.910954, 59.753547], [-161.910975, 59.753534], [-161.910995, 59.753521], [-161.911014, 59.75351], [-161.911033, 59.753499], [-161.911052, 59.753487], [-161.911073, 59.753476], [-161.911092, 59.753465], [-161.911112, 59.753453], [-161.91113, 59.753442], [-161.911151, 59.75343], [-161.91117, 59.75342], [-161.91119, 59.753408], [-161.911211, 59.753397], [-161.911234, 59.753385], [-161.911255, 59.753374], [-161.911276, 59.753363], [-161.911297, 59.753352], [-161.911317, 59.753342], [-161.911337, 59.753333], [-161.911356, 59.753323], [-161.911375, 59.753313], [-161.911395, 59.753303], [-161.911415, 59.753293], [-161.911434, 59.753283], [-161.911453, 59.753273], [-161.911473, 59.753262], [-161.911495, 59.753251], [-161.911516, 59.75324], [-161.911538, 59.753229], [-161.911559, 59.753218], [-161.911581, 59.753206], [-161.911601, 59.753195], [-161.911622, 59.753184], [-161.911643, 59.753172], [-161.911663, 59.753161], [-161.911683, 59.75315], [-161.911701, 59.75314], [-161.911721, 59.753129], [-161.91174, 59.75312], [-161.911761, 59.753108], [-161.911781, 59.753098], [-161.911802, 59.753087], [-161.91182, 59.753077], [-161.911839, 59.753066], [-161.911858, 59.753056], [-161.911876, 59.753046], [-161.911895, 59.753036], [-161.911915, 59.753025], [-161.911933, 59.753015], [-161.911952, 59.753005], [-161.911971, 59.752995], [-161.911989, 59.752985], [-161.912008, 59.752975], [-161.912029, 59.752964], [-161.912049, 59.752953], [-161.912072, 59.752942], [-161.912094, 59.75293], [-161.912119, 59.752918], [-161.912143, 59.752906], [-161.912167, 59.752894], [-161.912191, 59.752882], [-161.912216, 59.752871], [-161.912238, 59.75286], [-161.91226, 59.752849], [-161.912281, 59.752839], [-161.912302, 59.752828], [-161.912324, 59.752818], [-161.912344, 59.752808], [-161.912366, 59.752798], [-161.912387, 59.752788], [-161.912407, 59.752778], [-161.912426, 59.752769], [-161.912448, 59.752758], [-161.912468, 59.752747], [-161.912491, 59.752736], [-161.912512, 59.752726], [-161.912537, 59.752714], [-161.912559, 59.752704], [-161.912582, 59.752693], [-161.912604, 59.752683], [-161.912629, 59.752672], [-161.912651, 59.752662], [-161.912675, 59.752652], [-161.912699, 59.752641], [-161.912725, 59.75263], [-161.912751, 59.752618], [-161.912777, 59.752607], [-161.912802, 59.752596], [-161.912826, 59.752585], [-161.91285, 59.752574], [-161.912876, 59.752563], [-161.912902, 59.752551], [-161.912932, 59.752538], [-161.912962, 59.752524], [-161.912995, 59.752509], [-161.913028, 59.752494], [-161.913064, 59.752478], [-161.913097, 59.752463], [-161.913133, 59.752447], [-161.913168, 59.752432], [-161.913203, 59.752417], [-161.913236, 59.752403], [-161.913271, 59.752388], [-161.913307, 59.752374], [-161.91334, 59.75236], [-161.913374, 59.752345], [-161.91341, 59.75233], [-161.913446, 59.752315], [-161.913481, 59.752301], [-161.913518, 59.752286], [-161.913555, 59.752271], [-161.913592, 59.752256], [-161.91363, 59.752241], [-161.913669, 59.752226], [-161.913709, 59.75221], [-161.913748, 59.752194], [-161.913788, 59.752178], [-161.913827, 59.752162], [-161.913867, 59.752146], [-161.913907, 59.75213], [-161.913947, 59.752114], [-161.913984, 59.752099], [-161.914023, 59.752083], [-161.91406, 59.752067], [-161.914097, 59.752051], [-161.914136, 59.752035], [-161.914176, 59.752017], [-161.914215, 59.752], [-161.914253, 59.751983], [-161.914292, 59.751966], [-161.914329, 59.75195], [-161.914367, 59.751935], [-161.914404, 59.751919], [-161.914442, 59.751903], [-161.914481, 59.751886], [-161.914519, 59.751869], [-161.914554, 59.751853], [-161.91459, 59.751837], [-161.914625, 59.75182], [-161.914658, 59.751804], [-161.91469, 59.751788], [-161.914725, 59.751771], [-161.914757, 59.751755], [-161.914789, 59.751739], [-161.914822, 59.751723], [-161.914855, 59.751707], [-161.914888, 59.751691], [-161.914924, 59.751674], [-161.914958, 59.751659], [-161.914993, 59.751643], [-161.915029, 59.751627], [-161.915062, 59.751612], [-161.915096, 59.751596], [-161.91513, 59.75158], [-161.915163, 59.751564], [-161.915195, 59.751549], [-161.915228, 59.751532], [-161.915261, 59.751514], [-161.915292, 59.751498], [-161.915325, 59.75148], [-161.915357, 59.751463], [-161.915388, 59.751447], [-161.915418, 59.75143], [-161.915449, 59.751413], [-161.915478, 59.751397], [-161.915508, 59.75138], [-161.915537, 59.751363], [-161.915566, 59.751346], [-161.915594, 59.751329], [-161.915623, 59.751312], [-161.915651, 59.751295], [-161.915679, 59.751278], [-161.915707, 59.751261], [-161.915734, 59.751245], [-161.91576, 59.751229], [-161.915785, 59.751213], [-161.915811, 59.751197], [-161.915836, 59.751182], [-161.915863, 59.751167], [-161.915889, 59.751152], [-161.915915, 59.751138], [-161.91594, 59.751124], [-161.915966, 59.751111], [-161.915991, 59.751099], [-161.916015, 59.751086], [-161.91604, 59.751074], [-161.916063, 59.751063], [-161.916086, 59.751052], [-161.916109, 59.751041], [-161.916131, 59.75103], [-161.916152, 59.75102], [-161.916176, 59.751009], [-161.916197, 59.750999], [-161.916219, 59.750989], [-161.916242, 59.750979], [-161.916265, 59.750968], [-161.916287, 59.750958], [-161.916309, 59.750947], [-161.916332, 59.750935], [-161.916353, 59.750925], [-161.916374, 59.750915], [-161.916396, 59.750903], [-161.916417, 59.750893], [-161.916438, 59.750883], [-161.916459, 59.750873], [-161.916481, 59.750863], [-161.916501, 59.750854], [-161.916524, 59.750844], [-161.916546, 59.750834], [-161.91657, 59.750824], [-161.916592, 59.750815], [-161.916616, 59.750805], [-161.916637, 59.750797], [-161.91666, 59.750788], [-161.916682, 59.750779], [-161.916705, 59.75077], [-161.916728, 59.750762], [-161.916751, 59.750753], [-161.916774, 59.750744], [-161.916795, 59.750736], [-161.916818, 59.750728], [-161.91684, 59.75072], [-161.916863, 59.750711], [-161.916884, 59.750703], [-161.916907, 59.750695], [-161.916931, 59.750686], [-161.916954, 59.750678], [-161.916978, 59.750669], [-161.917003, 59.75066], [-161.917027, 59.750652], [-161.917051, 59.750643], [-161.917075, 59.750635], [-161.917098, 59.750626], [-161.917122, 59.750617], [-161.917148, 59.750608], [-161.917172, 59.750599], [-161.917198, 59.75059], [-161.917222, 59.750581], [-161.917246, 59.750572], [-161.917271, 59.750564], [-161.917295, 59.750556], [-161.91732, 59.750548], [-161.917348, 59.750539], [-161.917374, 59.750531], [-161.9174, 59.750523], [-161.917426, 59.750514], [-161.917453, 59.750505], [-161.917478, 59.750496], [-161.917503, 59.750487], [-161.917528, 59.750478], [-161.917554, 59.750467], [-161.917577, 59.750457], [-161.917599, 59.750447], [-161.917623, 59.750436], [-161.917646, 59.750426], [-161.917668, 59.750415], [-161.917689, 59.750405], [-161.917712, 59.750394], [-161.917734, 59.750382], [-161.917754, 59.750372], [-161.917775, 59.75036], [-161.917795, 59.750349], [-161.917813, 59.750338], [-161.91783, 59.750327], [-161.917847, 59.750316], [-161.917863, 59.750305], [-161.917879, 59.750294], [-161.917895, 59.750283], [-161.917911, 59.750272], [-161.917928, 59.75026], [-161.917944, 59.750248], [-161.917961, 59.750235], [-161.917977, 59.750223], [-161.917993, 59.75021], [-161.918008, 59.750198], [-161.918023, 59.750185], [-161.918037, 59.750173], [-161.918051, 59.75016], [-161.918065, 59.750148], [-161.918079, 59.750135], [-161.918093, 59.750122], [-161.918108, 59.750108], [-161.918123, 59.750094], [-161.91814, 59.75008], [-161.918159, 59.750064], [-161.918179, 59.750047], [-161.918199, 59.750031], [-161.918221, 59.750013], [-161.918243, 59.749995], [-161.918268, 59.749977], [-161.918293, 59.749958], [-161.918322, 59.749938], [-161.918351, 59.749917], [-161.918381, 59.749897], [-161.918411, 59.749877], [-161.918443, 59.749857], [-161.918474, 59.749838], [-161.918506, 59.74982], [-161.918538, 59.749802], [-161.918573, 59.749783], [-161.918609, 59.749765], [-161.918646, 59.749747], [-161.918683, 59.74973], [-161.918721, 59.749712], [-161.918758, 59.749696], [-161.918795, 59.749679], [-161.918834, 59.749664], [-161.918873, 59.749648], [-161.918912, 59.749633], [-161.918953, 59.749618], [-161.918994, 59.749604], [-161.919035, 59.74959], [-161.91908, 59.749576], [-161.919124, 59.749563], [-161.91917, 59.749549], [-161.919215, 59.749536], [-161.919261, 59.749523], [-161.919306, 59.749512], [-161.919353, 59.7495], [-161.9194, 59.749488], [-161.919448, 59.749477], [-161.919496, 59.749467], [-161.919545, 59.749456], [-161.919589, 59.749447], [-161.919633, 59.749438], [-161.919677, 59.74943], [-161.919722, 59.749422], [-161.919767, 59.749414], [-161.919813, 59.749406], [-161.919861, 59.749399], [-161.919911, 59.749392], [-161.919962, 59.749385], [-161.920013, 59.749379], [-161.920066, 59.749373], [-161.920117, 59.749368], [-161.920166, 59.749363], [-161.920215, 59.749358], [-161.920262, 59.749353], [-161.920311, 59.749349], [-161.920358, 59.749345], [-161.920405, 59.749341], [-161.920449, 59.749338], [-161.920499, 59.749335], [-161.920543, 59.749332], [-161.92059, 59.74933], [-161.920635, 59.749328], [-161.920682, 59.749326], [-161.920726, 59.749324], [-161.920774, 59.749322], [-161.920821, 59.749321], [-161.92087, 59.749319], [-161.92092, 59.749318], [-161.92097, 59.749316], [-161.92102, 59.749315], [-161.921069, 59.749314], [-161.921119, 59.749313], [-161.921166, 59.749312], [-161.921213, 59.749312], [-161.921259, 59.749311], [-161.921306, 59.749311], [-161.921353, 59.74931], [-161.921402, 59.74931], [-161.921453, 59.749311], [-161.921504, 59.749311], [-161.921555, 59.749312], [-161.921605, 59.749313], [-161.921655, 59.749315], [-161.921702, 59.749316], [-161.921751, 59.749318], [-161.9218, 59.74932], [-161.921849, 59.749322], [-161.921895, 59.749324], [-161.921941, 59.749326], [-161.921985, 59.749329], [-161.922028, 59.749331], [-161.922071, 59.749333], [-161.922116, 59.749336], [-161.922159, 59.749338], [-161.922201, 59.749341], [-161.922243, 59.749343], [-161.922283, 59.749345], [-161.922323, 59.749347], [-161.922366, 59.74935], [-161.922408, 59.749352], [-161.922447, 59.749354], [-161.922489, 59.749357], [-161.922529, 59.749359], [-161.922568, 59.749361], [-161.922608, 59.749363], [-161.922647, 59.749365], [-161.922687, 59.749367], [-161.922724, 59.749369], [-161.922762, 59.749371], [-161.922799, 59.749373], [-161.922839, 59.749374], [-161.922877, 59.749376], [-161.922919, 59.749378], [-161.922962, 59.749381], [-161.923002, 59.749383], [-161.923042, 59.749384], [-161.923084, 59.749386], [-161.923124, 59.749388], [-161.923164, 59.749389], [-161.923207, 59.74939], [-161.923247, 59.749391], [-161.92329, 59.749392], [-161.923335, 59.749393], [-161.923375, 59.749393], [-161.923413, 59.749394], [-161.923451, 59.749395], [-161.923484, 59.749395], [-161.923515, 59.749396], [-161.923549, 59.749396], [-161.92358, 59.749396], [-161.923611, 59.749396], [-161.923642, 59.749396], [-161.923672, 59.749396], [-161.923701, 59.749396], [-161.923732, 59.749396], [-161.923762, 59.749395], [-161.923793, 59.749395], [-161.923823, 59.749394], [-161.923855, 59.749394], [-161.923886, 59.749393], [-161.923916, 59.749392], [-161.923946, 59.749391], [-161.923976, 59.74939], [-161.924004, 59.749389], [-161.924034, 59.749388], [-161.924064, 59.749387], [-161.924094, 59.749385], [-161.924122, 59.749384], [-161.924153, 59.749383], [-161.924183, 59.749381], [-161.924214, 59.74938], [-161.924244, 59.749378], [-161.924277, 59.749377], [-161.924307, 59.749375], [-161.924337, 59.749374], [-161.924367, 59.749372], [-161.924395, 59.74937], [-161.924422, 59.749367], [-161.924451, 59.749365], [-161.92448, 59.749362], [-161.924507, 59.749359], [-161.924537, 59.749356], [-161.924566, 59.749353], [-161.924593, 59.74935], [-161.924621, 59.749347], [-161.92465, 59.749344], [-161.92468, 59.749341], [-161.924708, 59.749338], [-161.924738, 59.749335], [-161.924767, 59.749332], [-161.924797, 59.749329], [-161.924825, 59.749326], [-161.924855, 59.749323], [-161.924885, 59.74932], [-161.924916, 59.749318], [-161.924946, 59.749315], [-161.924979, 59.749312], [-161.925009, 59.74931], [-161.92504, 59.749307], [-161.92507, 59.749305], [-161.9251, 59.749303], [-161.925131, 59.749301], [-161.925161, 59.749298], [-161.925192, 59.749296], [-161.92522, 59.749295], [-161.925248, 59.749293], [-161.925277, 59.749291], [-161.925307, 59.74929], [-161.925337, 59.749288], [-161.925367, 59.749287], [-161.925397, 59.749286], [-161.925427, 59.749285], [-161.925457, 59.749284], [-161.925487, 59.749283], [-161.925519, 59.749282], [-161.925551, 59.749281], [-161.925583, 59.74928], [-161.925613, 59.749279], [-161.925645, 59.749277], [-161.925678, 59.749276], [-161.925708, 59.749275], [-161.925738, 59.749274], [-161.92577, 59.749274], [-161.925801, 59.749273], [-161.925831, 59.749273], [-161.925864, 59.749272], [-161.925896, 59.749272], [-161.925928, 59.749271], [-161.925961, 59.749271], [-161.925993, 59.74927], [-161.926025, 59.749269], [-161.926058, 59.749268], [-161.926092, 59.749267], [-161.926127, 59.749267], [-161.926162, 59.749266], [-161.926198, 59.749265], [-161.926235, 59.749264], [-161.926269, 59.749263], [-161.926306, 59.749262], [-161.926345, 59.749261], [-161.926384, 59.74926], [-161.926424, 59.749259], [-161.926465, 59.749258], [-161.926505, 59.749257], [-161.926542, 59.749256], [-161.926577, 59.749255], [-161.926615, 59.749254], [-161.926652, 59.749253], [-161.92669, 59.749251], [-161.92673, 59.74925], [-161.926772, 59.749249], [-161.926814, 59.749248], [-161.926856, 59.749247], [-161.9269, 59.749245], [-161.926943, 59.749244], [-161.926985, 59.749243], [-161.927027, 59.749241], [-161.92707, 59.74924], [-161.927113, 59.749239], [-161.927155, 59.749238], [-161.9272, 59.749237], [-161.927244, 59.749236], [-161.927287, 59.749236], [-161.927331, 59.749235], [-161.927375, 59.749235], [-161.927418, 59.749234], [-161.927462, 59.749234], [-161.927509, 59.749233], [-161.927554, 59.749233], [-161.927601, 59.749233], [-161.927647, 59.749234], [-161.927691, 59.749234], [-161.927735, 59.749235], [-161.927779, 59.749235], [-161.927823, 59.749236], [-161.927868, 59.749237], [-161.927912, 59.749239], [-161.927956, 59.749241], [-161.928, 59.749244], [-161.928044, 59.749246], [-161.928086, 59.749249], [-161.928128, 59.749253], [-161.928169, 59.749257], [-161.928211, 59.749261], [-161.928253, 59.749265], [-161.928294, 59.74927], [-161.928335, 59.749276], [-161.928374, 59.749281], [-161.928412, 59.749287], [-161.928446, 59.749293], [-161.928482, 59.749299], [-161.928515, 59.749305], [-161.928551, 59.749311], [-161.928582, 59.749317], [-161.928616, 59.749323], [-161.928647, 59.74933], [-161.928679, 59.749336], [-161.92871, 59.749343], [-161.928744, 59.74935], [-161.928778, 59.749357], [-161.928811, 59.749365], [-161.928845, 59.749373], [-161.928876, 59.749381], [-161.928908, 59.749389], [-161.928939, 59.749397], [-161.92897, 59.749405], [-161.929002, 59.749413], [-161.929033, 59.749422], [-161.929064, 59.749431], [-161.929094, 59.74944], [-161.929125, 59.749449], [-161.929155, 59.749458], [-161.929188, 59.749469], [-161.92922, 59.74948], [-161.929251, 59.749491], [-161.92928, 59.749501], [-161.929309, 59.749512], [-161.929336, 59.749522], [-161.929362, 59.749532], [-161.929389, 59.749542], [-161.929415, 59.749551], [-161.929444, 59.749562], [-161.929472, 59.749573], [-161.929498, 59.749583], [-161.929525, 59.749593], [-161.929553, 59.749604], [-161.929577, 59.749614], [-161.929601, 59.749624], [-161.929625, 59.749634], [-161.929648, 59.749644], [-161.929671, 59.749655], [-161.929695, 59.749666], [-161.92972, 59.749678], [-161.929744, 59.749689], [-161.929768, 59.749701], [-161.929791, 59.749712], [-161.929813, 59.749723], [-161.929835, 59.749734], [-161.929858, 59.749746], [-161.92988, 59.749757], [-161.929901, 59.749768], [-161.929921, 59.74978], [-161.929941, 59.749791], [-161.929961, 59.749803], [-161.929982, 59.749816], [-161.930001, 59.749828], [-161.930021, 59.749841], [-161.93004, 59.749854], [-161.930058, 59.749867], [-161.930076, 59.749879], [-161.930095, 59.749893], [-161.930112, 59.749905], [-161.930129, 59.749918], [-161.930146, 59.74993], [-161.930163, 59.749943], [-161.93018, 59.749955], [-161.930198, 59.749968], [-161.930214, 59.749981], [-161.930232, 59.749994], [-161.930248, 59.750007], [-161.930264, 59.750019], [-161.93028, 59.750032], [-161.930297, 59.750045], [-161.930312, 59.750057], [-161.930328, 59.75007], [-161.930343, 59.750082], [-161.930357, 59.750094], [-161.93037, 59.750104], [-161.930384, 59.750116], [-161.930397, 59.750127], [-161.930411, 59.750138], [-161.930424, 59.750149], [-161.930436, 59.75016], [-161.930449, 59.75017], [-161.930461, 59.750181], [-161.930474, 59.750193], [-161.930487, 59.750204], [-161.930499, 59.750215], [-161.930511, 59.750226], [-161.930523, 59.750237], [-161.930534, 59.750247], [-161.930545, 59.750257], [-161.930557, 59.750268], [-161.93057, 59.750278], [-161.930582, 59.750289], [-161.930595, 59.750301], [-161.930608, 59.750312], [-161.930615, 59.750318], [-161.930621, 59.750324]]}}, {"type": "Feature", "properties": {"kind": "centerline", "reach": "Uyak_Creek"}, "geometry": {"type": "LineString", "coordinates": [[-161.391215, 59.826068], [-161.391159, 59.826105], [-161.391098, 59.826144], [-161.390979, 59.82622], [-161.390854, 59.826295], [-161.390723, 59.826368], [-161.390582, 59.826438], [-161.390439, 59.826504], [-161.390286, 59.826565], [-161.390131, 59.826621], [-161.389969, 59.826674], [-161.389804, 59.826723], [-161.389633, 59.826767], [-161.389459, 59.826805], [-161.389276, 59.826838], [-161.38913, 59.826862], [-161.38898, 59.826881], [-161.388828, 59.826896], [-161.388675, 59.82691], [-161.388522, 59.826923], [-161.388333, 59.826939], [-161.388141, 59.826955], [-161.387952, 59.826971], [-161.387759, 59.826987], [-161.38757, 59.827004], [-161.387381, 59.827022], [-161.387192, 59.827039], [-161.387003, 59.827057], [-161.386813, 59.827074], [-161.386624, 59.827093], [-161.386435, 59.827111], [-161.386249, 59.827131], [-161.386063, 59.827151], [-161.38588, 59.827172], [-161.385696, 59.827191], [-161.38555, 59.827206], [-161.385403, 59.827219], [-161.385254, 59.827229], [-161.385104, 59.827239], [-161.384955, 59.827248], [-161.384769, 59.82726], [-161.384583, 59.827273], [-161.384396, 59.827287], [-161.38421, 59.827303], [-161.384024, 59.827322], [-161.383841, 59.827344], [-161.383658, 59.827368], [-161.383481, 59.827395], [-161.383304, 59.827426], [-161.38313, 59.827458], [-161.382956, 59.827494], [-161.382785, 59.827533], [-161.382614, 59.827574], [-161.382446, 59.827618], [-161.382281, 59.827664], [-161.38215, 59.827701], [-161.382019, 59.827739], [-161.381891, 59.82778], [-161.381763, 59.827824], [-161.381638, 59.827872], [-161.381485, 59.827934], [-161.381342, 59.828], [-161.381201, 59.828068], [-161.38107, 59.828136], [-161.380942, 59.828204], [-161.38082, 59.828271], [-161.380701, 59.828337], [-161.380588, 59.828403], [-161.380478, 59.828467], [-161.380371, 59.828528], [-161.380264, 59.82859], [-161.380157, 59.828649], [-161.380051, 59.828707], [-161.379944, 59.828764], [-161.379834, 59.828817], [-161.379745, 59.828858], [-161.379657, 59.828897], [-161.379574, 59.828936], [-161.37951, 59.828977], [-161.379474, 59.829024], [-161.379446, 59.829082], [-161.379453, 59.829145], [-161.379492, 59.829204], [-161.379559, 59.829257], [-161.379645, 59.829303], [-161.379745, 59.829342], [-161.379852, 59.829375], [-161.379962, 59.829407], [-161.380066, 59.829439], [-161.380173, 59.829468], [-161.380279, 59.829492], [-161.380392, 59.82951], [-161.380511, 59.82952], [-161.380636, 59.829528], [-161.380762, 59.829536], [-161.380862, 59.829544], [-161.380963, 59.829557], [-161.381064, 59.829573], [-161.381164, 59.82959], [-161.381265, 59.829607], [-161.38139, 59.829628], [-161.381512, 59.82965], [-161.381628, 59.829675], [-161.381738, 59.829704], [-161.381833, 59.829743], [-161.3819, 59.829788], [-161.381937, 59.829841], [-161.381952, 59.8299], [-161.381955, 59.829962], [-161.381961, 59.830024], [-161.381982, 59.830085], [-161.382025, 59.830145], [-161.382077, 59.830204], [-161.382132, 59.830262], [-161.382181, 59.83032], [-161.382217, 59.830366], [-161.382251, 59.830413], [-161.382291, 59.830458], [-161.382339, 59.830498], [-161.382407, 59.830532], [-161.382495, 59.830572], [-161.382623, 59.830609], [-161.382764, 59.830641], [-161.38291, 59.83067], [-161.38306, 59.830697], [-161.383212, 59.830722], [-161.383344, 59.83074], [-161.383475, 59.830753], [-161.383609, 59.830763], [-161.38374, 59.830769], [-161.383872, 59.830768], [-161.384, 59.830763], [-161.384125, 59.830755], [-161.384244, 59.83074], [-161.384339, 59.830727], [-161.384424, 59.830706], [-161.384497, 59.830677], [-161.384558, 59.83064], [-161.38461, 59.830599], [-161.384677, 59.830547], [-161.384744, 59.830494], [-161.384821, 59.830444], [-161.384906, 59.830399], [-161.385004, 59.83036], [-161.38511, 59.830327], [-161.385223, 59.830298], [-161.385339, 59.830272], [-161.385455, 59.830247], [-161.385571, 59.830223], [-161.385687, 59.830202], [-161.385834, 59.830186], [-161.38598, 59.830181], [-161.386127, 59.830189], [-161.386249, 59.830202], [-161.386362, 59.830225], [-161.386441, 59.830258], [-161.386517, 59.830294], [-161.386588, 59.830331], [-161.386676, 59.830378], [-161.386761, 59.830427], [-161.386841, 59.830477], [-161.386905, 59.830531], [-161.38696, 59.830589], [-161.387003, 59.830649], [-161.38703, 59.830712], [-161.387039, 59.830776], [-161.387033, 59.83084], [-161.387009, 59.830904], [-161.386941, 59.830972], [-161.386859, 59.831038], [-161.38677, 59.831104], [-161.386682, 59.83117], [-161.386606, 59.831224], [-161.386557, 59.831273], [-161.386517, 59.831325], [-161.38649, 59.831378], [-161.386484, 59.83143], [-161.386496, 59.831491], [-161.386539, 59.831545], [-161.386615, 59.83159], [-161.386716, 59.831626], [-161.386829, 59.831652], [-161.386942, 59.831679], [-161.387045, 59.83171], [-161.387143, 59.831761], [-161.387222, 59.831821], [-161.387283, 59.831888], [-161.387326, 59.831959], [-161.387347, 59.832031], [-161.387338, 59.832091], [-161.387311, 59.832152], [-161.387277, 59.8322], [-161.387238, 59.83225], [-161.387204, 59.832302], [-161.387186, 59.832356], [-161.387186, 59.832413], [-161.387192, 59.832483], [-161.387207, 59.832554], [-161.387229, 59.832624], [-161.387244, 59.832694], [-161.38725, 59.832765], [-161.38725, 59.832835], [-161.387247, 59.832906], [-161.387241, 59.832976], [-161.387238, 59.833045], [-161.387241, 59.833115], [-161.387247, 59.833183], [-161.387256, 59.833252], [-161.387274, 59.833334], [-161.387299, 59.833418], [-161.38732, 59.833487], [-161.387347, 59.833556], [-161.387381, 59.833626], [-161.387421, 59.833681], [-161.387466, 59.833734], [-161.387524, 59.8338], [-161.387589, 59.833864], [-161.387656, 59.833926], [-161.387723, 59.833986], [-161.38779, 59.834042], [-161.38786, 59.834096], [-161.387927, 59.834148], [-161.387994, 59.834197], [-161.388059, 59.834244], [-161.388123, 59.83429], [-161.388184, 59.834333], [-161.388248, 59.834373], [-161.388312, 59.83441], [-161.388385, 59.834451], [-161.388446, 59.834483], [-161.388516, 59.834518], [-161.388599, 59.834567], [-161.388681, 59.834618], [-161.388754, 59.834664], [-161.38884, 59.83472], [-161.388922, 59.834776], [-161.388992, 59.834821], [-161.389084, 59.834879], [-161.389179, 59.834941], [-161.389279, 59.835005], [-161.389377, 59.835069], [-161.389469, 59.835137], [-161.389533, 59.835196], [-161.389588, 59.835259], [-161.389624, 59.83531], [-161.389649, 59.835364], [-161.389667, 59.835418], [-161.389682, 59.835472], [-161.3897, 59.835526], [-161.389728, 59.835594], [-161.389761, 59.835662], [-161.38981, 59.835727], [-161.389877, 59.835787], [-161.38996, 59.835841], [-161.390057, 59.835884], [-161.39017, 59.835917], [-161.390292, 59.835939], [-161.390417, 59.83595], [-161.390546, 59.835953], [-161.390677, 59.835949], [-161.390808, 59.835941], [-161.390942, 59.835934], [-161.391107, 59.835936], [-161.391245, 59.83594], [-161.391382, 59.835947], [-161.391525, 59.835957], [-161.391666, 59.835966], [-161.391779, 59.835969], [-161.391916, 59.835968], [-161.392047, 59.835958], [-161.392163, 59.835937], [-161.392267, 59.835903], [-161.392355, 59.835857], [-161.392432, 59.8358], [-161.392502, 59.835739], [-161.392572, 59.835676], [-161.392648, 59.835615], [-161.392737, 59.835559], [-161.39284, 59.835508], [-161.392956, 59.835464], [-161.393085, 59.835426], [-161.393219, 59.835395], [-161.393356, 59.835368], [-161.393466, 59.835348], [-161.393579, 59.835329], [-161.393692, 59.835311], [-161.393805, 59.835292], [-161.393921, 59.835273], [-161.394064, 59.835249], [-161.394205, 59.835226], [-161.394348, 59.835202], [-161.394491, 59.835178], [-161.394635, 59.835155], [-161.394803, 59.83513], [-161.394971, 59.835107], [-161.395154, 59.835088], [-161.395331, 59.835075], [-161.395499, 59.835072], [-161.39563, 59.835079], [-161.395749, 59.835093], [-161.395837, 59.835113], [-161.395905, 59.83513], [-161.395953, 59.835155], [-161.395975, 59.835168], [-161.395981, 59.835178], [-161.395959, 59.835177], [-161.395926, 59.835168], [-161.39588, 59.835138], [-161.395846, 59.835115], [-161.395804, 59.835085], [-161.395773, 59.835061], [-161.39577, 59.835043], [-161.395776, 59.835033], [-161.39577, 59.83503], [-161.395773, 59.835034], [-161.395776, 59.835029], [-161.395752, 59.835022], [-161.395728, 59.835014], [-161.395694, 59.835], [-161.395679, 59.834986], [-161.395664, 59.834982], [-161.39567, 59.834991], [-161.395676, 59.835], [-161.395715, 59.835019], [-161.395749, 59.835043], [-161.395791, 59.835075], [-161.395825, 59.835098], [-161.395874, 59.835132], [-161.39592, 59.835162], [-161.395969, 59.835194], [-161.396024, 59.835226], [-161.396094, 59.835267], [-161.396167, 59.835306], [-161.396268, 59.835359], [-161.396375, 59.835416], [-161.396488, 59.835474], [-161.39661, 59.835535], [-161.396738, 59.835597], [-161.396854, 59.83565], [-161.396976, 59.835702], [-161.397101, 59.835754], [-161.397226, 59.835804], [-161.397354, 59.835853], [-161.397482, 59.835902], [-161.397608, 59.835951], [-161.397708, 59.835989], [-161.397809, 59.836028], [-161.397907, 59.836067], [-161.398001, 59.836105], [-161.39809, 59.836143], [-161.3982, 59.836191], [-161.398303, 59.836237], [-161.398401, 59.836282], [-161.398499, 59.836326], [-161.398599, 59.836363], [-161.398703, 59.836392], [-161.398807, 59.836408], [-161.398911, 59.836408], [-161.39902, 59.836389], [-161.399118, 59.836359], [-161.399206, 59.836318], [-161.399292, 59.836271], [-161.399377, 59.836223], [-161.399457, 59.836181], [-161.399527, 59.836147], [-161.399609, 59.836118], [-161.399704, 59.8361], [-161.399805, 59.836092], [-161.399909, 59.836091], [-161.400037, 59.836088], [-161.400162, 59.836088], [-161.400287, 59.836088], [-161.400415, 59.836088], [-161.400546, 59.836086], [-161.400681, 59.836085], [-161.400815, 59.836085], [-161.400949, 59.836086], [-161.40108, 59.836088], [-161.401209, 59.836092], [-161.401334, 59.8361], [-161.401456, 59.836113], [-161.401569, 59.836131], [-161.401676, 59.836154], [-161.401773, 59.836179], [-161.401846, 59.836201], [-161.40191, 59.836233], [-161.401953, 59.836268], [-161.401978, 59.836306], [-161.402002, 59.836349], [-161.402048, 59.836397], [-161.402112, 59.836434], [-161.402197, 59.836464], [-161.402301, 59.836487], [-161.40242, 59.836508], [-161.402548, 59.83653], [-161.40267, 59.836556], [-161.402802, 59.836587], [-161.402914, 59.836616], [-161.403018, 59.836635], [-161.403085, 59.836661], [-161.403113, 59.836687], [-161.403091, 59.836715], [-161.403064, 59.836759], [-161.403012, 59.836812], [-161.402975, 59.836868], [-161.402972, 59.836924], [-161.403015, 59.836978], [-161.403064, 59.837017], [-161.40314, 59.837055], [-161.403235, 59.837087], [-161.403326, 59.837115], [-161.403412, 59.837138], [-161.403516, 59.837163], [-161.40361, 59.837183], [-161.403696, 59.837199], [-161.403781, 59.837217], [-161.403864, 59.837238], [-161.403943, 59.837264], [-161.404022, 59.837293], [-161.404099, 59.837323], [-161.404178, 59.837348], [-161.404257, 59.83737], [-161.404343, 59.837396], [-161.404416, 59.837426], [-161.404474, 59.837451], [-161.404517, 59.837484], [-161.404547, 59.837524], [-161.404565, 59.837559], [-161.404593, 59.837594], [-161.404632, 59.837635], [-161.404678, 59.837674], [-161.404733, 59.83771], [-161.404794, 59.837743], [-161.404861, 59.837772], [-161.404935, 59.837797], [-161.40502, 59.837817], [-161.405115, 59.837832], [-161.405215, 59.837843], [-161.405341, 59.837851], [-161.405469, 59.837853], [-161.405597, 59.837852], [-161.405725, 59.837845], [-161.405853, 59.837832], [-161.405939, 59.837819], [-161.406021, 59.837805], [-161.406103, 59.83779], [-161.406186, 59.837775], [-161.406265, 59.837759], [-161.406366, 59.837738], [-161.406467, 59.837716], [-161.406567, 59.837692], [-161.406665, 59.837667], [-161.406766, 59.837641], [-161.406863, 59.837614], [-161.406958, 59.837583], [-161.40705, 59.83755], [-161.407135, 59.837515], [-161.407218, 59.837477], [-161.4073, 59.837438], [-161.407385, 59.837403], [-161.407474, 59.837373], [-161.407571, 59.837348], [-161.407672, 59.837331], [-161.407755, 59.837319], [-161.40784, 59.837312], [-161.407923, 59.837309], [-161.408005, 59.83731], [-161.408084, 59.837315], [-161.408179, 59.837322], [-161.40827, 59.837334], [-161.408356, 59.83735], [-161.408432, 59.837371], [-161.408505, 59.837394], [-161.408597, 59.837417], [-161.408697, 59.83744], [-161.40881, 59.837466], [-161.408945, 59.83749], [-161.409082, 59.837511], [-161.409204, 59.837531], [-161.409299, 59.837547], [-161.409387, 59.837556], [-161.40946, 59.837566], [-161.409531, 59.837579], [-161.409598, 59.837596], [-161.40968, 59.837621], [-161.409757, 59.837651], [-161.409824, 59.837686], [-161.409885, 59.837724], [-161.409946, 59.837763], [-161.410007, 59.837801], [-161.410065, 59.837843], [-161.41012, 59.837885], [-161.410175, 59.837929], [-161.410226, 59.837976], [-161.410275, 59.838026], [-161.41033, 59.838074], [-161.410394, 59.838119], [-161.410471, 59.838157], [-161.410553, 59.838184], [-161.410623, 59.838202], [-161.41069, 59.838205], [-161.410754, 59.838194], [-161.410803, 59.83817], [-161.410843, 59.838139], [-161.410886, 59.838098], [-161.410922, 59.838052], [-161.410959, 59.838005], [-161.411008, 59.837965], [-161.411069, 59.837933], [-161.411145, 59.83791], [-161.411237, 59.837901], [-161.411334, 59.837904], [-161.411429, 59.837919], [-161.411514, 59.837943], [-161.411591, 59.837979], [-161.411661, 59.83802], [-161.411728, 59.838064], [-161.411813, 59.838104], [-161.411887, 59.838134], [-161.411969, 59.838152], [-161.412051, 59.838157], [-161.412137, 59.838152], [-161.412207, 59.838146], [-161.412296, 59.838142], [-161.412384, 59.838144], [-161.412476, 59.838151], [-161.412573, 59.838159], [-161.412677, 59.838166], [-161.41279, 59.838169], [-161.412909, 59.838167], [-161.413037, 59.838163], [-161.413171, 59.838157], [-161.413309, 59.838148], [-161.413446, 59.838137], [-161.413586, 59.838126], [-161.413727, 59.838118], [-161.413864, 59.838113], [-161.414001, 59.83811], [-161.414111, 59.83811], [-161.414218, 59.83811], [-161.414322, 59.838111], [-161.414422, 59.838112], [-161.41452, 59.838114], [-161.414642, 59.838118], [-161.414764, 59.838125], [-161.414883, 59.838134], [-161.415002, 59.838145], [-161.415118, 59.838158], [-161.415231, 59.838173], [-161.415341, 59.838189], [-161.415448, 59.838206], [-161.415552, 59.838226], [-161.415649, 59.838249], [-161.415747, 59.838274], [-161.415839, 59.838302], [-161.415933, 59.838329], [-161.416025, 59.838354], [-161.416122, 59.838373], [-161.416199, 59.838387], [-161.416281, 59.838394], [-161.416364, 59.838397], [-161.416449, 59.838399], [-161.416534, 59.838401], [-161.416641, 59.838405], [-161.416748, 59.838409], [-161.416855, 59.838411], [-161.416956, 59.838409], [-161.41705, 59.838402], [-161.417139, 59.838387], [-161.417221, 59.838368], [-161.417297, 59.838345], [-161.417371, 59.838319], [-161.417435, 59.838288], [-161.417493, 59.838254], [-161.417539, 59.838215], [-161.417569, 59.838172], [-161.417588, 59.838127], [-161.4176, 59.838081], [-161.417603, 59.838043], [-161.4176, 59.838006], [-161.417594, 59.837968], [-161.417584, 59.83793], [-161.417569, 59.837892], [-161.417551, 59.837846], [-161.417538, 59.8378], [-161.417541, 59.837756], [-161.417563, 59.837714], [-161.417606, 59.837675], [-161.417667, 59.837637], [-161.417743, 59.837601], [-161.417825, 59.837565], [-161.417911, 59.83753], [-161.417999, 59.837496], [-161.418094, 59.837464], [-161.418191, 59.837433], [-161.418283, 59.8374], [-161.418362, 59.837365], [-161.418424, 59.837324], [-161.418463, 59.837288], [-161.418473, 59.837249], [-161.418463, 59.837208], [-161.418439, 59.837165], [-161.418411, 59.837123], [-161.418378, 59.83707], [-161.418344, 59.837017], [-161.41831, 59.836962], [-161.418283, 59.836907], [-161.418256, 59.836852], [-161.418234, 59.836796], [-161.418222, 59.83674], [-161.418213, 59.836687], [-161.418213, 59.836633], [-161.418225, 59.836583], [-161.41825, 59.836536], [-161.418292, 59.836494], [-161.418356, 59.836458], [-161.418433, 59.836428], [-161.418521, 59.836402], [-161.418597, 59.836383], [-161.418674, 59.836367], [-161.41875, 59.836353], [-161.418851, 59.836337], [-161.418951, 59.836324], [-161.419071, 59.836311], [-161.419193, 59.836301], [-161.419318, 59.836294], [-161.419424, 59.836294], [-161.419531, 59.836295], [-161.419638, 59.836298], [-161.419745, 59.836302], [-161.419849, 59.836305], [-161.419949, 59.836307], [-161.420047, 59.836311], [-161.420138, 59.836322], [-161.420215, 59.836341], [-161.420273, 59.836371], [-161.420306, 59.836411], [-161.420322, 59.83645], [-161.420322, 59.836492], [-161.420316, 59.836537], [-161.420309, 59.836582], [-161.420309, 59.836627], [-161.420318, 59.836681], [-161.420346, 59.836731], [-161.420395, 59.836768], [-161.420468, 59.836793], [-161.42056, 59.836805], [-161.420666, 59.836806], [-161.420779, 59.836798], [-161.420892, 59.836787], [-161.421002, 59.836775], [-161.421115, 59.836764], [-161.421222, 59.836756], [-161.421326, 59.836755], [-161.421423, 59.836764], [-161.421515, 59.836784], [-161.421594, 59.83681], [-161.421655, 59.836836], [-161.42171, 59.836865], [-161.421753, 59.836896], [-161.421784, 59.836929], [-161.421799, 59.836965], [-161.421808, 59.837011], [-161.421792, 59.837058], [-161.421762, 59.837104], [-161.42171, 59.837146], [-161.421621, 59.837191], [-161.421527, 59.837235], [-161.421429, 59.837281], [-161.421329, 59.837329], [-161.421237, 59.837382], [-161.421182, 59.837434], [-161.421146, 59.837488], [-161.421133, 59.83754], [-161.421155, 59.837591], [-161.421204, 59.837636], [-161.421255, 59.837669], [-161.421323, 59.837697], [-161.421399, 59.837721], [-161.421478, 59.837745], [-161.421558, 59.83777], [-161.421655, 59.837803], [-161.421747, 59.837839], [-161.421832, 59.837879], [-161.421909, 59.837919], [-161.421979, 59.837961], [-161.422046, 59.838003], [-161.422116, 59.83804], [-161.422192, 59.838071], [-161.422278, 59.838097], [-161.422369, 59.838118], [-161.422467, 59.838133], [-161.422565, 59.838147], [-161.422665, 59.838155], [-161.422766, 59.838157], [-161.422864, 59.838148], [-161.42294, 59.838138], [-161.42301, 59.838116], [-161.423071, 59.838087], [-161.423151, 59.838056], [-161.423239, 59.83803], [-161.423346, 59.838005], [-161.423462, 59.837991], [-161.423584, 59.837991], [-161.423688, 59.838001], [-161.423788, 59.838013], [-161.423892, 59.838027], [-161.423996, 59.83804], [-161.424103, 59.83805], [-161.42421, 59.838054], [-161.424313, 59.838052], [-161.424417, 59.838044], [-161.424542, 59.838035], [-161.424664, 59.838026], [-161.424765, 59.83802], [-161.424866, 59.83802], [-161.424966, 59.838023], [-161.425043, 59.838027], [-161.425116, 59.838034], [-161.425204, 59.838045], [-161.425293, 59.838056], [-161.425378, 59.838067], [-161.425467, 59.838076], [-161.425564, 59.83808], [-161.425665, 59.838077], [-161.425766, 59.83807], [-161.425876, 59.838052], [-161.425977, 59.838027], [-161.426065, 59.837998], [-161.426157, 59.837971], [-161.426261, 59.837939], [-161.426349, 59.837912], [-161.426425, 59.837894], [-161.426511, 59.83787], [-161.426587, 59.837834], [-161.426639, 59.837795], [-161.426688, 59.837753], [-161.426767, 59.837697], [-161.42684, 59.837645], [-161.42692, 59.837601], [-161.427011, 59.83756], [-161.427112, 59.837521], [-161.427197, 59.837489], [-161.427289, 59.837459], [-161.427377, 59.837429], [-161.427466, 59.837399], [-161.427551, 59.837371], [-161.427637, 59.837344], [-161.427734, 59.837319], [-161.427817, 59.837299], [-161.427905, 59.837277], [-161.42799, 59.837253], [-161.428073, 59.837228], [-161.428137, 59.8372], [-161.428213, 59.837164], [-161.428281, 59.837129], [-161.428363, 59.837083], [-161.428464, 59.837028], [-161.428564, 59.836972], [-161.42868, 59.836912], [-161.428809, 59.836854], [-161.428937, 59.836812], [-161.429062, 59.836788], [-161.429172, 59.83677], [-161.42927, 59.836759], [-161.429328, 59.836759], [-161.42934, 59.836761], [-161.429303, 59.836762], [-161.429248, 59.836765], [-161.429178, 59.836772], [-161.429101, 59.836778], [-161.429022, 59.836785], [-161.428949, 59.836795], [-161.428894, 59.836804], [-161.428821, 59.836812], [-161.428766, 59.836817], [-161.428751, 59.836817], [-161.428769, 59.836813], [-161.428787, 59.836809], [-161.428839, 59.836807], [-161.428912, 59.836802], [-161.428983, 59.836794], [-161.429056, 59.836786], [-161.429129, 59.836779], [-161.429211, 59.83677], [-161.429303, 59.836767], [-161.429398, 59.836768], [-161.429489, 59.836773], [-161.429599, 59.83678], [-161.429703, 59.836791], [-161.429794, 59.836803], [-161.429883, 59.836816], [-161.429968, 59.836833], [-161.430054, 59.836851], [-161.430139, 59.836868], [-161.430228, 59.836886], [-161.430316, 59.836905], [-161.430405, 59.836926], [-161.430487, 59.836952], [-161.430567, 59.836983], [-161.430646, 59.837016], [-161.430728, 59.837048], [-161.430795, 59.837073], [-161.430872, 59.837094], [-161.430957, 59.837111], [-161.431042, 59.837125], [-161.431134, 59.837135], [-161.43125, 59.837148], [-161.431369, 59.83716], [-161.431488, 59.837171], [-161.43161, 59.837181], [-161.431732, 59.837193], [-161.431854, 59.837204], [-161.431973, 59.837214], [-161.432092, 59.837221], [-161.432211, 59.837225], [-161.43233, 59.837224], [-161.432446, 59.837218], [-161.432565, 59.837208], [-161.432681, 59.837196], [-161.432797, 59.83718], [-161.43291, 59.837163], [-161.433002, 59.837148], [-161.43309, 59.837132], [-161.433182, 59.837114], [-161.43327, 59.837096], [-161.433362, 59.837079], [-161.433481, 59.837058], [-161.433603, 59.837039], [-161.433725, 59.837022], [-161.433853, 59.837004], [-161.433981, 59.836986], [-161.434107, 59.836967], [-161.434232, 59.836948], [-161.434357, 59.836929], [-161.434479, 59.83691], [-161.434601, 59.836892], [-161.434723, 59.836875], [-161.434842, 59.836858], [-161.434961, 59.836841], [-161.435077, 59.836824], [-161.435193, 59.836802], [-161.435285, 59.836783], [-161.435376, 59.836762], [-161.435465, 59.836739], [-161.435553, 59.836713], [-161.435638, 59.83669], [-161.435745, 59.836661], [-161.435852, 59.836633], [-161.435962, 59.836609], [-161.436075, 59.836588], [-161.436188, 59.836572], [-161.436304, 59.83656], [-161.43642, 59.836551], [-161.436536, 59.836544], [-161.436652, 59.836539], [-161.436792, 59.836539], [-161.436936, 59.836543], [-161.437082, 59.83655], [-161.437232, 59.836559], [-161.437381, 59.836569], [-161.437485, 59.836575], [-161.437588, 59.836581], [-161.437692, 59.836589], [-161.437793, 59.836597], [-161.437891, 59.836607], [-161.438013, 59.83662], [-161.438132, 59.836636], [-161.438251, 59.836654], [-161.438373, 59.836674], [-161.438498, 59.836697], [-161.438626, 59.836718], [-161.438754, 59.836733], [-161.438886, 59.836741], [-161.439014, 59.836742], [-161.439142, 59.836735], [-161.439264, 59.836722], [-161.439383, 59.836705], [-161.439496, 59.836685], [-161.439603, 59.836662], [-161.439704, 59.836637], [-161.439783, 59.836616], [-161.439859, 59.836594], [-161.439932, 59.83657], [-161.440003, 59.836543], [-161.440067, 59.836513], [-161.44014, 59.836474], [-161.440207, 59.836431], [-161.440283, 59.836376], [-161.440353, 59.83632], [-161.440421, 59.836262], [-161.440488, 59.836203], [-161.440552, 59.836143], [-161.440595, 59.836091], [-161.440634, 59.836039], [-161.440665, 59.835985], [-161.440689, 59.835931], [-161.440701, 59.835875], [-161.440701, 59.835818], [-161.440698, 59.835762], [-161.440695, 59.835717], [-161.440701, 59.835673], [-161.440726, 59.835635], [-161.440777, 59.835602], [-161.440851, 59.835577], [-161.440942, 59.835546], [-161.441037, 59.835515], [-161.441135, 59.835484], [-161.441232, 59.835452], [-161.441321, 59.835415], [-161.441406, 59.835376], [-161.441489, 59.835338], [-161.441568, 59.835298], [-161.441641, 59.835258], [-161.441714, 59.835216], [-161.441785, 59.835173], [-161.441855, 59.835129], [-161.441919, 59.835084], [-161.441977, 59.835037], [-161.442026, 59.834988], [-161.442062, 59.834948], [-161.442096, 59.834909], [-161.442126, 59.834871], [-161.442151, 59.834833], [-161.442172, 59.834795], [-161.4422, 59.83475], [-161.44223, 59.834706], [-161.442267, 59.834665], [-161.442313, 59.834627], [-161.442368, 59.834593], [-161.442432, 59.834561], [-161.442499, 59.834533], [-161.442572, 59.83451], [-161.442651, 59.834494], [-161.442737, 59.834484], [-161.442828, 59.834483], [-161.442923, 59.83449], [-161.443018, 59.834503], [-161.443109, 59.83452], [-161.443198, 59.834543], [-161.443265, 59.834561], [-161.443332, 59.834579], [-161.443396, 59.834592], [-161.443472, 59.834592], [-161.443549, 59.834579], [-161.443616, 59.834572], [-161.443649, 59.834569], [-161.443668, 59.834565], [-161.44364, 59.834571], [-161.443597, 59.834586], [-161.443579, 59.83459], [-161.443594, 59.834582], [-161.443631, 59.834562], [-161.443707, 59.834526], [-161.443811, 59.834481], [-161.44393, 59.834434], [-161.444061, 59.834389], [-161.444202, 59.83435], [-161.444351, 59.834319], [-161.444473, 59.834298], [-161.444595, 59.834283], [-161.444714, 59.834281], [-161.444818, 59.834289], [-161.44491, 59.834304], [-161.445016, 59.83432], [-161.445111, 59.834334], [-161.445197, 59.834335], [-161.445282, 59.834327], [-161.445364, 59.834312], [-161.445447, 59.834292], [-161.445526, 59.834269], [-161.445615, 59.83424], [-161.4457, 59.834209], [-161.445789, 59.834171], [-161.445865, 59.83412], [-161.445926, 59.834074], [-161.445969, 59.834022], [-161.446012, 59.833968], [-161.446048, 59.833923], [-161.446094, 59.833888], [-161.446152, 59.833846], [-161.446213, 59.833816], [-161.446277, 59.833788], [-161.446347, 59.833763], [-161.446423, 59.833742], [-161.446503, 59.833723], [-161.446582, 59.833705], [-161.446659, 59.833684], [-161.446729, 59.833658], [-161.44679, 59.833627], [-161.446845, 59.833593], [-161.446906, 59.83355], [-161.446967, 59.833498], [-161.447015, 59.833453], [-161.44707, 59.833402], [-161.447141, 59.833348], [-161.44722, 59.833305], [-161.447311, 59.833273], [-161.447421, 59.83323], [-161.447525, 59.833189], [-161.44762, 59.833152], [-161.447702, 59.833116], [-161.447778, 59.833076], [-161.447836, 59.833046], [-161.447882, 59.833019], [-161.4479, 59.832991], [-161.447897, 59.832958], [-161.447885, 59.832924], [-161.447904, 59.832877], [-161.447925, 59.832838], [-161.44798, 59.832806], [-161.448059, 59.83278], [-161.448148, 59.832763], [-161.448218, 59.832751], [-161.448291, 59.832727], [-161.448364, 59.832693], [-161.448419, 59.832661], [-161.448471, 59.832629], [-161.448529, 59.832603], [-161.448602, 59.832589], [-161.448669, 59.832587], [-161.448755, 59.832585], [-161.448859, 59.832588], [-161.448978, 59.83259], [-161.449112, 59.832595], [-161.449262, 59.832602], [-161.449423, 59.832605], [-161.449573, 59.832593], [-161.449719, 59.832579], [-161.449832, 59.832563], [-161.449945, 59.832544], [-161.450061, 59.83253], [-161.450186, 59.832531], [-161.450311, 59.832538], [-161.450464, 59.832554], [-161.450607, 59.832583], [-161.45073, 59.832614], [-161.450836, 59.832647], [-161.450928, 59.832682], [-161.451007, 59.832713], [-161.45108, 59.832738], [-161.451154, 59.832762], [-161.451224, 59.832788], [-161.451294, 59.832817], [-161.451349, 59.832842], [-161.451413, 59.832867], [-161.451492, 59.832897], [-161.451572, 59.832928], [-161.451648, 59.832957], [-161.45174, 59.832991], [-161.451822, 59.833023], [-161.451895, 59.833048], [-161.451971, 59.833069], [-161.452054, 59.833086], [-161.452139, 59.8331], [-161.452225, 59.833112], [-161.452307, 59.833127], [-161.45239, 59.833143], [-161.452469, 59.833161], [-161.452545, 59.83318], [-161.452637, 59.833205], [-161.452713, 59.833226], [-161.452804, 59.833248], [-161.452908, 59.833273], [-161.453018, 59.833303], [-161.453116, 59.83333], [-161.453238, 59.833362], [-161.453354, 59.833396], [-161.45347, 59.833424], [-161.453589, 59.833448], [-161.453711, 59.833472], [-161.453833, 59.833498], [-161.453931, 59.833518], [-161.454019, 59.833546], [-161.454092, 59.833582], [-161.454163, 59.833621], [-161.454239, 59.83368], [-161.454331, 59.833753], [-161.454422, 59.833829], [-161.454511, 59.833901], [-161.454587, 59.833973], [-161.454636, 59.834027], [-161.454675, 59.834077], [-161.454709, 59.83412], [-161.454742, 59.834164], [-161.45477, 59.834199], [-161.4548, 59.834234], [-161.454837, 59.834267], [-161.454874, 59.834301], [-161.454916, 59.834333], [-161.454971, 59.834373], [-161.455032, 59.834411], [-161.455096, 59.834447], [-161.45516, 59.834483], [-161.455228, 59.834517], [-161.455298, 59.834548], [-161.455371, 59.834577], [-161.455447, 59.8346], [-161.455527, 59.834614], [-161.455606, 59.834618], [-161.455685, 59.83461], [-161.455762, 59.834592], [-161.455838, 59.834568], [-161.455917, 59.834544], [-161.455997, 59.834521], [-161.456061, 59.834504], [-161.456131, 59.834488], [-161.456195, 59.834469], [-161.456253, 59.834446], [-161.456308, 59.834418], [-161.456375, 59.834384], [-161.456433, 59.834347], [-161.456485, 59.834309], [-161.456524, 59.834269], [-161.456549, 59.834228], [-161.456558, 59.834184], [-161.456555, 59.83414], [-161.45654, 59.834096], [-161.456515, 59.834052], [-161.456482, 59.834009], [-161.456448, 59.833967], [-161.456421, 59.833925], [-161.456411, 59.833881], [-161.456427, 59.833837], [-161.456473, 59.833795], [-161.456521, 59.833762], [-161.456589, 59.833733], [-161.456668, 59.833712], [-161.456756, 59.833697], [-161.456854, 59.833689], [-161.456976, 59.83368], [-161.457105, 59.833677], [-161.457233, 59.833677], [-161.457361, 59.833678], [-161.457486, 59.833678], [-161.457611, 59.833677], [-161.457733, 59.833674], [-161.457855, 59.833668], [-161.457974, 59.833658], [-161.458087, 59.833645], [-161.458197, 59.833628], [-161.458304, 59.83361], [-161.458408, 59.833593], [-161.458508, 59.833579], [-161.458609, 59.833565], [-161.458688, 59.833556], [-161.458762, 59.833543], [-161.458829, 59.833522], [-161.458896, 59.8335], [-161.458966, 59.833482], [-161.459058, 59.833463], [-161.459155, 59.833451], [-161.459259, 59.833448], [-161.459366, 59.83345], [-161.459473, 59.833453], [-161.459576, 59.833456], [-161.459677, 59.833456], [-161.459775, 59.83345], [-161.459863, 59.833438], [-161.459943, 59.833419], [-161.460019, 59.833395], [-161.460095, 59.833359], [-161.460168, 59.833311], [-161.460229, 59.833269], [-161.460287, 59.833226], [-161.460339, 59.833182], [-161.460382, 59.833143], [-161.460419, 59.833105], [-161.460464, 59.833054], [-161.460504, 59.832999], [-161.460547, 59.832942], [-161.460596, 59.832891], [-161.460669, 59.832851], [-161.460751, 59.832825], [-161.460849, 59.832809], [-161.46095, 59.832804], [-161.461035, 59.832802], [-161.461105, 59.832806], [-161.461176, 59.832812], [-161.461246, 59.832822], [-161.461316, 59.832834], [-161.461404, 59.83285], [-161.46149, 59.832869], [-161.461572, 59.83289], [-161.46167, 59.832912], [-161.461786, 59.832926], [-161.461914, 59.832934], [-161.462055, 59.832933], [-161.462198, 59.832922], [-161.462332, 59.832903], [-161.462433, 59.832887], [-161.462531, 59.832871], [-161.462619, 59.832858], [-161.462708, 59.832845], [-161.46279, 59.832838], [-161.462891, 59.832829], [-161.462979, 59.832819], [-161.463068, 59.832807], [-161.463153, 59.832794], [-161.463239, 59.832778], [-161.463324, 59.832761], [-161.463409, 59.832742], [-161.46351, 59.832727], [-161.463623, 59.832725], [-161.463733, 59.832731], [-161.46384, 59.832743], [-161.46395, 59.832761], [-161.464026, 59.832779], [-161.464093, 59.832788], [-161.46416, 59.832793], [-161.464246, 59.832798], [-161.464328, 59.832806], [-161.464423, 59.832821], [-161.464511, 59.832843], [-161.464594, 59.832873], [-161.464655, 59.832907], [-161.464709, 59.832945], [-161.464761, 59.832983], [-161.464813, 59.833022], [-161.464868, 59.83306], [-161.46492, 59.833097], [-161.464972, 59.833135], [-161.465021, 59.833174], [-161.465064, 59.833215], [-161.4651, 59.833257], [-161.465131, 59.833299], [-161.465152, 59.833334], [-161.46517, 59.833369], [-161.465182, 59.833404], [-161.465185, 59.833439], [-161.465182, 59.833475], [-161.465176, 59.833521], [-161.46517, 59.833568], [-161.465167, 59.833616], [-161.465167, 59.833665], [-161.465164, 59.833714], [-161.465161, 59.833766], [-161.465149, 59.833817], [-161.465131, 59.83387], [-161.465109, 59.833923], [-161.465088, 59.833974], [-161.465057, 59.834022], [-161.465018, 59.834067], [-161.464969, 59.834108], [-161.464917, 59.834148], [-161.464871, 59.834188], [-161.464838, 59.834221], [-161.464822, 59.834257], [-161.464825, 59.834294], [-161.464844, 59.834331], [-161.464871, 59.834369], [-161.464911, 59.834415], [-161.464957, 59.834461], [-161.465018, 59.834516], [-161.465076, 59.834572], [-161.465134, 59.834628], [-161.465185, 59.834685], [-161.465234, 59.834743], [-161.465268, 59.834793], [-161.465298, 59.834843], [-161.465326, 59.834894], [-161.465347, 59.834944], [-161.46536, 59.834995], [-161.465363, 59.835046], [-161.46536, 59.835097], [-161.46535, 59.835139], [-161.465335, 59.83518], [-161.465314, 59.83522], [-161.465286, 59.835258], [-161.46525, 59.835294], [-161.465201, 59.835337], [-161.465152, 59.83538], [-161.465106, 59.835423], [-161.465057, 59.835464], [-161.465002, 59.8355], [-161.46492, 59.835532], [-161.464832, 59.835563], [-161.464743, 59.835594], [-161.464667, 59.835627], [-161.464612, 59.835668], [-161.4646, 59.835715], [-161.4646, 59.835767], [-161.464609, 59.835819], [-161.464624, 59.835873], [-161.464636, 59.835915], [-161.464652, 59.835957], [-161.464676, 59.835998], [-161.464703, 59.836039], [-161.464734, 59.836079], [-161.464786, 59.836136], [-161.464844, 59.836191], [-161.464908, 59.836243], [-161.464981, 59.836291], [-161.465066, 59.836334], [-161.465149, 59.836362], [-161.46524, 59.836385], [-161.465335, 59.836402], [-161.465436, 59.836411], [-161.465533, 59.836411], [-161.465631, 59.836404], [-161.465729, 59.836391], [-161.465829, 59.836374], [-161.465927, 59.836356], [-161.466006, 59.836343], [-161.466089, 59.83633], [-161.466168, 59.836317], [-161.466247, 59.836304], [-161.466327, 59.836288], [-161.466422, 59.836266], [-161.466513, 59.836241], [-161.466602, 59.836213], [-161.466684, 59.836183], [-161.466766, 59.836155], [-161.466852, 59.836131], [-161.46694, 59.836114], [-161.467026, 59.836109], [-161.467114, 59.836114], [-161.4672, 59.836121], [-161.467285, 59.836128], [-161.467368, 59.836132], [-161.467459, 59.83613], [-161.467551, 59.836123], [-161.467645, 59.836111], [-161.467721, 59.836103], [-161.467795, 59.836091], [-161.467856, 59.83607], [-161.467905, 59.836042], [-161.467938, 59.836008], [-161.467981, 59.835966], [-161.468015, 59.83592], [-161.468042, 59.835872], [-161.46806, 59.835823], [-161.468067, 59.835774], [-161.468057, 59.835725], [-161.468036, 59.835673], [-161.468012, 59.835622], [-161.467996, 59.835569], [-161.468002, 59.835518], [-161.468033, 59.835469], [-161.468085, 59.835423], [-161.468149, 59.835378], [-161.46821, 59.835333], [-161.468255, 59.835285], [-161.468283, 59.835246], [-161.468289, 59.835204], [-161.468271, 59.835164], [-161.468237, 59.835127], [-161.468192, 59.835097], [-161.468131, 59.835059], [-161.468066, 59.835024], [-161.468014, 59.834988], [-161.467978, 59.834951], [-161.467966, 59.834911], [-161.467984, 59.834872], [-161.46803, 59.834837], [-161.468094, 59.834811], [-161.468173, 59.834792], [-161.468265, 59.834782], [-161.468359, 59.834778], [-161.468454, 59.834782], [-161.468552, 59.834789], [-161.468649, 59.834798], [-161.468747, 59.834805], [-161.468826, 59.834811], [-161.468906, 59.834816], [-161.468982, 59.834825], [-161.469058, 59.834838], [-161.469134, 59.834853], [-161.469232, 59.834867], [-161.469333, 59.834879], [-161.469437, 59.834889], [-161.46954, 59.834895], [-161.469641, 59.834901], [-161.469739, 59.834908], [-161.469833, 59.834911], [-161.469922, 59.834909], [-161.470007, 59.834902], [-161.470093, 59.834892], [-161.470175, 59.834879], [-161.470258, 59.834866], [-161.47034, 59.834853], [-161.470441, 59.834839], [-161.470523, 59.834827], [-161.470627, 59.834817], [-161.470731, 59.834812], [-161.470838, 59.834811], [-161.47095, 59.834821], [-161.471085, 59.834833], [-161.471201, 59.834849], [-161.471317, 59.834868], [-161.471436, 59.834885], [-161.471533, 59.834898], [-161.471628, 59.834911], [-161.471719, 59.834924], [-161.471805, 59.83494], [-161.471884, 59.83496], [-161.47196, 59.834983], [-161.472034, 59.835007], [-161.472125, 59.835033], [-161.472205, 59.835052], [-161.472287, 59.83507], [-161.472372, 59.835086], [-161.472458, 59.835101], [-161.472528, 59.835113], [-161.472617, 59.835126], [-161.47272, 59.835141], [-161.472824, 59.835156], [-161.472931, 59.835171], [-161.473038, 59.835186], [-161.473141, 59.835203], [-161.47323, 59.835217], [-161.473318, 59.835233], [-161.473407, 59.835249], [-161.473492, 59.835268], [-161.473581, 59.835287], [-161.473669, 59.83531], [-161.473755, 59.835334], [-161.473837, 59.835362], [-161.473904, 59.835385], [-161.473968, 59.83541], [-161.474033, 59.835436], [-161.474097, 59.835463], [-161.474164, 59.835488], [-161.474252, 59.835516], [-161.474341, 59.835545], [-161.474426, 59.835572], [-161.474512, 59.8356], [-161.474594, 59.835627], [-161.474667, 59.835655], [-161.47475, 59.83569], [-161.474841, 59.835727], [-161.474948, 59.835766], [-161.475052, 59.835806], [-161.475165, 59.835853], [-161.475253, 59.835888], [-161.475342, 59.835925], [-161.475418, 59.835968], [-161.475494, 59.83602], [-161.475561, 59.836074], [-161.475632, 59.836137], [-161.475687, 59.836197], [-161.475732, 59.836251], [-161.475784, 59.836305], [-161.475839, 59.836354], [-161.475909, 59.836401], [-161.475995, 59.836442], [-161.476071, 59.836475], [-161.476147, 59.836492], [-161.476218, 59.836506], [-161.476291, 59.836511], [-161.476361, 59.836511], [-161.476456, 59.836519], [-161.47655, 59.836533], [-161.476651, 59.836542], [-161.476745, 59.836556], [-161.476852, 59.836578], [-161.476935, 59.836592], [-161.477032, 59.83661], [-161.477142, 59.836632], [-161.47727, 59.836653], [-161.477395, 59.836668], [-161.477551, 59.836681], [-161.477701, 59.836688], [-161.477844, 59.836694], [-161.477969, 59.836706], [-161.478079, 59.836728], [-161.478159, 59.836751], [-161.478204, 59.836786], [-161.478229, 59.836815], [-161.478247, 59.836843], [-161.478253, 59.836871], [-161.478259, 59.836898], [-161.478265, 59.836926], [-161.478268, 59.836967], [-161.478253, 59.837014], [-161.47822, 59.837065], [-161.478186, 59.837128], [-161.478165, 59.837191], [-161.478162, 59.837253], [-161.478183, 59.83731], [-161.478238, 59.83736], [-161.478299, 59.837408], [-161.478354, 59.837444], [-161.4784, 59.837477], [-161.478449, 59.837511], [-161.4785, 59.837552], [-161.478558, 59.837589], [-161.478629, 59.837633], [-161.478705, 59.837675], [-161.478775, 59.837714], [-161.478839, 59.837748], [-161.478903, 59.837781], [-161.478967, 59.837816], [-161.479031, 59.837849], [-161.479098, 59.837879], [-161.479165, 59.837907], [-161.479239, 59.837931], [-161.47933, 59.837955], [-161.47941, 59.837972], [-161.479498, 59.837989], [-161.479596, 59.838008], [-161.479693, 59.838027], [-161.479776, 59.838042], [-161.479877, 59.838062], [-161.479983, 59.838086], [-161.480084, 59.838109], [-161.480191, 59.838136], [-161.480301, 59.838168], [-161.480411, 59.838204], [-161.480509, 59.838233], [-161.480588, 59.838258], [-161.480667, 59.838273], [-161.48075, 59.838279], [-161.480832, 59.838275], [-161.480927, 59.838264], [-161.481055, 59.838243], [-161.481177, 59.838219], [-161.481293, 59.838191], [-161.481409, 59.838159], [-161.481549, 59.838117], [-161.481677, 59.838081], [-161.481808, 59.838049], [-161.481946, 59.838022], [-161.482086, 59.838001], [-161.482172, 59.837995], [-161.482251, 59.837994], [-161.482321, 59.838003], [-161.482379, 59.83802], [-161.482437, 59.838048], [-161.482526, 59.838077], [-161.482626, 59.838111], [-161.482733, 59.838139], [-161.482846, 59.838162], [-161.482968, 59.838181], [-161.483087, 59.838202], [-161.4832, 59.838217], [-161.483313, 59.838235], [-161.483411, 59.838251], [-161.48349, 59.838273], [-161.483566, 59.838301], [-161.48364, 59.838342], [-161.483704, 59.838395], [-161.48378, 59.838454], [-161.483859, 59.838505], [-161.483932, 59.838549], [-161.484009, 59.838584], [-161.484097, 59.838601], [-161.484192, 59.838612], [-161.484271, 59.838619], [-161.484348, 59.838624], [-161.484424, 59.838622], [-161.4845, 59.838625], [-161.484582, 59.83862], [-161.484692, 59.838619], [-161.484808, 59.838624], [-161.484918, 59.838643], [-161.485028, 59.838672], [-161.485113, 59.838707], [-161.485177, 59.838755], [-161.485211, 59.838812], [-161.48522, 59.838864], [-161.485199, 59.838911], [-161.485165, 59.838965], [-161.485107, 59.839009], [-161.485046, 59.839044], [-161.484982, 59.839079], [-161.484918, 59.839115], [-161.484857, 59.839152], [-161.484805, 59.839191], [-161.484762, 59.839231], [-161.484741, 59.83928], [-161.484741, 59.839328], [-161.484759, 59.839375], [-161.484799, 59.839428], [-161.484842, 59.839473], [-161.484888, 59.839511], [-161.48493, 59.839552], [-161.48497, 59.839594], [-161.484997, 59.839632], [-161.485019, 59.839683], [-161.485028, 59.839725], [-161.485019, 59.83977], [-161.484994, 59.839819], [-161.484958, 59.839872], [-161.484918, 59.839926], [-161.484875, 59.839991], [-161.48483, 59.840051], [-161.484793, 59.840096], [-161.484772, 59.840119], [-161.484759, 59.840128], [-161.484747, 59.840135], [-161.484735, 59.840142], [-161.484723, 59.84015], [-161.484695, 59.840173], [-161.484628, 59.84021], [-161.484549, 59.840244], [-161.484469, 59.840276], [-161.484372, 59.840311], [-161.484268, 59.84034], [-161.484186, 59.840356], [-161.4841, 59.840368], [-161.483984, 59.840381], [-161.483887, 59.840392], [-161.483823, 59.840399], [-161.483756, 59.840414], [-161.483695, 59.840441], [-161.48367, 59.840477], [-161.483649, 59.840528], [-161.483618, 59.84059], [-161.483618, 59.84065], [-161.48364, 59.840703], [-161.483667, 59.840741], [-161.483716, 59.840777], [-161.483774, 59.84081], [-161.483856, 59.840843], [-161.483945, 59.84087], [-161.484051, 59.8409], [-161.484152, 59.840918], [-161.484256, 59.840932], [-161.484344, 59.840939], [-161.484436, 59.840945], [-161.484528, 59.84095], [-161.484619, 59.840959], [-161.484708, 59.840974], [-161.484793, 59.840994], [-161.484876, 59.841022], [-161.484955, 59.841056], [-161.485031, 59.841092], [-161.48511, 59.841129], [-161.485174, 59.84116], [-161.485239, 59.84119], [-161.485306, 59.841219], [-161.485373, 59.841247], [-161.48544, 59.841274], [-161.485526, 59.841306], [-161.485611, 59.841338], [-161.485696, 59.84137], [-161.485785, 59.841399], [-161.48587, 59.841428], [-161.485956, 59.841457], [-161.486041, 59.841485], [-161.486124, 59.841512], [-161.486206, 59.84154], [-161.486288, 59.841567], [-161.486368, 59.841595], [-161.486456, 59.841629], [-161.486551, 59.84167], [-161.486627, 59.841706], [-161.486706, 59.841751], [-161.486783, 59.841797], [-161.486853, 59.841844], [-161.486917, 59.841891], [-161.486994, 59.841951], [-161.487061, 59.842006], [-161.487131, 59.842061], [-161.487189, 59.842111], [-161.487244, 59.84216], [-161.487298, 59.842204], [-161.487344, 59.842239], [-161.48739, 59.842272], [-161.48743, 59.842297], [-161.487469, 59.842317], [-161.487515, 59.842336], [-161.487579, 59.842357], [-161.487653, 59.842373], [-161.487747, 59.842393], [-161.487857, 59.842403], [-161.487967, 59.842395], [-161.488062, 59.842376], [-161.488138, 59.842348], [-161.488214, 59.842301], [-161.488272, 59.84225], [-161.488321, 59.842202], [-161.488367, 59.842162], [-161.488412, 59.842122], [-161.488443, 59.842088], [-161.488486, 59.842047], [-161.488541, 59.842007], [-161.488623, 59.841962], [-161.488727, 59.841927], [-161.488852, 59.841897], [-161.488977, 59.841878], [-161.489099, 59.841861], [-161.489218, 59.841845], [-161.48931, 59.841828], [-161.489389, 59.841808], [-161.489462, 59.841783], [-161.489542, 59.841759], [-161.489606, 59.84173], [-161.489667, 59.841689], [-161.489703, 59.841647], [-161.489725, 59.841614], [-161.489709, 59.841579], [-161.489673, 59.841546], [-161.489624, 59.841518], [-161.489569, 59.841493], [-161.489496, 59.841467], [-161.48942, 59.84145], [-161.489337, 59.841443], [-161.489243, 59.84145], [-161.48913, 59.841464], [-161.48902, 59.841478], [-161.488895, 59.841482], [-161.488776, 59.841476], [-161.488681, 59.841455], [-161.48862, 59.841423], [-161.488577, 59.841383], [-161.488571, 59.841342], [-161.488577, 59.841308], [-161.488593, 59.841273], [-161.488617, 59.841237], [-161.488648, 59.841203], [-161.488687, 59.841172], [-161.488745, 59.841136], [-161.488812, 59.841107], [-161.48891, 59.841089], [-161.489017, 59.84108], [-161.489124, 59.841079], [-161.48923, 59.841087], [-161.489334, 59.841105], [-161.489411, 59.841127], [-161.489484, 59.841153], [-161.48956, 59.841179], [-161.489636, 59.841202], [-161.489719, 59.84122], [-161.489819, 59.841234], [-161.489905, 59.841242], [-161.489999, 59.841242], [-161.490088, 59.84123], [-161.490158, 59.841206], [-161.490189, 59.841168], [-161.490207, 59.841122], [-161.490192, 59.84107], [-161.490176, 59.841019], [-161.490161, 59.840977], [-161.490173, 59.840939], [-161.490213, 59.840904], [-161.490277, 59.840882], [-161.490347, 59.840869], [-161.490445, 59.840855], [-161.490555, 59.84085], [-161.490668, 59.840851], [-161.490784, 59.840851], [-161.4909, 59.840852], [-161.491007, 59.840853], [-161.491101, 59.84085], [-161.491199, 59.840845], [-161.491293, 59.840838], [-161.49137, 59.840831], [-161.491446, 59.840824], [-161.491519, 59.840819], [-161.491589, 59.840815], [-161.491675, 59.840814], [-161.491794, 59.840817], [-161.491922, 59.84083], [-161.492056, 59.840848], [-161.492188, 59.840873], [-161.492297, 59.840904], [-161.492374, 59.840931], [-161.492441, 59.840948], [-161.492499, 59.840952], [-161.492551, 59.840943], [-161.492591, 59.840927], [-161.49263, 59.840901], [-161.492667, 59.840874], [-161.492701, 59.840844], [-161.492734, 59.840813], [-161.492758, 59.840774], [-161.492783, 59.840744], [-161.492798, 59.840709], [-161.492807, 59.840672], [-161.492816, 59.840636], [-161.492841, 59.840598], [-161.492865, 59.840559], [-161.492868, 59.840521], [-161.492862, 59.840485], [-161.492862, 59.840451], [-161.492865, 59.840418], [-161.492868, 59.840384], [-161.492899, 59.840352], [-161.492935, 59.840337], [-161.492957, 59.84033], [-161.492972, 59.84034], [-161.49299, 59.840359], [-161.49299, 59.840394], [-161.49299, 59.84042], [-161.492972, 59.84045], [-161.492938, 59.840478], [-161.492901, 59.840498], [-161.492862, 59.840517], [-161.492807, 59.840542], [-161.492752, 59.840566], [-161.492709, 59.840583], [-161.492658, 59.840608], [-161.492615, 59.840627], [-161.49259, 59.840647], [-161.492581, 59.840675], [-161.492572, 59.840713], [-161.492575, 59.840751], [-161.492578, 59.840788], [-161.492569, 59.840825], [-161.492563, 59.840861], [-161.492556, 59.840888], [-161.492538, 59.840914], [-161.492526, 59.840949], [-161.492532, 59.840989], [-161.492554, 59.841036], [-161.492578, 59.841091], [-161.492612, 59.841148], [-161.492636, 59.841206], [-161.492651, 59.841251], [-161.492642, 59.841289], [-161.492618, 59.841325], [-161.492587, 59.841363], [-161.492557, 59.841401], [-161.492535, 59.84145], [-161.492532, 59.8415], [-161.492554, 59.841551], [-161.492596, 59.8416], [-161.49266, 59.841644], [-161.492734, 59.841682], [-161.492819, 59.841712], [-161.492911, 59.841736], [-161.493005, 59.841756], [-161.493094, 59.841774], [-161.493176, 59.841796], [-161.493244, 59.841823], [-161.493305, 59.841856], [-161.493366, 59.841897], [-161.493414, 59.841934], [-161.493463, 59.841968], [-161.493512, 59.842002], [-161.493549, 59.842038], [-161.493567, 59.842061], [-161.493594, 59.842096], [-161.493628, 59.842126], [-161.493671, 59.84215], [-161.493732, 59.842168], [-161.493808, 59.842196], [-161.493893, 59.842217], [-161.49396, 59.842236], [-161.494028, 59.842251], [-161.49408, 59.842252], [-161.494116, 59.842235], [-161.494135, 59.842213], [-161.494168, 59.842178], [-161.494217, 59.842145], [-161.494284, 59.842118], [-161.494336, 59.842104], [-161.494388, 59.842089], [-161.494415, 59.842097], [-161.494428, 59.842098], [-161.494437, 59.842099], [-161.494476, 59.842099], [-161.494534, 59.842103], [-161.494632, 59.842099], [-161.494714, 59.842102], [-161.494809, 59.842104], [-161.494919, 59.842103], [-161.495032, 59.842089], [-161.495136, 59.842065], [-161.495255, 59.842036], [-161.495358, 59.842004], [-161.49545, 59.841969], [-161.495542, 59.841937], [-161.495612, 59.841915], [-161.495676, 59.841906], [-161.495737, 59.84191], [-161.495795, 59.841927], [-161.49584, 59.841959], [-161.495886, 59.84199], [-161.495932, 59.842022], [-161.495981, 59.842055], [-161.496032, 59.842084], [-161.496097, 59.842103], [-161.496179, 59.842121], [-161.496252, 59.842131], [-161.496326, 59.842134], [-161.496399, 59.842131], [-161.496466, 59.842124], [-161.49653, 59.842109], [-161.496604, 59.842086], [-161.496662, 59.842064], [-161.49672, 59.842043], [-161.496781, 59.842033], [-161.496842, 59.842033], [-161.496912, 59.842044], [-161.496982, 59.842055], [-161.497055, 59.842066], [-161.497125, 59.842071], [-161.497205, 59.842072], [-161.497278, 59.842064], [-161.497369, 59.842052], [-161.49744, 59.842039], [-161.497513, 59.842026], [-161.497577, 59.842009], [-161.497647, 59.841992], [-161.497717, 59.841975], [-161.497806, 59.841958], [-161.497897, 59.841948], [-161.497974, 59.841941], [-161.498047, 59.841948], [-161.498114, 59.841964], [-161.498181, 59.841986], [-161.498242, 59.842008], [-161.498325, 59.842034], [-161.498413, 59.842064], [-161.498489, 59.842087], [-161.498566, 59.842119], [-161.49863, 59.842162], [-161.498678, 59.842209], [-161.498712, 59.842255], [-161.498752, 59.842311], [-161.498801, 59.842362], [-161.498874, 59.842402], [-161.498962, 59.842428], [-161.49906, 59.842437], [-161.499152, 59.842437], [-161.499237, 59.842428], [-161.499316, 59.842415], [-161.499393, 59.842407], [-161.499469, 59.842399], [-161.499551, 59.842382], [-161.499625, 59.842356], [-161.499686, 59.84232], [-161.49975, 59.842273], [-161.499799, 59.842233], [-161.499856, 59.842194], [-161.49989, 59.842172], [-161.499905, 59.842166], [-161.499899, 59.842173], [-161.499878, 59.842186], [-161.499826, 59.842214], [-161.499799, 59.842227], [-161.499789, 59.842225], [-161.499789, 59.842214], [-161.499823, 59.842188], [-161.499872, 59.842156], [-161.49993, 59.842124], [-161.5, 59.842097], [-161.500082, 59.842078], [-161.500168, 59.842065], [-161.500275, 59.842052], [-161.500381, 59.842048], [-161.500485, 59.842054], [-161.500583, 59.842072], [-161.500674, 59.842102], [-161.500757, 59.842142], [-161.50083, 59.842191], [-161.500897, 59.842247], [-161.500955, 59.842306], [-161.501004, 59.842367], [-161.50105, 59.84243], [-161.501095, 59.842495], [-161.501144, 59.842559], [-161.501199, 59.842623], [-161.50126, 59.842685], [-161.501312, 59.842735], [-161.501367, 59.842783], [-161.501422, 59.842831], [-161.501474, 59.842879], [-161.501523, 59.842928], [-161.501578, 59.842989], [-161.50162, 59.843053], [-161.501651, 59.843118], [-161.501672, 59.843185], [-161.501681, 59.843252], [-161.501678, 59.84332], [-161.501669, 59.843388], [-161.501654, 59.843456], [-161.501636, 59.843526], [-161.501614, 59.843594], [-161.501593, 59.843662], [-161.501569, 59.84373], [-161.501547, 59.843796], [-161.501526, 59.84386], [-161.501514, 59.843923], [-161.501508, 59.843972], [-161.501514, 59.844019], [-161.501535, 59.844063], [-161.501581, 59.8441], [-161.501645, 59.844131], [-161.501748, 59.844179], [-161.501864, 59.844224], [-161.501987, 59.844267], [-161.502109, 59.844311], [-161.502234, 59.844353], [-161.502344, 59.844381], [-161.502457, 59.844401], [-161.50257, 59.844417], [-161.502683, 59.844433], [-161.502789, 59.844449], [-161.50289, 59.844469], [-161.502988, 59.844495], [-161.503079, 59.844524], [-161.503165, 59.844557], [-161.503232, 59.844585], [-161.503296, 59.844614], [-161.50336, 59.844645], [-161.503427, 59.844672], [-161.5035, 59.844695], [-161.503595, 59.844721], [-161.503696, 59.844741], [-161.503802, 59.844755], [-161.503912, 59.844766], [-161.504022, 59.844775], [-161.504135, 59.844785], [-161.504248, 59.844795], [-161.504361, 59.844804], [-161.504477, 59.844813], [-161.504596, 59.844816], [-161.504712, 59.844813], [-161.504831, 59.844801], [-161.50495, 59.844786], [-161.505066, 59.844769], [-161.505185, 59.844755], [-161.505283, 59.844745], [-161.50538, 59.844743], [-161.505478, 59.844747], [-161.505582, 59.844754], [-161.505685, 59.844762], [-161.505817, 59.844771], [-161.505951, 59.844782], [-161.506085, 59.844794], [-161.50622, 59.844806], [-161.506351, 59.844817], [-161.506479, 59.844827], [-161.506604, 59.844831], [-161.506726, 59.844829], [-161.506842, 59.844822], [-161.506952, 59.844808], [-161.507056, 59.844789], [-161.507153, 59.844765], [-161.507248, 59.84474], [-161.507339, 59.844712], [-161.507431, 59.844682], [-161.507504, 59.844658], [-161.507574, 59.844632], [-161.507642, 59.844605], [-161.507709, 59.844576], [-161.507773, 59.844546], [-161.507855, 59.844508], [-161.507935, 59.84447], [-161.508008, 59.844428], [-161.508072, 59.844383], [-161.50813, 59.844335], [-161.508179, 59.844284], [-161.508224, 59.84423], [-161.508264, 59.844175], [-161.508301, 59.844119], [-161.508331, 59.844063], [-161.508359, 59.844006], [-161.508386, 59.843949], [-161.508423, 59.843894], [-161.508481, 59.84383], [-161.508536, 59.843777], [-161.508597, 59.843725], [-161.508658, 59.843671], [-161.50871, 59.843616], [-161.508737, 59.843569], [-161.508762, 59.843509], [-161.508771, 59.84345], [-161.508765, 59.84339], [-161.50875, 59.843332], [-161.508731, 59.843275], [-161.508716, 59.843218], [-161.508707, 59.843162], [-161.508704, 59.843106], [-161.508701, 59.84305], [-161.508688, 59.842996], [-161.508661, 59.842946], [-161.508609, 59.842903], [-161.508536, 59.842868], [-161.508447, 59.842841], [-161.508347, 59.84282], [-161.508261, 59.842807], [-161.508176, 59.842794], [-161.508087, 59.842781], [-161.507996, 59.842771], [-161.507901, 59.842766], [-161.507782, 59.842763], [-161.50766, 59.842767], [-161.507538, 59.842772], [-161.507422, 59.84277], [-161.507315, 59.842757], [-161.507221, 59.84273], [-161.507141, 59.84269], [-161.507083, 59.84264], [-161.507041, 59.842587], [-161.507016, 59.842532], [-161.507007, 59.84248], [-161.507013, 59.842431], [-161.507035, 59.842388], [-161.507071, 59.842344], [-161.507105, 59.842311], [-161.507126, 59.842278], [-161.507132, 59.842245], [-161.507123, 59.842208], [-161.507102, 59.842181], [-161.507074, 59.842147], [-161.507056, 59.84213], [-161.50704, 59.84213], [-161.507028, 59.84214], [-161.50701, 59.84216], [-161.506982, 59.842192], [-161.506955, 59.842215], [-161.506918, 59.842235], [-161.5069, 59.842251], [-161.506888, 59.842257], [-161.506906, 59.842255], [-161.506943, 59.842252], [-161.506995, 59.842242], [-161.507034, 59.842247], [-161.507062, 59.842257], [-161.507074, 59.842272], [-161.507059, 59.842294], [-161.507053, 59.842307], [-161.507059, 59.842297], [-161.507096, 59.842266], [-161.507141, 59.842229], [-161.507217, 59.842172], [-161.507306, 59.842116], [-161.5074, 59.842067], [-161.507477, 59.842031], [-161.507565, 59.841997], [-161.507651, 59.841974], [-161.507739, 59.841959], [-161.507828, 59.841946], [-161.507917, 59.841932], [-161.508002, 59.841918], [-161.508087, 59.841908], [-161.508148, 59.841899], [-161.508203, 59.841895], [-161.508276, 59.841891], [-161.50835, 59.84189], [-161.508426, 59.841883], [-161.508502, 59.841876], [-161.508578, 59.841868], [-161.508658, 59.841856], [-161.508746, 59.841844], [-161.508844, 59.841833], [-161.508972, 59.841819], [-161.509109, 59.841805], [-161.509253, 59.84179], [-161.509393, 59.841776], [-161.509528, 59.841767], [-161.509647, 59.841766], [-161.509738, 59.841767], [-161.509817, 59.84178], [-161.509881, 59.841804], [-161.509933, 59.841831], [-161.50997, 59.841853], [-161.510022, 59.84188], [-161.510068, 59.841909], [-161.510107, 59.841937], [-161.510132, 59.841972], [-161.510153, 59.842017], [-161.510153, 59.842068], [-161.510135, 59.842118], [-161.510114, 59.842171], [-161.510108, 59.842226], [-161.510105, 59.84227], [-161.510132, 59.842311], [-161.510199, 59.842345], [-161.510294, 59.842368], [-161.510406, 59.842382], [-161.510547, 59.842395], [-161.510684, 59.842397], [-161.510809, 59.842393], [-161.510922, 59.84238], [-161.511017, 59.84235], [-161.511102, 59.842312], [-161.511166, 59.842278], [-161.511224, 59.842241], [-161.511279, 59.842206], [-161.511343, 59.842177], [-161.511414, 59.842153], [-161.511502, 59.842132], [-161.511587, 59.842129], [-161.511661, 59.842133], [-161.511716, 59.842152], [-161.511761, 59.842177], [-161.511789, 59.8422], [-161.511826, 59.842213], [-161.511862, 59.842226], [-161.511914, 59.842233], [-161.511966, 59.842238], [-161.512036, 59.842246], [-161.512115, 59.842259], [-161.51221, 59.842273], [-161.512305, 59.842287], [-161.512384, 59.842298], [-161.512463, 59.84231], [-161.512537, 59.84232], [-161.512613, 59.842333], [-161.512692, 59.842349], [-161.51279, 59.84237], [-161.512891, 59.842392], [-161.512988, 59.842416], [-161.513089, 59.84244], [-161.513187, 59.842467], [-161.513284, 59.842494], [-161.513385, 59.842521], [-161.513486, 59.842547], [-161.513587, 59.842575], [-161.513687, 59.842603], [-161.513788, 59.842635], [-161.513885, 59.842671], [-161.513983, 59.84271], [-161.514081, 59.842749], [-161.514178, 59.842787], [-161.514258, 59.842817], [-161.514334, 59.842844], [-161.51441, 59.842871], [-161.514484, 59.842898], [-161.514551, 59.842926], [-161.514627, 59.842965], [-161.514688, 59.843009], [-161.51474, 59.843057], [-161.514786, 59.843109], [-161.514828, 59.843165], [-161.514868, 59.843222], [-161.514911, 59.843281], [-161.514944, 59.843341], [-161.514969, 59.843404], [-161.514987, 59.843466], [-161.515008, 59.843527], [-161.515033, 59.843586], [-161.515066, 59.843641], [-161.515109, 59.843691], [-161.515164, 59.843736], [-161.51521, 59.843771], [-161.515259, 59.8438], [-161.515314, 59.843826], [-161.515372, 59.843857], [-161.51543, 59.843888], [-161.515509, 59.843927], [-161.515585, 59.843968], [-161.515659, 59.844009], [-161.515717, 59.844037], [-161.515781, 59.84407], [-161.515833, 59.844102], [-161.515884, 59.844134], [-161.515933, 59.844168], [-161.515994, 59.844209], [-161.516049, 59.844245], [-161.516113, 59.844275], [-161.516186, 59.844299], [-161.516269, 59.844313], [-161.516357, 59.844319], [-161.516449, 59.844318], [-161.516541, 59.844315], [-161.516632, 59.84431], [-161.516724, 59.844303], [-161.516812, 59.844292], [-161.516901, 59.844278], [-161.516986, 59.844259], [-161.517069, 59.844236], [-161.517133, 59.844216], [-161.517197, 59.844199], [-161.517261, 59.844186], [-161.517328, 59.844178], [-161.517398, 59.844174], [-161.517483, 59.844166], [-161.517572, 59.844156], [-161.517657, 59.844141], [-161.51774, 59.844122], [-161.517819, 59.844101], [-161.517899, 59.844079], [-161.517975, 59.844057], [-161.518051, 59.844036], [-161.51813, 59.844015], [-161.51821, 59.843993], [-161.518286, 59.84397], [-161.518363, 59.843943], [-161.518439, 59.843913], [-161.518512, 59.843878], [-161.518582, 59.843838], [-161.51864, 59.843804], [-161.518707, 59.843758], [-161.518768, 59.843707], [-161.518823, 59.843652], [-161.518872, 59.843594], [-161.518927, 59.843522], [-161.518967, 59.843457], [-161.519006, 59.843391], [-161.519046, 59.843325], [-161.519086, 59.843258], [-161.519129, 59.843192], [-161.519168, 59.843126], [-161.519208, 59.843061], [-161.519247, 59.842997], [-161.51929, 59.842935], [-161.519336, 59.842874], [-161.519388, 59.842813], [-161.51944, 59.842752], [-161.519489, 59.842689], [-161.519528, 59.842639], [-161.519565, 59.842586], [-161.519599, 59.84253], [-161.519632, 59.842474], [-161.519669, 59.842417], [-161.519714, 59.842348], [-161.519772, 59.842271], [-161.519836, 59.842197], [-161.51991, 59.842126], [-161.519992, 59.842061], [-161.520087, 59.841999], [-161.520181, 59.841954], [-161.5203, 59.841909], [-161.520419, 59.84187], [-161.520538, 59.841834], [-161.520654, 59.841803], [-161.520767, 59.841777], [-161.520859, 59.84176], [-161.520932, 59.841747], [-161.521008, 59.841739], [-161.521088, 59.841733], [-161.521167, 59.84173], [-161.521249, 59.84173], [-161.52135, 59.84173], [-161.52146, 59.841737], [-161.521573, 59.841754], [-161.521692, 59.841778], [-161.521814, 59.841809], [-161.521942, 59.841844], [-161.522061, 59.841879], [-161.522177, 59.841916], [-161.522269, 59.841944], [-161.522345, 59.841978], [-161.522412, 59.842013], [-161.522476, 59.842049], [-161.522534, 59.842081], [-161.522608, 59.842117], [-161.522687, 59.842146], [-161.522766, 59.842176], [-161.522845, 59.842201], [-161.522928, 59.842223], [-161.523013, 59.842239], [-161.523105, 59.842247], [-161.523199, 59.842247], [-161.523297, 59.842242], [-161.523395, 59.842236], [-161.523474, 59.84223], [-161.523554, 59.842226], [-161.523633, 59.842222], [-161.523709, 59.84222], [-161.523788, 59.842218], [-161.523886, 59.842215], [-161.523974, 59.842207], [-161.524057, 59.842191], [-161.52413, 59.842167], [-161.524191, 59.842133], [-161.524243, 59.842092], [-161.524295, 59.842048], [-161.52435, 59.842005], [-161.524414, 59.841966], [-161.524484, 59.841929], [-161.524551, 59.841894], [-161.524618, 59.841862], [-161.524683, 59.841831], [-161.524765, 59.841795], [-161.524832, 59.841766], [-161.524915, 59.841738], [-161.525003, 59.841711], [-161.525101, 59.841684], [-161.525177, 59.84166], [-161.525265, 59.841625], [-161.525342, 59.841586], [-161.525418, 59.841531], [-161.525479, 59.841471], [-161.525528, 59.841409], [-161.525564, 59.841345], [-161.525592, 59.841283], [-161.525604, 59.841233], [-161.525629, 59.841179], [-161.525677, 59.841128], [-161.525745, 59.841078], [-161.525812, 59.841038], [-161.525882, 59.840993], [-161.525943, 59.840954], [-161.525992, 59.840916], [-161.526028, 59.840874], [-161.526065, 59.840823], [-161.526102, 59.840775], [-161.526138, 59.840726], [-161.526175, 59.840672], [-161.526221, 59.840622], [-161.526285, 59.840571], [-161.526361, 59.84052], [-161.52645, 59.84047], [-161.526544, 59.840421], [-161.526642, 59.840372], [-161.526743, 59.840324], [-161.526825, 59.840285], [-161.526907, 59.840245], [-161.52699, 59.840207], [-161.527078, 59.840172], [-161.527167, 59.840139], [-161.52728, 59.840099], [-161.527393, 59.84006], [-161.527503, 59.840023], [-161.527606, 59.839984], [-161.527707, 59.839945], [-161.527823, 59.839898], [-161.527939, 59.839855], [-161.528061, 59.839817], [-161.528189, 59.839786], [-161.528326, 59.839761], [-161.528448, 59.839749], [-161.528571, 59.839736], [-161.52869, 59.839719], [-161.528803, 59.839697], [-161.528888, 59.839677], [-161.528967, 59.839651], [-161.529062, 59.839617], [-161.529151, 59.839582], [-161.52923, 59.839544], [-161.529318, 59.839496], [-161.529395, 59.839443], [-161.529443, 59.839394], [-161.529483, 59.839339], [-161.529526, 59.839284], [-161.529568, 59.839227], [-161.529605, 59.839168], [-161.529632, 59.839107], [-161.52966, 59.839046], [-161.529688, 59.838985], [-161.529715, 59.838923], [-161.529749, 59.838861], [-161.529788, 59.838799], [-161.529828, 59.838737], [-161.529855, 59.838687], [-161.529877, 59.838637], [-161.529892, 59.838587], [-161.529898, 59.838537], [-161.529889, 59.838488], [-161.529874, 59.838426], [-161.529849, 59.838364], [-161.529822, 59.838303], [-161.529797, 59.838242], [-161.529785, 59.83818], [-161.529788, 59.838118], [-161.529813, 59.838059], [-161.529858, 59.838005], [-161.529922, 59.837956], [-161.529999, 59.837914], [-161.530084, 59.837878], [-161.530173, 59.837847], [-161.530261, 59.83782], [-161.530362, 59.837791], [-161.530447, 59.837768], [-161.530536, 59.837742], [-161.530606, 59.837721], [-161.530679, 59.8377], [-161.53074, 59.837688], [-161.53082, 59.837675], [-161.530899, 59.837673], [-161.531003, 59.837671], [-161.531106, 59.837675], [-161.531216, 59.837682], [-161.531329, 59.837692], [-161.531442, 59.8377], [-161.531555, 59.837707], [-161.531668, 59.837714], [-161.531781, 59.83772], [-161.531918, 59.83773], [-161.532053, 59.837744], [-161.532178, 59.837763], [-161.532297, 59.837785], [-161.53241, 59.837809], [-161.532477, 59.837827], [-161.532541, 59.837847], [-161.532605, 59.837872], [-161.532672, 59.837897], [-161.532739, 59.837922], [-161.532825, 59.837952], [-161.532916, 59.837977], [-161.533014, 59.837991], [-161.533112, 59.837996], [-161.533212, 59.83799], [-161.533319, 59.837977], [-161.533426, 59.837964], [-161.533536, 59.837952], [-161.533655, 59.837943], [-161.53378, 59.837937], [-161.533905, 59.837932], [-161.534033, 59.837924], [-161.534158, 59.837915], [-161.534274, 59.837902], [-161.534378, 59.837881], [-161.534457, 59.837862], [-161.534521, 59.837835], [-161.534573, 59.837802], [-161.534622, 59.837764], [-161.534671, 59.837727], [-161.534738, 59.837681], [-161.534818, 59.837636], [-161.534906, 59.837588], [-161.534998, 59.83754], [-161.535089, 59.837488], [-161.535172, 59.837433], [-161.535233, 59.837376], [-161.535272, 59.837317], [-161.535294, 59.837257], [-161.535303, 59.837198], [-161.535294, 59.837141], [-161.535275, 59.837088], [-161.535257, 59.837035], [-161.535236, 59.83698], [-161.535208, 59.836925], [-161.53519, 59.836878], [-161.535172, 59.836831], [-161.535141, 59.836786], [-161.535095, 59.83675], [-161.535031, 59.836725], [-161.534946, 59.836703], [-161.534845, 59.836694], [-161.534738, 59.836698], [-161.534625, 59.836711], [-161.534509, 59.836729], [-161.534396, 59.836749], [-161.534289, 59.836771], [-161.534186, 59.836792], [-161.534085, 59.836816], [-161.533994, 59.836842], [-161.533893, 59.83687], [-161.533792, 59.836893], [-161.53371, 59.836913], [-161.53363, 59.836922], [-161.533548, 59.836921], [-161.533478, 59.836903], [-161.533414, 59.836875], [-161.53334, 59.836835], [-161.533282, 59.836787], [-161.533243, 59.836734], [-161.533218, 59.836665], [-161.533206, 59.836594], [-161.533206, 59.836523], [-161.533212, 59.836452], [-161.533224, 59.836382], [-161.533243, 59.836324], [-161.533267, 59.836266], [-161.533295, 59.836209], [-161.533328, 59.836153], [-161.533365, 59.836099], [-161.533407, 59.836047], [-161.533444, 59.836005], [-161.533484, 59.835965], [-161.533517, 59.835925], [-161.533545, 59.835883], [-161.533566, 59.835841], [-161.5336, 59.835791], [-161.533639, 59.835742], [-161.533694, 59.835698], [-161.533765, 59.835659], [-161.533847, 59.835628], [-161.533939, 59.835603], [-161.534045, 59.835583], [-161.534152, 59.835564], [-161.534256, 59.835547], [-161.534357, 59.835529], [-161.534451, 59.835507], [-161.534528, 59.835483], [-161.534604, 59.835459], [-161.534683, 59.835435], [-161.534747, 59.835416], [-161.534815, 59.835401], [-161.534885, 59.835391], [-161.534958, 59.835384], [-161.535047, 59.835381], [-161.535147, 59.835381], [-161.535245, 59.835388], [-161.535346, 59.835397], [-161.535443, 59.835408], [-161.535526, 59.835417], [-161.535614, 59.835423], [-161.535702, 59.835425], [-161.535806, 59.835426], [-161.535916, 59.835429], [-161.536035, 59.835435], [-161.536136, 59.835441], [-161.53624, 59.835444], [-161.536322, 59.83544], [-161.53638, 59.835434], [-161.536392, 59.835426], [-161.536404, 59.835417], [-161.536417, 59.835415], [-161.536432, 59.835421], [-161.536447, 59.835427], [-161.536472, 59.835428], [-161.536514, 59.835431], [-161.536554, 59.835434], [-161.536597, 59.835441], [-161.536658, 59.835456], [-161.53674, 59.835488], [-161.536817, 59.835529], [-161.536887, 59.835577], [-161.536942, 59.835631], [-161.536978, 59.835688], [-161.537006, 59.835748], [-161.537021, 59.835796], [-161.537033, 59.835844], [-161.537055, 59.83589], [-161.537091, 59.835934], [-161.537146, 59.835972], [-161.537223, 59.836013], [-161.537314, 59.836045], [-161.537418, 59.836068], [-161.537531, 59.836085], [-161.537643, 59.836099], [-161.537759, 59.836115], [-161.537875, 59.836133], [-161.537991, 59.83615], [-161.538104, 59.83616], [-161.538217, 59.836162], [-161.53833, 59.836159], [-161.538443, 59.836152], [-161.538556, 59.836147], [-161.538672, 59.836147], [-161.538791, 59.836153], [-161.538886, 59.836159], [-161.538983, 59.836164], [-161.539081, 59.836166], [-161.539181, 59.836165], [-161.539282, 59.836159], [-161.539407, 59.836151], [-161.53956, 59.836137], [-161.539716, 59.836118], [-161.539868, 59.836097], [-161.540024, 59.836073], [-161.540182, 59.836047], [-161.540311, 59.836017], [-161.540424, 59.83598], [-161.540515, 59.835934], [-161.540573, 59.83588], [-161.540601, 59.835818], [-161.540604, 59.835754], [-161.540597, 59.835689], [-161.540594, 59.835625], [-161.540597, 59.835574], [-161.540616, 59.835525], [-161.540652, 59.835478], [-161.540701, 59.835433], [-161.540759, 59.83539], [-161.540827, 59.835335], [-161.540885, 59.83528], [-161.540927, 59.835224], [-161.540949, 59.835168], [-161.540946, 59.835112], [-161.540921, 59.835057], [-161.540881, 59.835004], [-161.540826, 59.834952], [-161.540765, 59.8349], [-161.540695, 59.83485], [-161.540622, 59.834804], [-161.540539, 59.834762], [-161.540451, 59.834724], [-161.540353, 59.834694], [-161.540253, 59.83467], [-161.540167, 59.834654], [-161.540082, 59.834646], [-161.539999, 59.834644], [-161.53992, 59.834644], [-161.53985, 59.834638], [-161.539767, 59.834626], [-161.539697, 59.834604], [-161.539633, 59.834571], [-161.539572, 59.834528], [-161.539514, 59.834479], [-161.539459, 59.834423], [-161.539407, 59.834361], [-161.539358, 59.834297], [-161.539319, 59.834231], [-161.539285, 59.834165], [-161.539264, 59.834101], [-161.539258, 59.834039], [-161.539264, 59.833978], [-161.539276, 59.833919], [-161.539288, 59.833859], [-161.539297, 59.833811], [-161.539294, 59.833762], [-161.539288, 59.833712], [-161.539285, 59.833661], [-161.539288, 59.833611], [-161.539291, 59.833549], [-161.539298, 59.833486], [-161.539301, 59.833422], [-161.539298, 59.833358], [-161.539291, 59.833295], [-161.539282, 59.833231], [-161.539273, 59.833166], [-161.539267, 59.833102], [-161.539273, 59.833026], [-161.539285, 59.83295], [-161.53931, 59.832874], [-161.539346, 59.8328], [-161.539395, 59.832729], [-161.53945, 59.832671], [-161.539499, 59.832626], [-161.539554, 59.832583], [-161.539612, 59.832541], [-161.539673, 59.832499], [-161.539737, 59.83246], [-161.539823, 59.832413], [-161.539911, 59.832368], [-161.540003, 59.832324], [-161.540097, 59.832282], [-161.540192, 59.832242], [-161.540286, 59.832202], [-161.540384, 59.832165], [-161.540485, 59.832131], [-161.540591, 59.832102], [-161.540704, 59.832079], [-161.54082, 59.832063], [-161.540939, 59.832053], [-161.541061, 59.832049], [-161.541183, 59.832051], [-161.541302, 59.832058], [-161.541397, 59.832066], [-161.541486, 59.832076], [-161.541568, 59.832085], [-161.541653, 59.832091], [-161.541742, 59.832094], [-161.541849, 59.832096], [-161.541959, 59.832095], [-161.54205, 59.832094], [-161.542132, 59.832094], [-161.542212, 59.832097], [-161.542291, 59.832104], [-161.542368, 59.832115], [-161.542444, 59.832127], [-161.542511, 59.832145], [-161.542542, 59.832154], [-161.542536, 59.832155], [-161.542511, 59.832151], [-161.542471, 59.832143], [-161.542438, 59.832129], [-161.54242, 59.832121], [-161.542435, 59.832124], [-161.542465, 59.832134], [-161.542523, 59.832154], [-161.542563, 59.832182], [-161.542621, 59.832216], [-161.542664, 59.832245], [-161.542706, 59.832271], [-161.542746, 59.832298], [-161.542786, 59.832327], [-161.542807, 59.832349], [-161.542831, 59.832364], [-161.542841, 59.832374], [-161.542825, 59.832371], [-161.542813, 59.832357], [-161.542804, 59.832352], [-161.542792, 59.832355], [-161.542789, 59.832366], [-161.54281, 59.832389], [-161.542831, 59.832413], [-161.542856, 59.832437], [-161.542874, 59.832469], [-161.542886, 59.832511], [-161.542892, 59.832554], [-161.542899, 59.832607], [-161.542899, 59.832663], [-161.542902, 59.832721], [-161.542893, 59.832774], [-161.542868, 59.832826], [-161.542828, 59.832878], [-161.542783, 59.83293], [-161.542743, 59.832981], [-161.542725, 59.833032], [-161.542734, 59.83308], [-161.54277, 59.83313], [-161.542825, 59.833178], [-161.542886, 59.833225], [-161.542935, 59.833261], [-161.542978, 59.833299], [-161.543014, 59.833335], [-161.543048, 59.83337], [-161.543097, 59.833408], [-161.543161, 59.833448], [-161.543234, 59.833482], [-161.543323, 59.833507], [-161.54342, 59.833524], [-161.543515, 59.833529], [-161.543616, 59.833529], [-161.543716, 59.833524], [-161.543817, 59.833516], [-161.543918, 59.833503], [-161.544034, 59.833481], [-161.544144, 59.833456], [-161.544251, 59.833426], [-161.544351, 59.833395], [-161.544434, 59.833368], [-161.544501, 59.833349], [-161.544571, 59.833337], [-161.544647, 59.833334], [-161.544727, 59.833339], [-161.544824, 59.833349], [-161.544919, 59.833367], [-161.54501, 59.833392], [-161.545099, 59.833418], [-161.54519, 59.833444], [-161.545285, 59.833465], [-161.545383, 59.83348], [-161.545489, 59.833486], [-161.545602, 59.833483], [-161.545715, 59.833473], [-161.545834, 59.83346], [-161.545981, 59.83344], [-161.546127, 59.833417], [-161.546277, 59.833396], [-161.546405, 59.833378], [-161.546561, 59.833359], [-161.546695, 59.833345], [-161.546832, 59.833331], [-161.54697, 59.833319], [-161.547131, 59.833305], [-161.547266, 59.833296], [-161.5474, 59.833289], [-161.547534, 59.833286], [-161.547668, 59.833285], [-161.547806, 59.833287], [-161.547943, 59.833291], [-161.54808, 59.833295], [-161.548215, 59.8333], [-161.548349, 59.833306], [-161.54848, 59.833315], [-161.548612, 59.833324], [-161.54874, 59.833334], [-161.548871, 59.833344], [-161.548975, 59.833353], [-161.549078, 59.833359], [-161.549182, 59.83336], [-161.549283, 59.833355], [-161.549377, 59.83334], [-161.549493, 59.833317], [-161.549603, 59.833285], [-161.549704, 59.833246], [-161.549802, 59.833204], [-161.549893, 59.833158], [-161.549982, 59.83311], [-161.550067, 59.83306], [-161.55015, 59.833006], [-161.550226, 59.83295], [-161.550302, 59.832892], [-161.550372, 59.832831], [-161.55044, 59.832768], [-161.550504, 59.832703], [-161.550571, 59.832637], [-161.550632, 59.832569], [-161.550681, 59.832514], [-161.55072, 59.832458], [-161.550754, 59.832401], [-161.550781, 59.832346], [-161.550815, 59.832293], [-161.55087, 59.832233], [-161.550943, 59.83218], [-161.551031, 59.832134], [-161.551132, 59.832097], [-161.551242, 59.832066], [-161.551358, 59.83204], [-161.551477, 59.832021], [-161.551599, 59.832007], [-161.551724, 59.831998], [-161.551846, 59.831996], [-161.551965, 59.832], [-161.552081, 59.83201], [-161.552194, 59.832027], [-161.552301, 59.83205], [-161.552408, 59.832077], [-161.55249, 59.832102], [-161.552569, 59.832127], [-161.552649, 59.832153], [-161.552734, 59.832172], [-161.552823, 59.832184], [-161.552933, 59.832191], [-161.553049, 59.83219], [-161.553165, 59.83218], [-161.553281, 59.832164], [-161.553415, 59.832142], [-161.553546, 59.832118], [-161.553675, 59.832092], [-161.5538, 59.832062], [-161.553922, 59.832033], [-161.554022, 59.832008], [-161.554123, 59.831989], [-161.554224, 59.831974], [-161.554327, 59.831957], [-161.55441, 59.831943], [-161.554468, 59.831917], [-161.554495, 59.83188], [-161.554498, 59.831832], [-161.554508, 59.831787], [-161.554532, 59.831741], [-161.554596, 59.831709], [-161.554691, 59.831685], [-161.554801, 59.831666], [-161.554892, 59.831645], [-161.55498, 59.831619], [-161.555063, 59.831592], [-161.555157, 59.831567], [-161.55524, 59.83155], [-161.555331, 59.831537], [-161.555423, 59.831525], [-161.555484, 59.831515], [-161.55553, 59.831501], [-161.555597, 59.831481], [-161.555661, 59.831458], [-161.555734, 59.831433], [-161.555829, 59.831403], [-161.555929, 59.831371], [-161.556033, 59.83134], [-161.556146, 59.831309], [-161.556262, 59.83128], [-161.556384, 59.831255], [-161.556512, 59.831232], [-161.556641, 59.831213], [-161.556772, 59.831197], [-161.556903, 59.831183], [-161.557031, 59.831168], [-161.557153, 59.83115], [-161.557275, 59.831129], [-161.55737, 59.831112], [-161.557461, 59.831089], [-161.557544, 59.831061], [-161.557614, 59.831026], [-161.557666, 59.830983], [-161.557733, 59.830931], [-161.5578, 59.830881], [-161.557877, 59.830834], [-161.557968, 59.830793], [-161.558078, 59.830759], [-161.558194, 59.830728], [-161.55831, 59.830696], [-161.55842, 59.830662], [-161.558527, 59.830627], [-161.558624, 59.830588], [-161.558716, 59.830547], [-161.558792, 59.830503], [-161.558853, 59.830454], [-161.558887, 59.830402], [-161.558899, 59.830347], [-161.558896, 59.830302], [-161.558874, 59.830258], [-161.558838, 59.830216], [-161.558792, 59.830178], [-161.558737, 59.830142], [-161.558664, 59.8301], [-161.558581, 59.830063], [-161.558493, 59.83003], [-161.558401, 59.83], [-161.55831, 59.829971], [-161.558224, 59.829938], [-161.558154, 59.8299], [-161.558099, 59.829855], [-161.55806, 59.829804], [-161.558035, 59.82975], [-161.558029, 59.829694], [-161.558038, 59.829641], [-161.55806, 59.82959], [-161.558102, 59.829545], [-161.558163, 59.829504], [-161.558218, 59.829475], [-161.558292, 59.829447], [-161.558356, 59.829427], [-161.558398, 59.829405], [-161.558426, 59.829397], [-161.558462, 59.829398], [-161.558484, 59.829413], [-161.558505, 59.829427], [-161.558551, 59.829462], [-161.558609, 59.829494], [-161.558688, 59.829534], [-161.558768, 59.829578], [-161.558856, 59.829633], [-161.558936, 59.829687], [-161.559018, 59.82974], [-161.559091, 59.829781], [-161.559171, 59.829816], [-161.559277, 59.829841], [-161.55939, 59.829861], [-161.5595, 59.829879], [-161.559589, 59.829893], [-161.55968, 59.829903], [-161.559753, 59.829909], [-161.559827, 59.82991], [-161.559903, 59.829907], [-161.559994, 59.829913], [-161.560065, 59.829919], [-161.560132, 59.829931], [-161.56019, 59.829938], [-161.560229, 59.829933], [-161.560257, 59.829911], [-161.560284, 59.829889], [-161.5603, 59.829853], [-161.560315, 59.829815], [-161.560336, 59.829778], [-161.560358, 59.829742], [-161.560379, 59.829694], [-161.560398, 59.829656], [-161.560419, 59.82962], [-161.56045, 59.829589], [-161.560498, 59.829563], [-161.560565, 59.829554], [-161.560651, 59.829549], [-161.560745, 59.829546], [-161.560825, 59.829547], [-161.560898, 59.829546], [-161.560953, 59.829541], [-161.561005, 59.82953], [-161.561057, 59.829523], [-161.561108, 59.829516], [-161.561127, 59.829515], [-161.561145, 59.829514], [-161.56113, 59.829515], [-161.561093, 59.829515], [-161.561075, 59.829516], [-161.561075, 59.829516], [-161.561093, 59.829516], [-161.561145, 59.82951], [-161.561209, 59.829499], [-161.56127, 59.829481], [-161.561331, 59.829462], [-161.561392, 59.829437], [-161.561438, 59.829418], [-161.561484, 59.829398], [-161.561533, 59.829378], [-161.5616, 59.829354], [-161.561661, 59.829327], [-161.561737, 59.829295], [-161.561816, 59.829266], [-161.561877, 59.829243], [-161.561929, 59.829216], [-161.561969, 59.829197], [-161.562012, 59.829185], [-161.562061, 59.829163], [-161.562128, 59.829137], [-161.562186, 59.829119], [-161.562244, 59.829092], [-161.562268, 59.829058], [-161.562253, 59.829034], [-161.562204, 59.829008], [-161.56214, 59.828976], [-161.562076, 59.828953], [-161.562009, 59.828936], [-161.56196, 59.828924], [-161.561939, 59.828925], [-161.561948, 59.828937], [-161.561978, 59.828956], [-161.562049, 59.828976], [-161.562164, 59.828995], [-161.562286, 59.829005], [-161.562415, 59.829012], [-161.56254, 59.829014], [-161.562643, 59.829014], [-161.562723, 59.829019], [-161.562802, 59.829027], [-161.562875, 59.829039], [-161.562945, 59.829055], [-161.563028, 59.829079], [-161.563101, 59.829109], [-161.563168, 59.829147], [-161.563229, 59.829193], [-161.563278, 59.829244], [-161.563318, 59.829298], [-161.563342, 59.829353], [-161.563342, 59.829406], [-161.563321, 59.829454], [-161.563284, 59.829498], [-161.563229, 59.829538], [-161.563162, 59.829574], [-161.563095, 59.829608], [-161.563034, 59.829649], [-161.562985, 59.829683], [-161.562949, 59.829722], [-161.562942, 59.829764], [-161.562967, 59.829803], [-161.563019, 59.829829], [-161.563095, 59.829853], [-161.563199, 59.829868], [-161.563303, 59.829879], [-161.563388, 59.829886], [-161.563467, 59.8299], [-161.563528, 59.829925], [-161.563583, 59.829954], [-161.56365, 59.829987], [-161.563733, 59.830024], [-161.563815, 59.830059], [-161.563904, 59.830093], [-161.563989, 59.830125], [-161.564059, 59.830157], [-161.564133, 59.830189], [-161.564206, 59.830223], [-161.564285, 59.830256], [-161.564368, 59.830286], [-161.564453, 59.830314], [-161.564539, 59.830339], [-161.564627, 59.830359], [-161.564697, 59.830375], [-161.564783, 59.83039], [-161.564835, 59.830402], [-161.564868, 59.830412], [-161.564868, 59.830413], [-161.56485, 59.830411], [-161.56478, 59.830403], [-161.564728, 59.830393], [-161.564658, 59.830379], [-161.564584, 59.830369], [-161.564529, 59.830362], [-161.564478, 59.830355], [-161.564426, 59.830348], [-161.564408, 59.83034], [-161.564432, 59.830337], [-161.564475, 59.83034], [-161.564554, 59.830352], [-161.564654, 59.830368], [-161.564764, 59.830392], [-161.564874, 59.830408], [-161.564984, 59.830413], [-161.565085, 59.830402], [-161.565176, 59.83038], [-161.565259, 59.830352], [-161.565317, 59.830326], [-161.565378, 59.830307], [-161.565445, 59.830301], [-161.565524, 59.830305], [-161.565613, 59.830315], [-161.565723, 59.830326], [-161.565836, 59.830337], [-161.565952, 59.830343], [-161.566064, 59.830341], [-161.566174, 59.830333], [-161.566287, 59.83032], [-161.566397, 59.830305], [-161.56651, 59.830291], [-161.566623, 59.830279], [-161.566736, 59.83027], [-161.566846, 59.830264], [-161.566965, 59.830267], [-161.567084, 59.830272], [-161.567181, 59.830279], [-161.567279, 59.830289], [-161.567377, 59.830301], [-161.567459, 59.830304], [-161.567545, 59.830304], [-161.567648, 59.830306], [-161.567752, 59.830308], [-161.567853, 59.830305], [-161.56796, 59.830299], [-161.568054, 59.830285], [-161.568143, 59.830258], [-161.568213, 59.830218], [-161.568268, 59.830168], [-161.568301, 59.83011], [-161.568317, 59.830047], [-161.56832, 59.829994], [-161.568314, 59.829942], [-161.568305, 59.829889], [-161.568292, 59.829836], [-161.568289, 59.829784], [-161.568298, 59.829722], [-161.568323, 59.82966], [-161.568347, 59.829598], [-161.568371, 59.829537], [-161.568387, 59.829477], [-161.568381, 59.829416], [-161.568356, 59.829356], [-161.56832, 59.829301], [-161.568274, 59.829249], [-161.568219, 59.8292], [-161.568167, 59.829153], [-161.568118, 59.829105], [-161.568069, 59.829058], [-161.568021, 59.829011], [-161.567966, 59.828967], [-161.567917, 59.828933], [-161.567856, 59.828903], [-161.567792, 59.828876], [-161.567727, 59.828848], [-161.567669, 59.828818], [-161.567605, 59.828779], [-161.567553, 59.828735], [-161.567517, 59.828684], [-161.567489, 59.828624], [-161.567474, 59.828559], [-161.567471, 59.828488], [-161.56748, 59.82842], [-161.567499, 59.828355], [-161.567529, 59.828297], [-161.567569, 59.828243], [-161.567615, 59.828194], [-161.567655, 59.828152], [-161.567697, 59.828109], [-161.567746, 59.828064], [-161.567804, 59.828018], [-161.567862, 59.827972], [-161.567932, 59.827914], [-161.567999, 59.827855], [-161.56806, 59.827796], [-161.568115, 59.827739], [-161.56817, 59.827684], [-161.568231, 59.827634], [-161.568301, 59.827587], [-161.568381, 59.827547], [-161.568463, 59.827512], [-161.568564, 59.827477], [-161.568665, 59.827444], [-161.568747, 59.827418], [-161.568811, 59.827389], [-161.56886, 59.827365], [-161.56886, 59.827346], [-161.568835, 59.827325], [-161.568811, 59.827304], [-161.568781, 59.827282], [-161.56875, 59.827261], [-161.568738, 59.82725], [-161.568741, 59.827259], [-161.568744, 59.827267], [-161.568771, 59.827284], [-161.568799, 59.827301], [-161.56882, 59.827301], [-161.56882, 59.827284], [-161.56882, 59.827267], [-161.568811, 59.827259], [-161.568802, 59.82725], [-161.568796, 59.827259], [-161.568802, 59.827275], [-161.568817, 59.8273], [-161.568823, 59.827316], [-161.568845, 59.827336], [-161.568888, 59.827352], [-161.568949, 59.827368], [-161.569019, 59.827375], [-161.569107, 59.827381], [-161.569202, 59.827383], [-161.569299, 59.82738], [-161.569379, 59.827377], [-161.569458, 59.827378], [-161.569547, 59.827386], [-161.569644, 59.827399], [-161.569736, 59.827414], [-161.569846, 59.827434], [-161.569956, 59.827454], [-161.570056, 59.82747], [-161.570151, 59.827483], [-161.57023, 59.827493], [-161.570312, 59.827502], [-161.570401, 59.827512], [-161.570492, 59.827524], [-161.570584, 59.827541], [-161.570697, 59.827563], [-161.570813, 59.827587], [-161.570923, 59.827615], [-161.57102, 59.827648], [-161.5711, 59.827688], [-161.571167, 59.827733], [-161.571219, 59.827785], [-161.571259, 59.82784], [-161.571298, 59.827894], [-161.571341, 59.827947], [-161.571384, 59.828], [-161.571426, 59.82805], [-161.571466, 59.828099], [-161.571493, 59.828157], [-161.571512, 59.828204], [-161.571524, 59.828251], [-161.57153, 59.828298], [-161.571533, 59.828345], [-161.571542, 59.828384], [-161.571554, 59.828432], [-161.571567, 59.82848], [-161.571573, 59.828529], [-161.571573, 59.82858], [-161.571567, 59.828631], [-161.571564, 59.828684], [-161.571567, 59.828736], [-161.571588, 59.828788], [-161.571634, 59.828836], [-161.571704, 59.82888], [-161.571786, 59.828918], [-161.571881, 59.828952], [-161.571997, 59.828989], [-161.57211, 59.829025], [-161.572202, 59.829056], [-161.572287, 59.829088], [-161.57236, 59.829123], [-161.572406, 59.829156], [-161.572443, 59.829193], [-161.572482, 59.82924], [-161.572516, 59.829291], [-161.572546, 59.829342], [-161.572574, 59.829394], [-161.572607, 59.829445], [-161.572647, 59.829494], [-161.572693, 59.829543], [-161.572742, 59.829591], [-161.572797, 59.829638], [-161.572848, 59.829685], [-161.5729, 59.829733], [-161.572949, 59.829781], [-161.572995, 59.829827], [-161.573041, 59.829878], [-161.573077, 59.82992], [-161.573114, 59.829964], [-161.573141, 59.829999], [-161.573175, 59.830032], [-161.573208, 59.830061], [-161.573254, 59.830098], [-161.573306, 59.83013], [-161.573373, 59.83017], [-161.573444, 59.83021], [-161.57352, 59.830249], [-161.573596, 59.83029], [-161.573673, 59.830333], [-161.573746, 59.830379], [-161.573804, 59.830416], [-161.573862, 59.830454], [-161.573926, 59.830489], [-161.573996, 59.830522], [-161.574075, 59.830551], [-161.574179, 59.830587], [-161.574286, 59.830621], [-161.574399, 59.830653], [-161.574512, 59.830685], [-161.574628, 59.83072], [-161.574741, 59.830752], [-161.574857, 59.830782], [-161.57497, 59.830806], [-161.575085, 59.830823], [-161.575201, 59.830835], [-161.57532, 59.830842], [-161.575442, 59.830848], [-161.575568, 59.830854], [-161.575696, 59.83086], [-161.575824, 59.830867], [-161.575928, 59.830872], [-161.576028, 59.830879], [-161.576129, 59.830889], [-161.576227, 59.830901], [-161.576324, 59.830917], [-161.576447, 59.83094], [-161.576584, 59.830978], [-161.576715, 59.831024], [-161.576837, 59.831077], [-161.57695, 59.831137], [-161.577054, 59.831203], [-161.577133, 59.831262], [-161.577206, 59.831322], [-161.57728, 59.831381], [-161.57735, 59.831441], [-161.577414, 59.831499], [-161.577466, 59.83156], [-161.577502, 59.831622], [-161.577515, 59.831684], [-161.577515, 59.831734], [-161.577493, 59.831782], [-161.577469, 59.831827], [-161.577463, 59.831869], [-161.577487, 59.831902], [-161.577533, 59.83194], [-161.577612, 59.831975], [-161.577707, 59.832009], [-161.577801, 59.832047], [-161.577893, 59.832092], [-161.577988, 59.83214], [-161.578088, 59.832187], [-161.578198, 59.832229], [-161.57832, 59.832264], [-161.578451, 59.832294], [-161.578586, 59.832324], [-161.578717, 59.832355], [-161.578848, 59.83239], [-161.578976, 59.832426], [-161.579102, 59.832464], [-161.579199, 59.832494], [-161.579297, 59.832521], [-161.579395, 59.832541], [-161.579489, 59.832552], [-161.579581, 59.832552], [-161.579694, 59.832548], [-161.579806, 59.832537], [-161.579916, 59.832521], [-161.580026, 59.832504], [-161.580139, 59.832488], [-161.580255, 59.832475], [-161.580371, 59.832463], [-161.580487, 59.832452], [-161.580606, 59.832439], [-161.580743, 59.832414], [-161.580881, 59.832386], [-161.581018, 59.832357], [-161.581159, 59.83233], [-161.581302, 59.832305], [-161.581403, 59.832294], [-161.581506, 59.832287], [-161.581613, 59.832281], [-161.58172, 59.832272], [-161.581824, 59.832259], [-161.581946, 59.832237], [-161.582056, 59.832204], [-161.58215, 59.832161], [-161.58223, 59.832109], [-161.582291, 59.83205], [-161.582333, 59.831985], [-161.582361, 59.831916], [-161.582373, 59.831845], [-161.58237, 59.831773], [-161.582355, 59.831702], [-161.582327, 59.831632], [-161.582294, 59.831564], [-161.582257, 59.831498], [-161.582227, 59.831432], [-161.582211, 59.831368], [-161.582208, 59.831317], [-161.58223, 59.831269], [-161.582279, 59.831224], [-161.582352, 59.831183], [-161.58244, 59.831145], [-161.582556, 59.831097], [-161.582681, 59.831052], [-161.582812, 59.831008], [-161.582947, 59.830968], [-161.583087, 59.830932], [-161.583227, 59.8309], [-161.583368, 59.830871], [-161.583508, 59.830844], [-161.583649, 59.83082], [-161.583786, 59.830796], [-161.583923, 59.830776], [-161.584058, 59.830758], [-161.584189, 59.830742], [-161.58432, 59.830727], [-161.584448, 59.830715], [-161.584549, 59.830704], [-161.58465, 59.830697], [-161.584751, 59.830696], [-161.584845, 59.830702], [-161.584937, 59.830717], [-161.585049, 59.83074], [-161.585159, 59.83077], [-161.585263, 59.830807], [-161.585358, 59.830849], [-161.585437, 59.830894], [-161.585492, 59.830946], [-161.585519, 59.831], [-161.585513, 59.831057], [-161.585477, 59.831114], [-161.585419, 59.831169], [-161.585351, 59.831225], [-161.58529, 59.831282], [-161.585251, 59.83134], [-161.585239, 59.831398], [-161.585257, 59.831454], [-161.585288, 59.831499], [-161.585339, 59.831537], [-161.5854, 59.83157], [-161.585474, 59.8316], [-161.585553, 59.831627], [-161.585651, 59.83166], [-161.585748, 59.83169], [-161.585855, 59.831718], [-161.585965, 59.83174], [-161.586078, 59.83176], [-161.586197, 59.831775], [-161.586316, 59.831785], [-161.586435, 59.83179], [-161.586554, 59.831792], [-161.586673, 59.83179], [-161.586792, 59.831788], [-161.586917, 59.831784], [-161.587042, 59.831779], [-161.58717, 59.831774], [-161.587299, 59.831766], [-161.587402, 59.831757], [-161.587503, 59.831749], [-161.587601, 59.831741], [-161.587695, 59.831737], [-161.58779, 59.83174], [-161.587906, 59.831749], [-161.588019, 59.831767], [-161.588132, 59.831795], [-161.588242, 59.83183], [-161.588348, 59.831869], [-161.588455, 59.831911], [-161.588562, 59.831953], [-161.588672, 59.831993], [-161.588785, 59.83203], [-161.588901, 59.832065], [-161.58902, 59.832098], [-161.589145, 59.832126], [-161.58927, 59.832151], [-161.589398, 59.832173], [-161.589523, 59.832193], [-161.589624, 59.832208], [-161.589725, 59.832221], [-161.589822, 59.83223], [-161.589914, 59.83223], [-161.589993, 59.832216], [-161.590085, 59.832194], [-161.590164, 59.832164], [-161.59024, 59.832134], [-161.590317, 59.83211], [-161.590399, 59.832101], [-161.590485, 59.832107], [-161.59057, 59.832124], [-161.590668, 59.83215], [-161.590768, 59.832174], [-161.590872, 59.832194], [-161.590961, 59.832207], [-161.591049, 59.832208], [-161.591113, 59.832195], [-161.591147, 59.832172], [-161.591162, 59.832148], [-161.591174, 59.832116], [-161.591165, 59.83208], [-161.591153, 59.832044], [-161.591147, 59.832018], [-161.591147, 59.831983], [-161.591147, 59.831947], [-161.591153, 59.831912], [-161.591156, 59.831886], [-161.591159, 59.83185], [-161.59115, 59.831831], [-161.591144, 59.831822], [-161.591134, 59.831831], [-161.591137, 59.831846], [-161.59114, 59.83187], [-161.59115, 59.831895], [-161.591177, 59.831924], [-161.591208, 59.831943], [-161.591208, 59.831953], [-161.591214, 59.831973], [-161.59122, 59.831983], [-161.591202, 59.831999], [-161.591183, 59.832015], [-161.591183, 59.832042], [-161.591183, 59.832071], [-161.591168, 59.832108], [-161.591159, 59.832135], [-161.591137, 59.832169], [-161.591107, 59.832199], [-161.591086, 59.832221], [-161.591098, 59.832237], [-161.591129, 59.832256], [-161.591187, 59.832273], [-161.591272, 59.832291], [-161.59136, 59.832313], [-161.591446, 59.832339], [-161.591513, 59.832363], [-161.59158, 59.832389], [-161.591647, 59.832416], [-161.591718, 59.83244], [-161.591791, 59.832465], [-161.591882, 59.832495], [-161.591977, 59.832526], [-161.592072, 59.832555], [-161.592169, 59.83258], [-161.592273, 59.832597], [-161.59238, 59.832604], [-161.59249, 59.832603], [-161.5926, 59.832596], [-161.592706, 59.832586], [-161.592807, 59.832577], [-161.592908, 59.83257], [-161.593011, 59.832562], [-161.593121, 59.832554], [-161.593225, 59.832547], [-161.593335, 59.832539], [-161.593574, 59.832494], [-161.59415, 59.832382], [-161.594788, 59.83219], [-161.595523, 59.831906], [-161.5965, 59.831496], [-161.597541, 59.830938], [-161.598497, 59.830358], [-161.599582, 59.829856], [-161.600779, 59.829363], [-161.601889, 59.828896], [-161.603086, 59.82861], [-161.604343, 59.828454], [-161.605428, 59.82842], [-161.606616, 59.828549], [-161.607907, 59.828757], [-161.609009, 59.829073], [-161.610008, 59.829289], [-161.611127, 59.829449], [-161.611799, 59.829609], [-161.612522, 59.829809], [-161.613374, 59.829995], [-161.614175, 59.830297], [-161.61513, 59.830518], [-161.616413, 59.830618], [-161.617696, 59.830899], [-161.619203, 59.831336], [-161.620597, 59.831851], [-161.621699, 59.832487], [-161.622758, 59.833222], [-161.623294, 59.83369], [-161.623382, 59.833913], [-161.623384, 59.834006], [-161.623393, 59.834005], [-161.623248, 59.833952], [-161.623346, 59.834013], [-161.623465, 59.834089], [-161.623621, 59.834171], [-161.623761, 59.834255], [-161.623914, 59.834338], [-161.624039, 59.834386], [-161.624152, 59.834422], [-161.624274, 59.834452], [-161.624399, 59.83448], [-161.624527, 59.834509], [-161.624655, 59.834532], [-161.624811, 59.834553], [-161.624963, 59.834572], [-161.625122, 59.834588], [-161.625281, 59.834604], [-161.625458, 59.834633], [-161.62561, 59.834682], [-161.625751, 59.83474], [-161.62587, 59.834806], [-161.625967, 59.834879], [-161.626016, 59.834949], [-161.626041, 59.835012], [-161.626062, 59.835076], [-161.626089, 59.835139], [-161.626135, 59.835197], [-161.626205, 59.835243], [-161.626291, 59.835276], [-161.62644, 59.835287], [-161.626602, 59.835286], [-161.62677, 59.835276], [-161.626941, 59.835262], [-161.627112, 59.835242], [-161.62724, 59.835218], [-161.627368, 59.835178], [-161.627469, 59.835128], [-161.627554, 59.835062], [-161.627621, 59.834995], [-161.627667, 59.834933], [-161.627692, 59.83488], [-161.627716, 59.834829], [-161.62774, 59.834768], [-161.627765, 59.834705], [-161.62778, 59.834633], [-161.627798, 59.83456], [-161.627829, 59.834489], [-161.627863, 59.83444], [-161.627911, 59.834402], [-161.627979, 59.834359], [-161.628052, 59.834318], [-161.628128, 59.834276], [-161.628226, 59.834224], [-161.628351, 59.834158], [-161.628482, 59.83411], [-161.628625, 59.83407], [-161.628781, 59.834036], [-161.628952, 59.834025], [-161.629099, 59.834033], [-161.629242, 59.834054], [-161.629382, 59.834087], [-161.629517, 59.834132], [-161.62963, 59.834202], [-161.629736, 59.83428], [-161.62984, 59.834362], [-161.629968, 59.834455], [-161.630103, 59.834542], [-161.630264, 59.8346], [-161.63046, 59.834624], [-161.630658, 59.834623], [-161.630829, 59.834586], [-161.630994, 59.834531], [-161.631122, 59.834463], [-161.631229, 59.834389], [-161.631323, 59.834315], [-161.631412, 59.834242], [-161.631503, 59.834174], [-161.631604, 59.834115], [-161.631705, 59.834074], [-161.631876, 59.83405], [-161.632068, 59.834061], [-161.632251, 59.834092], [-161.63244, 59.834152], [-161.63262, 59.834229], [-161.632745, 59.834306], [-161.632861, 59.83436], [-161.632986, 59.834395], [-161.633109, 59.834402], [-161.633246, 59.834394], [-161.633463, 59.834369], [-161.633691, 59.834341], [-161.633969, 59.834315], [-161.634277, 59.83429], [-161.634598, 59.834258], [-161.634821, 59.834228], [-161.635004, 59.834176], [-161.635129, 59.834119], [-161.635208, 59.834053], [-161.635248, 59.833986], [-161.6353, 59.833919], [-161.635376, 59.833867], [-161.635461, 59.833823], [-161.635556, 59.833792], [-161.635672, 59.833777], [-161.635794, 59.833773], [-161.635919, 59.833775], [-161.636044, 59.833772], [-161.636176, 59.833745], [-161.636285, 59.833704], [-161.636365, 59.83364], [-161.636432, 59.833567], [-161.636481, 59.833489], [-161.63653, 59.833413], [-161.636594, 59.833344], [-161.636688, 59.833299], [-161.636795, 59.833266], [-161.63692, 59.833247], [-161.637036, 59.833251], [-161.637158, 59.833276], [-161.637262, 59.833311], [-161.637354, 59.833353], [-161.637442, 59.833402], [-161.637549, 59.833442], [-161.637634, 59.833453], [-161.637726, 59.833445], [-161.637808, 59.833417], [-161.63786, 59.833359], [-161.637866, 59.833296], [-161.637863, 59.833232], [-161.637842, 59.833167], [-161.637808, 59.833103], [-161.637772, 59.833044], [-161.637729, 59.832977], [-161.637717, 59.832902], [-161.637723, 59.832829], [-161.637772, 59.832744], [-161.637848, 59.832669], [-161.637949, 59.832609], [-161.638046, 59.832563], [-161.638162, 59.832528], [-161.638263, 59.83253], [-161.638364, 59.832543], [-161.638474, 59.832562], [-161.63858, 59.832585], [-161.638681, 59.832605], [-161.638788, 59.832608], [-161.638898, 59.8326], [-161.639001, 59.832581], [-161.639096, 59.832553], [-161.639169, 59.832513], [-161.639215, 59.832465], [-161.63923, 59.832388], [-161.639221, 59.832307], [-161.639178, 59.832212], [-161.63912, 59.832117], [-161.639026, 59.832015], [-161.638919, 59.831945], [-161.6388, 59.83188], [-161.638684, 59.831829], [-161.638565, 59.831762], [-161.638498, 59.831686], [-161.638495, 59.831595], [-161.638583, 59.83149], [-161.638745, 59.83139], [-161.63895, 59.831314], [-161.639194, 59.831264], [-161.639423, 59.831232], [-161.639606, 59.831223], [-161.639758, 59.831225], [-161.639905, 59.831235], [-161.640024, 59.831252], [-161.64014, 59.831276], [-161.640256, 59.831302], [-161.640375, 59.831324], [-161.640497, 59.831337], [-161.640619, 59.831336], [-161.640741, 59.83132], [-161.640854, 59.83129], [-161.640955, 59.831231], [-161.641028, 59.83116], [-161.641055, 59.831069], [-161.641037, 59.830977], [-161.640985, 59.830883], [-161.6409, 59.830804], [-161.640802, 59.830725], [-161.64071, 59.830659], [-161.640631, 59.830589], [-161.640558, 59.830517], [-161.640494, 59.830443], [-161.640439, 59.830367], [-161.640396, 59.830289], [-161.640363, 59.830211], [-161.640344, 59.830116], [-161.640335, 59.83002], [-161.640329, 59.829926], [-161.640317, 59.829832], [-161.640298, 59.829741], [-161.640268, 59.829665], [-161.640222, 59.829577], [-161.640173, 59.82949], [-161.640134, 59.829405], [-161.640106, 59.829321], [-161.640094, 59.829241], [-161.640109, 59.829179], [-161.640149, 59.829123], [-161.640207, 59.829073], [-161.640271, 59.829025], [-161.640323, 59.828976], [-161.64035, 59.828928], [-161.640387, 59.828922], [-161.640488, 59.828969], [-161.640659, 59.829037], [-161.640829, 59.829076], [-161.64101, 59.829095], [-161.641193, 59.829098], [-161.641364, 59.829079], [-161.641507, 59.829053], [-161.641632, 59.829042], [-161.64176, 59.829043], [-161.641946, 59.829041], [-161.642126, 59.829034], [-161.642297, 59.829015], [-161.64245, 59.828981], [-161.642587, 59.828931], [-161.642676, 59.828867], [-161.642764, 59.828802], [-161.642859, 59.82874], [-161.642969, 59.828683], [-161.643091, 59.828633], [-161.643234, 59.828598], [-161.643384, 59.828568], [-161.643536, 59.828542], [-161.643716, 59.828514], [-161.643896, 59.828487], [-161.644049, 59.828461], [-161.644199, 59.828435], [-161.644348, 59.828407], [-161.644467, 59.828381], [-161.644583, 59.828354], [-161.644736, 59.828308], [-161.644885, 59.828259], [-161.645029, 59.828206], [-161.645187, 59.82814], [-161.645343, 59.828059], [-161.645441, 59.827988], [-161.64552, 59.827913], [-161.645578, 59.827834], [-161.645572, 59.827724], [-161.645544, 59.827611], [-161.645511, 59.827496], [-161.645416, 59.82738], [-161.645303, 59.827279], [-161.645197, 59.82723], [-161.645068, 59.827208], [-161.644919, 59.827201], [-161.644785, 59.827223], [-161.64465, 59.827278], [-161.644537, 59.827344], [-161.64444, 59.827421], [-161.644348, 59.827504], [-161.644281, 59.827579], [-161.644189, 59.827619], [-161.644073, 59.827644], [-161.643945, 59.827651], [-161.643793, 59.827642], [-161.643619, 59.827624], [-161.643478, 59.827594], [-161.643359, 59.827557], [-161.643256, 59.827515], [-161.643185, 59.827458], [-161.643155, 59.827391], [-161.643146, 59.827319], [-161.643167, 59.827232], [-161.643204, 59.827143], [-161.643253, 59.827065], [-161.643295, 59.826971], [-161.643292, 59.826875], [-161.643237, 59.826797], [-161.643124, 59.82672], [-161.642981, 59.826653], [-161.642816, 59.826612], [-161.642667, 59.826584], [-161.642523, 59.826553], [-161.642419, 59.82652], [-161.642349, 59.826463], [-161.642313, 59.826396], [-161.642297, 59.826321], [-161.6423, 59.826243], [-161.642319, 59.826166], [-161.642331, 59.826104], [-161.642319, 59.826038], [-161.642307, 59.825975], [-161.642303, 59.825915], [-161.642322, 59.825845], [-161.642349, 59.825764], [-161.64241, 59.825692], [-161.642493, 59.825622], [-161.64259, 59.825555], [-161.642682, 59.825501], [-161.642783, 59.825463], [-161.642892, 59.825414], [-161.642984, 59.825359], [-161.642999, 59.825269], [-161.642975, 59.825176], [-161.642917, 59.825066], [-161.642871, 59.824938], [-161.642834, 59.824809], [-161.642856, 59.824706], [-161.642905, 59.824599], [-161.642987, 59.824501], [-161.643079, 59.824416], [-161.643182, 59.824333], [-161.643304, 59.824254], [-161.643439, 59.824178], [-161.643588, 59.824091], [-161.643719, 59.824023], [-161.643854, 59.823959], [-161.643991, 59.823901], [-161.644131, 59.823846], [-161.644266, 59.82381], [-161.644431, 59.823779], [-161.644705, 59.82379], [-161.644983, 59.823814], [-161.645267, 59.823849], [-161.645554, 59.823889], [-161.645804, 59.823925], [-161.645969, 59.82391], [-161.646127, 59.823879], [-161.646283, 59.823837], [-161.646487, 59.823769], [-161.646753, 59.823686], [-161.646991, 59.823611], [-161.647247, 59.823528], [-161.647522, 59.82344], [-161.647742, 59.823373], [-161.647928, 59.823333], [-161.648111, 59.823308], [-161.648294, 59.823303], [-161.648453, 59.82331], [-161.648602, 59.823312], [-161.648715, 59.8233], [-161.648807, 59.823244], [-161.648849, 59.823156], [-161.648892, 59.823048], [-161.648941, 59.822942], [-161.64903, 59.822835], [-161.649146, 59.822761], [-161.649298, 59.822712], [-161.64946, 59.822685], [-161.649628, 59.822662], [-161.649768, 59.822644], [-161.649969, 59.82259], [-161.650186, 59.822516], [-161.650397, 59.822433], [-161.650604, 59.822342], [-161.650833, 59.822234], [-161.650995, 59.822153], [-161.651132, 59.822081], [-161.651263, 59.822007], [-161.651404, 59.821917], [-161.651511, 59.821835], [-161.651611, 59.82175], [-161.651709, 59.821663], [-161.651807, 59.821575], [-161.651892, 59.821501], [-161.652005, 59.821416], [-161.652142, 59.821317], [-161.652277, 59.821217], [-161.652405, 59.821114], [-161.652524, 59.821011], [-161.652615, 59.820918], [-161.652679, 59.82084], [-161.652792, 59.820702], [-161.652908, 59.820568], [-161.653024, 59.820435], [-161.653146, 59.820305], [-161.653281, 59.820181], [-161.653381, 59.820128], [-161.653497, 59.820087], [-161.653632, 59.820061], [-161.653781, 59.820049], [-161.653937, 59.820049], [-161.654123, 59.820058], [-161.654367, 59.82007], [-161.654611, 59.820081], [-161.654877, 59.820088], [-161.655139, 59.82009], [-161.655368, 59.820086], [-161.65563, 59.820097], [-161.655884, 59.820112], [-161.656122, 59.820126], [-161.656351, 59.82014], [-161.656595, 59.820147], [-161.656711, 59.820119], [-161.656824, 59.820085], [-161.656931, 59.820064], [-161.657031, 59.820025], [-161.657141, 59.81997], [-161.657242, 59.819929], [-161.657306, 59.819891], [-161.657318, 59.819845], [-161.657303, 59.819812], [-161.65722, 59.819796], [-161.657135, 59.819781], [-161.65705, 59.819764], [-161.656934, 59.819735], [-161.656802, 59.819717], [-161.656686, 59.819715], [-161.656601, 59.819723], [-161.656552, 59.819738], [-161.656549, 59.819774], [-161.656573, 59.819813], [-161.656577, 59.819849], [-161.656598, 59.819886], [-161.656619, 59.819925], [-161.656659, 59.81996], [-161.656726, 59.820026], [-161.65683, 59.820112], [-161.656927, 59.8202], [-161.657022, 59.820287], [-161.657117, 59.820374], [-161.657224, 59.820423], [-161.657364, 59.820458], [-161.657498, 59.820484], [-161.657635, 59.820506], [-161.657776, 59.820526], [-161.65791, 59.820534], [-161.658011, 59.820525], [-161.658121, 59.820505], [-161.658228, 59.820475], [-161.658328, 59.820437], [-161.658401, 59.820396], [-161.658466, 59.820338], [-161.658511, 59.82028], [-161.658563, 59.820201], [-161.658612, 59.820102], [-161.658655, 59.819999], [-161.658701, 59.819903], [-161.658749, 59.819804], [-161.658832, 59.819695], [-161.658951, 59.819592], [-161.659094, 59.819495], [-161.659286, 59.819396], [-161.659494, 59.819304], [-161.659671, 59.819238], [-161.659839, 59.819167], [-161.660001, 59.819092], [-161.660114, 59.819016], [-161.660205, 59.818932], [-161.660275, 59.818842], [-161.660318, 59.818759], [-161.660364, 59.81866], [-161.660413, 59.818562], [-161.660464, 59.818465], [-161.660574, 59.818348], [-161.660699, 59.81824], [-161.660828, 59.818157], [-161.660971, 59.818084], [-161.661136, 59.81802], [-161.66127, 59.817989], [-161.661438, 59.817957], [-161.661615, 59.817928], [-161.661795, 59.817904], [-161.661975, 59.817886], [-161.662186, 59.81788], [-161.662366, 59.817889], [-161.66254, 59.81791], [-161.662708, 59.817941], [-161.662872, 59.817979], [-161.663028, 59.818028], [-161.663196, 59.818093], [-161.663361, 59.818194], [-161.663498, 59.818301], [-161.663605, 59.818432], [-161.663669, 59.81856], [-161.663712, 59.818678], [-161.663779, 59.818768], [-161.663901, 59.818852], [-161.664056, 59.818909], [-161.66423, 59.818956], [-161.664413, 59.818994], [-161.664578, 59.81902], [-161.664743, 59.819051], [-161.664893, 59.819091], [-161.665021, 59.819155], [-161.665115, 59.819229], [-161.665189, 59.819344], [-161.665234, 59.819489], [-161.665289, 59.819669], [-161.665359, 59.819833], [-161.66546, 59.819992], [-161.665582, 59.820113], [-161.665707, 59.820192], [-161.665839, 59.820229], [-161.665979, 59.820254], [-161.666153, 59.820265], [-161.66633, 59.820265], [-161.666507, 59.820255], [-161.666702, 59.820228], [-161.666882, 59.82019], [-161.667017, 59.820145], [-161.667136, 59.82008], [-161.667227, 59.820007], [-161.667249, 59.819925], [-161.667242, 59.819841], [-161.667218, 59.819757], [-161.667169, 59.819685], [-161.667114, 59.819598], [-161.667087, 59.819521], [-161.667081, 59.819442], [-161.667117, 59.819355], [-161.667209, 59.819269], [-161.667331, 59.819202], [-161.667468, 59.819142], [-161.667621, 59.81909], [-161.667764, 59.819057], [-161.667908, 59.819048], [-161.668085, 59.819076], [-161.66828, 59.819131], [-161.668478, 59.819199], [-161.668677, 59.819273], [-161.668857, 59.819337], [-161.669006, 59.819371], [-161.669141, 59.819382], [-161.669272, 59.819379], [-161.669397, 59.819366], [-161.669516, 59.819343], [-161.669629, 59.819312], [-161.669742, 59.819282], [-161.669852, 59.819259], [-161.669962, 59.819249], [-161.670068, 59.819255], [-161.670172, 59.819292], [-161.670251, 59.819345], [-161.670312, 59.819411], [-161.670358, 59.819483], [-161.670404, 59.819576], [-161.670441, 59.819658], [-161.670483, 59.819741], [-161.670529, 59.819853], [-161.670554, 59.819966], [-161.670532, 59.820074], [-161.670499, 59.820184], [-161.670477, 59.820305], [-161.670465, 59.820393], [-161.670493, 59.820473], [-161.670572, 59.820536], [-161.670679, 59.82059], [-161.670792, 59.820629], [-161.670917, 59.820669], [-161.671042, 59.820712], [-161.67117, 59.820758], [-161.671332, 59.820811], [-161.671497, 59.820857], [-161.671658, 59.820889], [-161.671814, 59.820903], [-161.671948, 59.820896], [-161.672028, 59.820863], [-161.672092, 59.820817], [-161.672153, 59.820773], [-161.672214, 59.820744], [-161.67229, 59.820744], [-161.672391, 59.820775], [-161.672491, 59.820828], [-161.672601, 59.820921], [-161.672699, 59.821023], [-161.672775, 59.821123], [-161.672812, 59.821249], [-161.67283, 59.821378], [-161.672815, 59.821516], [-161.6728, 59.821655], [-161.672818, 59.821803], [-161.672873, 59.821916], [-161.672958, 59.822023], [-161.673074, 59.822089], [-161.673215, 59.822143], [-161.673373, 59.822188], [-161.673529, 59.822235], [-161.673682, 59.822285], [-161.673834, 59.822337], [-161.673987, 59.822388], [-161.674121, 59.822426], [-161.674265, 59.822449], [-161.674414, 59.822456], [-161.674591, 59.822443], [-161.674768, 59.822427], [-161.674942, 59.822412], [-161.675143, 59.822406], [-161.675372, 59.822399], [-161.675574, 59.8224], [-161.675775, 59.822401], [-161.67597, 59.822407], [-161.676129, 59.822414], [-161.676254, 59.822437], [-161.676379, 59.822472], [-161.676532, 59.822511], [-161.676691, 59.822541], [-161.676859, 59.822556], [-161.677032, 59.822556], [-161.677206, 59.822541], [-161.67735, 59.822513], [-161.677484, 59.822478], [-161.677606, 59.822437], [-161.677747, 59.822385], [-161.67789, 59.822337], [-161.678061, 59.822305], [-161.678238, 59.822288], [-161.678427, 59.822286], [-161.678601, 59.822301], [-161.678775, 59.822312], [-161.678925, 59.822309], [-161.679077, 59.822295], [-161.679224, 59.822267], [-161.679361, 59.822229], [-161.67948, 59.822182], [-161.679578, 59.822127], [-161.679669, 59.822053], [-161.679752, 59.821977], [-161.679828, 59.821905], [-161.67991, 59.821838], [-161.680005, 59.82178], [-161.680121, 59.821744], [-161.680243, 59.821718], [-161.680374, 59.821701], [-161.680515, 59.821694], [-161.680658, 59.821697], [-161.680777, 59.821711], [-161.68093, 59.821729], [-161.681116, 59.821744], [-161.681305, 59.821754], [-161.681497, 59.821755], [-161.681696, 59.821748], [-161.681866, 59.821739], [-161.682031, 59.821761], [-161.682169, 59.8218], [-161.682269, 59.821889], [-161.682346, 59.821996], [-161.68241, 59.822113], [-161.682443, 59.822213], [-161.68252, 59.822324], [-161.682626, 59.822428], [-161.68273, 59.822536], [-161.682803, 59.822671], [-161.682846, 59.822816], [-161.682837, 59.822958], [-161.682806, 59.823081], [-161.682776, 59.823206], [-161.682745, 59.823335], [-161.682721, 59.823463], [-161.682727, 59.823627], [-161.682755, 59.823786], [-161.682809, 59.82394], [-161.682904, 59.824065], [-161.683026, 59.824184], [-161.683151, 59.824261], [-161.683279, 59.824337], [-161.683408, 59.824412], [-161.683539, 59.824485], [-161.68367, 59.824557], [-161.683801, 59.824629], [-161.683966, 59.824711], [-161.684128, 59.824794], [-161.68429, 59.824876], [-161.684454, 59.824957], [-161.684622, 59.825037], [-161.684796, 59.825112], [-161.685052, 59.825195], [-161.685318, 59.825269], [-161.685596, 59.825334], [-161.68588, 59.82539], [-161.686139, 59.825427], [-161.686368, 59.825445], [-161.686639, 59.825455], [-161.686908, 59.825457], [-161.687177, 59.82545], [-161.687436, 59.825432], [-161.687643, 59.825397], [-161.68779, 59.82535], [-161.687912, 59.82529], [-161.688004, 59.825217], [-161.688071, 59.825136], [-161.688104, 59.82505], [-161.688089, 59.824947], [-161.688055, 59.824844], [-161.688019, 59.824722], [-161.687982, 59.824599], [-161.687958, 59.824476], [-161.687964, 59.824364], [-161.687973, 59.824251], [-161.687967, 59.824157], [-161.687939, 59.824066], [-161.687888, 59.823981], [-161.687808, 59.823904], [-161.687704, 59.823837], [-161.687582, 59.823779], [-161.687451, 59.823727], [-161.687317, 59.823675], [-161.687195, 59.823618], [-161.687091, 59.823537], [-161.687018, 59.823449], [-161.686975, 59.823354], [-161.686966, 59.823254], [-161.686987, 59.823154], [-161.687036, 59.823073], [-161.687103, 59.822993], [-161.687186, 59.822918], [-161.68728, 59.822845], [-161.687384, 59.822778], [-161.687497, 59.822716], [-161.687622, 59.822662], [-161.687756, 59.822618], [-161.687894, 59.822591], [-161.688049, 59.822593], [-161.688226, 59.82262], [-161.688397, 59.822665], [-161.688562, 59.822726], [-161.68873, 59.822791], [-161.688889, 59.822842], [-161.689032, 59.82288], [-161.689215, 59.822906], [-161.689407, 59.822918], [-161.689627, 59.822905], [-161.689862, 59.822866], [-161.690085, 59.822814], [-161.690265, 59.822747], [-161.690433, 59.822669], [-161.690564, 59.822594], [-161.690665, 59.822524], [-161.690759, 59.82245], [-161.690866, 59.822357], [-161.690997, 59.822252], [-161.691138, 59.822149], [-161.691302, 59.822032], [-161.691498, 59.821906], [-161.691718, 59.821795], [-161.691922, 59.821705], [-161.692133, 59.821624], [-161.692358, 59.821561], [-161.692569, 59.821521], [-161.692755, 59.821497], [-161.693008, 59.82148], [-161.693259, 59.821471], [-161.693481, 59.821478], [-161.693701, 59.821497], [-161.693942, 59.821535], [-161.694141, 59.82159], [-161.694363, 59.821658], [-161.694583, 59.821729], [-161.694803, 59.821803], [-161.694992, 59.821872], [-161.695145, 59.821937], [-161.695258, 59.821998], [-161.695349, 59.822064], [-161.695413, 59.822135], [-161.695441, 59.822207], [-161.695404, 59.822285], [-161.695331, 59.82236], [-161.695227, 59.822434], [-161.695105, 59.822507], [-161.69498, 59.822581], [-161.694894, 59.822652], [-161.694836, 59.822727], [-161.69483, 59.822818], [-161.694861, 59.82291], [-161.694949, 59.823016], [-161.695105, 59.823121], [-161.695352, 59.823227], [-161.695599, 59.823313], [-161.695859, 59.823394], [-161.696106, 59.823455], [-161.696323, 59.823504], [-161.696472, 59.823535], [-161.696619, 59.82355], [-161.69679, 59.823492], [-161.697009, 59.823402], [-161.697256, 59.823297], [-161.697504, 59.823168], [-161.697711, 59.82302], [-161.697849, 59.822922], [-161.697888, 59.822835], [-161.697864, 59.822744], [-161.69783, 59.822628], [-161.697824, 59.822522], [-161.697845, 59.822411], [-161.6979, 59.822297], [-161.697977, 59.822182], [-161.698062, 59.822083], [-161.698157, 59.821986], [-161.698285, 59.821878], [-161.698425, 59.821774], [-161.698578, 59.821674], [-161.698727, 59.821597], [-161.698886, 59.821523], [-161.69903, 59.821467], [-161.699176, 59.821414], [-161.699329, 59.821365], [-161.699484, 59.82132], [-161.699643, 59.821278], [-161.699838, 59.821233], [-161.700037, 59.821197], [-161.700235, 59.821172], [-161.700436, 59.82116], [-161.700635, 59.821164], [-161.700793, 59.821189], [-161.700946, 59.821227], [-161.701089, 59.821272], [-161.701221, 59.821323], [-161.70134, 59.82138], [-161.701443, 59.821443], [-161.701526, 59.821511], [-161.701575, 59.821583], [-161.701562, 59.821684], [-161.701523, 59.821786], [-161.701462, 59.821923], [-161.701398, 59.822061], [-161.701349, 59.822202], [-161.701349, 59.822316], [-161.701373, 59.82243], [-161.701428, 59.822508], [-161.701517, 59.822595], [-161.701593, 59.822695], [-161.70163, 59.822807], [-161.701642, 59.822919], [-161.70163, 59.823033], [-161.701578, 59.823137], [-161.701532, 59.823225], [-161.701523, 59.8233], [-161.701538, 59.823371], [-161.701575, 59.823434], [-161.701639, 59.823488], [-161.701724, 59.823534], [-161.701816, 59.823578], [-161.701889, 59.823635], [-161.701904, 59.823705], [-161.701868, 59.823775], [-161.701785, 59.823843], [-161.701663, 59.823905], [-161.701523, 59.82395], [-161.701404, 59.823987], [-161.701303, 59.824033], [-161.701224, 59.824088], [-161.701175, 59.824152], [-161.701154, 59.82422], [-161.701163, 59.824301], [-161.701196, 59.824377], [-161.701285, 59.824448], [-161.701398, 59.824506], [-161.701559, 59.824548], [-161.701736, 59.82456], [-161.701926, 59.824561], [-161.702094, 59.824556], [-161.702264, 59.824551], [-161.702414, 59.824551], [-161.702597, 59.824552], [-161.702805, 59.824564], [-161.702997, 59.824586], [-161.703165, 59.824619], [-161.703305, 59.824667], [-161.703381, 59.824731], [-161.703394, 59.824799], [-161.703375, 59.824866], [-161.703342, 59.824934], [-161.703302, 59.825002], [-161.70329, 59.825081], [-161.703314, 59.825154], [-161.703461, 59.825217], [-161.703647, 59.825267], [-161.70386, 59.825305], [-161.70408, 59.825323], [-161.704306, 59.82534], [-161.704453, 59.825362], [-161.704596, 59.825391], [-161.704739, 59.825426], [-161.704877, 59.825467], [-161.705008, 59.825513], [-161.705133, 59.825563], [-161.705286, 59.825623], [-161.705472, 59.825674], [-161.705658, 59.825709], [-161.705844, 59.825724], [-161.706033, 59.825719], [-161.706195, 59.825687], [-161.706323, 59.825648], [-161.706458, 59.825605], [-161.706595, 59.82556], [-161.706763, 59.825502], [-161.706931, 59.825443], [-161.707101, 59.82538], [-161.707269, 59.825318], [-161.707443, 59.825261], [-161.707596, 59.825223], [-161.707755, 59.825193], [-161.707916, 59.825175], [-161.708087, 59.825166], [-161.708264, 59.825166], [-161.708444, 59.825173], [-161.708621, 59.825191], [-161.708792, 59.825214], [-161.708954, 59.825241], [-161.7091, 59.825267], [-161.709253, 59.825291], [-161.709433, 59.825314], [-161.709558, 59.825327], [-161.709637, 59.825336], [-161.709674, 59.82534], [-161.709647, 59.825337], [-161.70954, 59.825322], [-161.709439, 59.825304], [-161.709335, 59.825282], [-161.709229, 59.825259], [-161.709125, 59.825239], [-161.709012, 59.825224], [-161.708908, 59.82522], [-161.70881, 59.825224], [-161.708725, 59.82524], [-161.708707, 59.825269], [-161.708737, 59.825301], [-161.708798, 59.825333], [-161.708893, 59.825361], [-161.70899, 59.82539], [-161.709027, 59.825415], [-161.709036, 59.825444], [-161.709021, 59.825479], [-161.708969, 59.825513], [-161.708923, 59.82553], [-161.708878, 59.825533], [-161.708844, 59.825519], [-161.708817, 59.825475], [-161.708798, 59.825423], [-161.708746, 59.825374], [-161.708688, 59.825327], [-161.708609, 59.825291], [-161.708511, 59.825278], [-161.708405, 59.825271], [-161.708313, 59.825269], [-161.708252, 59.825279], [-161.708224, 59.82528], [-161.708234, 59.82528], [-161.708276, 59.825278], [-161.708374, 59.825278], [-161.708493, 59.825272], [-161.708612, 59.825274], [-161.708731, 59.825275], [-161.70885, 59.825282], [-161.708951, 59.825291], [-161.709033, 59.825302], [-161.709119, 59.825314], [-161.709204, 59.825326], [-161.709293, 59.825338], [-161.709378, 59.825347], [-161.709467, 59.825355], [-161.709573, 59.82536], [-161.709671, 59.825357], [-161.709818, 59.825352], [-161.709967, 59.825349], [-161.710141, 59.825345], [-161.7103, 59.825338], [-161.710471, 59.825337], [-161.710596, 59.825331], [-161.710724, 59.825319], [-161.710849, 59.825294], [-161.710971, 59.825261], [-161.711087, 59.825217], [-161.711197, 59.825165], [-161.711301, 59.825104], [-161.711404, 59.825034], [-161.711514, 59.824966], [-161.711633, 59.824902], [-161.711765, 59.824846], [-161.711938, 59.824802], [-161.712103, 59.824782], [-161.712271, 59.82477], [-161.712439, 59.824758], [-161.712598, 59.824742], [-161.712708, 59.824715], [-161.712781, 59.824673], [-161.712814, 59.824619], [-161.712787, 59.824549], [-161.712726, 59.824476], [-161.712604, 59.824375], [-161.712473, 59.824274], [-161.712341, 59.824172], [-161.712238, 59.824078], [-161.71214, 59.823983], [-161.712094, 59.823911], [-161.71207, 59.823838], [-161.712076, 59.823746], [-161.7121, 59.823638], [-161.712143, 59.823513], [-161.712198, 59.823389], [-161.712268, 59.823267], [-161.712372, 59.823161], [-161.712497, 59.82308], [-161.712643, 59.823022], [-161.712833, 59.822958], [-161.71304, 59.822881], [-161.713211, 59.822805], [-161.713379, 59.82271], [-161.713593, 59.822606], [-161.713782, 59.822523], [-161.713962, 59.822469], [-161.714157, 59.82243], [-161.714355, 59.82242], [-161.714539, 59.82244], [-161.714719, 59.822467], [-161.714929, 59.822504], [-161.715143, 59.822539], [-161.71539, 59.822573], [-161.715607, 59.822598], [-161.715854, 59.822622], [-161.716064, 59.822643], [-161.716284, 59.822685], [-161.716455, 59.822755], [-161.716599, 59.822852], [-161.716681, 59.822957], [-161.71673, 59.82307], [-161.71669, 59.823225], [-161.716641, 59.823368], [-161.716599, 59.823499], [-161.716574, 59.823633], [-161.716574, 59.823769], [-161.716641, 59.823857], [-161.716724, 59.823944], [-161.716818, 59.824028], [-161.716922, 59.824108], [-161.717035, 59.824184], [-161.717157, 59.824253], [-161.717288, 59.824313], [-161.717426, 59.82436], [-161.717563, 59.82439], [-161.717694, 59.824406], [-161.717819, 59.824407], [-161.717929, 59.824397], [-161.718027, 59.824379], [-161.718118, 59.824358], [-161.718198, 59.82433], [-161.71828, 59.824296], [-161.718427, 59.824265], [-161.718579, 59.824239], [-161.718732, 59.824217], [-161.718893, 59.824203], [-161.719046, 59.8242], [-161.719141, 59.824194], [-161.719232, 59.824188], [-161.719324, 59.824181], [-161.719415, 59.824168], [-161.719501, 59.82415], [-161.71958, 59.824128], [-161.719678, 59.824087], [-161.719769, 59.824041], [-161.719855, 59.823992], [-161.719937, 59.823941], [-161.720016, 59.823889], [-161.720084, 59.823845], [-161.720148, 59.823799], [-161.720221, 59.823745], [-161.720294, 59.823681], [-161.720374, 59.823609], [-161.720444, 59.823535], [-161.720514, 59.823442], [-161.720566, 59.823357], [-161.720602, 59.823283], [-161.720612, 59.823206], [-161.720609, 59.823136], [-161.720566, 59.823086], [-161.720505, 59.823034], [-161.720416, 59.822974], [-161.720319, 59.822924], [-161.720203, 59.822874], [-161.720105, 59.822821], [-161.720016, 59.822768], [-161.719952, 59.82272], [-161.719888, 59.822676], [-161.719812, 59.82265], [-161.719757, 59.822643], [-161.719727, 59.822651], [-161.719727, 59.822674], [-161.719766, 59.822709], [-161.719855, 59.822743], [-161.719989, 59.822803], [-161.720123, 59.822871], [-161.720248, 59.822948], [-161.720364, 59.823049], [-161.720456, 59.823155], [-161.72048, 59.823242], [-161.720477, 59.823329], [-161.720453, 59.823415], [-161.720377, 59.823528], [-161.720285, 59.823637], [-161.720187, 59.823743], [-161.720062, 59.823856], [-161.719925, 59.823965], [-161.719785, 59.824032], [-161.719638, 59.824091], [-161.719492, 59.824139], [-161.71936, 59.824168], [-161.719229, 59.824189], [-161.719119, 59.824198], [-161.719009, 59.824205], [-161.7189, 59.824213], [-161.718829, 59.824216], [-161.718799, 59.824218], [-161.718808, 59.824219], [-161.718869, 59.824223], [-161.718967, 59.824224], [-161.719067, 59.824224], [-161.719165, 59.82422], [-161.719263, 59.824213], [-161.719363, 59.824191], [-161.719504, 59.824147], [-161.719641, 59.824101], [-161.719794, 59.824044], [-161.71994, 59.823981], [-161.720081, 59.823914], [-161.720172, 59.823863], [-161.720258, 59.823801], [-161.720322, 59.823743], [-161.72038, 59.823677], [-161.720422, 59.823611], [-161.720462, 59.823539], [-161.720493, 59.823466], [-161.720514, 59.823392], [-161.720517, 59.823305], [-161.720496, 59.823219], [-161.720456, 59.823135], [-161.720386, 59.823044], [-161.7203, 59.822956], [-161.720184, 59.822877], [-161.720056, 59.8228], [-161.719891, 59.82272], [-161.71973, 59.822659], [-161.719495, 59.8226], [-161.719275, 59.822556], [-161.719052, 59.822516], [-161.718854, 59.822483], [-161.718668, 59.822443], [-161.718558, 59.822398], [-161.718466, 59.822342], [-161.718393, 59.822277], [-161.718341, 59.822205], [-161.718311, 59.822129], [-161.718311, 59.822056], [-161.718341, 59.821985], [-161.71842, 59.821902], [-161.718518, 59.821819], [-161.718649, 59.821724], [-161.718787, 59.82163], [-161.718927, 59.821536], [-161.719061, 59.821459], [-161.719208, 59.821387], [-161.71937, 59.821323], [-161.719534, 59.821259], [-161.719699, 59.821197], [-161.719888, 59.821124], [-161.720078, 59.821054], [-161.720242, 59.821], [-161.72041, 59.820953], [-161.720584, 59.820914], [-161.720731, 59.820899], [-161.720877, 59.820897], [-161.721011, 59.820911], [-161.721124, 59.82094], [-161.721216, 59.820985], [-161.721298, 59.82104], [-161.721393, 59.821113], [-161.721494, 59.821184], [-161.721637, 59.821258], [-161.721799, 59.821324], [-161.721973, 59.821381], [-161.722141, 59.821418], [-161.722318, 59.821444], [-161.722531, 59.821439], [-161.722775, 59.821427], [-161.723016, 59.821415], [-161.723245, 59.82141], [-161.723462, 59.821417], [-161.723611, 59.821449], [-161.72373, 59.821489], [-161.72388, 59.821537], [-161.724036, 59.821583], [-161.724228, 59.821619], [-161.724429, 59.82163], [-161.724603, 59.8216], [-161.724734, 59.821545], [-161.72486, 59.821482], [-161.724951, 59.821419], [-161.725031, 59.821391], [-161.725116, 59.821411], [-161.725204, 59.821452], [-161.725296, 59.821505], [-161.725412, 59.82157], [-161.725537, 59.821621], [-161.725687, 59.821667], [-161.725848, 59.821707], [-161.726016, 59.821746], [-161.726163, 59.821775], [-161.726312, 59.821798], [-161.726462, 59.821811], [-161.726608, 59.821812], [-161.726749, 59.821798], [-161.726889, 59.82177], [-161.727051, 59.821724], [-161.727206, 59.82167], [-161.727359, 59.82161], [-161.72753, 59.821531], [-161.727692, 59.821447], [-161.727844, 59.821354], [-161.727994, 59.821258], [-161.728201, 59.821144], [-161.728397, 59.821049], [-161.728607, 59.82094], [-161.728781, 59.820843], [-161.728925, 59.820695], [-161.728983, 59.82056], [-161.729004, 59.820417], [-161.728955, 59.820275], [-161.72886, 59.820124], [-161.728748, 59.820008], [-161.728616, 59.819896], [-161.728464, 59.819792], [-161.728287, 59.819712], [-161.728088, 59.819659], [-161.727887, 59.819635], [-161.727676, 59.819619], [-161.727435, 59.819597], [-161.727228, 59.819568], [-161.727057, 59.819526], [-161.726895, 59.819474], [-161.72673, 59.819398], [-161.726608, 59.81932], [-161.726501, 59.819237], [-161.726413, 59.819149], [-161.726349, 59.819058], [-161.726331, 59.818982], [-161.726346, 59.81891], [-161.726401, 59.818846], [-161.726489, 59.81879], [-161.72663, 59.818734], [-161.726779, 59.818681], [-161.726929, 59.81861], [-161.727066, 59.818501], [-161.727209, 59.818356], [-161.727301, 59.818196], [-161.727365, 59.818032], [-161.727399, 59.817867], [-161.727423, 59.817715], [-161.727426, 59.817594], [-161.727472, 59.817484], [-161.727612, 59.817382], [-161.727792, 59.817312], [-161.728015, 59.817288], [-161.728238, 59.817291], [-161.728427, 59.817329], [-161.72854, 59.817388], [-161.728644, 59.817456], [-161.728729, 59.817513], [-161.728827, 59.817556], [-161.728958, 59.81757], [-161.729099, 59.817562], [-161.729245, 59.817535], [-161.729388, 59.817496], [-161.729535, 59.817454], [-161.729666, 59.817421], [-161.729831, 59.817381], [-161.729996, 59.81732], [-161.730179, 59.817229], [-161.730359, 59.817133], [-161.730536, 59.817033], [-161.730688, 59.816943], [-161.730847, 59.816881], [-161.730991, 59.816857], [-161.731137, 59.816848], [-161.731284, 59.816853], [-161.731458, 59.816872], [-161.731683, 59.81689], [-161.7319, 59.816914], [-161.732095, 59.816946], [-161.732263, 59.816986], [-161.732379, 59.81703], [-161.732446, 59.817104], [-161.732526, 59.817231], [-161.732614, 59.817377], [-161.732742, 59.817533], [-161.732892, 59.81768], [-161.733035, 59.817799], [-161.7332, 59.817844], [-161.733395, 59.817839], [-161.733563, 59.817781], [-161.733694, 59.817693], [-161.733813, 59.817594], [-161.733902, 59.817501], [-161.733972, 59.817424], [-161.734058, 59.817374], [-161.73418, 59.817347], [-161.734314, 59.817325], [-161.734451, 59.817284], [-161.734515, 59.817229], [-161.734534, 59.817181], [-161.7345, 59.817136], [-161.734409, 59.817075], [-161.734286, 59.817025], [-161.734204, 59.816979], [-161.734128, 59.816915], [-161.734061, 59.81684], [-161.734006, 59.816775], [-161.733939, 59.816714], [-161.733856, 59.816644], [-161.733792, 59.816573], [-161.733755, 59.816504], [-161.733743, 59.816422], [-161.733728, 59.816341], [-161.733713, 59.81628], [-161.733667, 59.816225], [-161.733585, 59.816159], [-161.733499, 59.816102], [-161.733469, 59.816039], [-161.733487, 59.815976], [-161.733545, 59.81591], [-161.73363, 59.815853], [-161.73371, 59.815797], [-161.733749, 59.815741], [-161.733768, 59.815676], [-161.733786, 59.815608], [-161.733826, 59.815546], [-161.733896, 59.815492], [-161.733994, 59.815456], [-161.734149, 59.815456], [-161.734317, 59.815469], [-161.734488, 59.815487], [-161.734659, 59.815503], [-161.734833, 59.815513], [-161.735007, 59.815501], [-161.735184, 59.815492], [-161.735367, 59.815489], [-161.735553, 59.815492], [-161.735745, 59.815497], [-161.735904, 59.815492], [-161.736053, 59.815474], [-161.736185, 59.815439], [-161.736295, 59.815389], [-161.736377, 59.815327], [-161.736426, 59.815254], [-161.736453, 59.815178], [-161.736469, 59.815101], [-161.736493, 59.815028], [-161.736566, 59.814962], [-161.73667, 59.814915], [-161.736865, 59.814883], [-161.737082, 59.814873], [-161.737299, 59.814884], [-161.737466, 59.814916], [-161.73761, 59.814961], [-161.737671, 59.815019], [-161.737726, 59.815083], [-161.737787, 59.815144], [-161.737869, 59.815195], [-161.737979, 59.815231], [-161.738107, 59.81525], [-161.738248, 59.815254], [-161.738422, 59.815262], [-161.738596, 59.815272], [-161.738794, 59.815293], [-161.738986, 59.815329], [-161.739163, 59.81538], [-161.739291, 59.815434], [-161.739383, 59.815509], [-161.739401, 59.815583], [-161.739377, 59.815654], [-161.739325, 59.815723], [-161.739264, 59.815791], [-161.739218, 59.815845], [-161.739206, 59.815903], [-161.739246, 59.815978], [-161.739319, 59.816055], [-161.739417, 59.816131], [-161.739536, 59.816203], [-161.73967, 59.816269], [-161.739807, 59.816315], [-161.739957, 59.816354], [-161.740112, 59.816382], [-161.740271, 59.816396], [-161.74043, 59.816397], [-161.740585, 59.816386], [-161.740762, 59.816353], [-161.740933, 59.816309], [-161.741092, 59.816257], [-161.741238, 59.816196], [-161.741373, 59.81613], [-161.74147, 59.816068], [-161.741599, 59.816006], [-161.741736, 59.815958], [-161.741882, 59.815926], [-161.742038, 59.815902], [-161.742224, 59.815877], [-161.74241, 59.815869], [-161.742593, 59.815864], [-161.74278, 59.815862], [-161.742966, 59.815864], [-161.743134, 59.815876], [-161.743274, 59.815876], [-161.743417, 59.815863], [-161.743552, 59.815836], [-161.743677, 59.815797], [-161.743777, 59.815746], [-161.743848, 59.815688], [-161.743881, 59.81561], [-161.743933, 59.815524], [-161.743991, 59.815446], [-161.744073, 59.815379], [-161.744189, 59.815323], [-161.744345, 59.81529], [-161.744492, 59.815272], [-161.744638, 59.81525], [-161.744775, 59.815221], [-161.744894, 59.815181], [-161.744992, 59.815127], [-161.745062, 59.815058], [-161.745126, 59.814961], [-161.745187, 59.81486], [-161.745258, 59.814759], [-161.745337, 59.814661], [-161.745459, 59.814558], [-161.74559, 59.814484], [-161.745734, 59.814426], [-161.745877, 59.814387], [-161.746024, 59.814371], [-161.746149, 59.814384], [-161.746274, 59.814404], [-161.746393, 59.814428], [-161.74653, 59.814459], [-161.746655, 59.814493], [-161.74675, 59.814535], [-161.746808, 59.814586], [-161.746857, 59.814659], [-161.746887, 59.814729], [-161.746964, 59.814798], [-161.747076, 59.814855], [-161.747229, 59.814902], [-161.747397, 59.814921], [-161.747595, 59.814926], [-161.747781, 59.814948], [-161.747952, 59.814993], [-161.748108, 59.81505], [-161.748251, 59.815121], [-161.748358, 59.815208], [-161.748441, 59.815282], [-161.748532, 59.81534], [-161.748633, 59.815392], [-161.748767, 59.815441], [-161.748917, 59.815476], [-161.749072, 59.815495], [-161.749225, 59.815496], [-161.749393, 59.815472], [-161.749533, 59.815417], [-161.749634, 59.815336], [-161.749698, 59.81525], [-161.749734, 59.815159], [-161.749738, 59.815075], [-161.749734, 59.815006], [-161.749789, 59.814954], [-161.749908, 59.814912], [-161.750058, 59.814887], [-161.75025, 59.81487], [-161.750439, 59.814851], [-161.750589, 59.814831], [-161.750693, 59.814797], [-161.750763, 59.814747], [-161.750766, 59.81469], [-161.750735, 59.814633], [-161.750674, 59.814575], [-161.750583, 59.814519], [-161.750476, 59.814463], [-161.750336, 59.814397], [-161.750162, 59.814324], [-161.749954, 59.81425], [-161.749747, 59.814183], [-161.749545, 59.814122], [-161.749353, 59.814056], [-161.749213, 59.813988], [-161.749139, 59.813942], [-161.749103, 59.813936], [-161.749091, 59.813943], [-161.749127, 59.813974], [-161.749146, 59.813998], [-161.749146, 59.814003], [-161.749127, 59.813964], [-161.749091, 59.813901], [-161.749042, 59.813808], [-161.749014, 59.813733], [-161.748999, 59.813654], [-161.749017, 59.813567], [-161.749063, 59.813486], [-161.749136, 59.81343], [-161.749231, 59.813377], [-161.74939, 59.813325], [-161.749545, 59.813284], [-161.749713, 59.813248], [-161.749884, 59.813213], [-161.750058, 59.813177], [-161.750214, 59.813142], [-161.750369, 59.813103], [-161.75054, 59.813049], [-161.750708, 59.812991], [-161.75087, 59.81293], [-161.751025, 59.812878], [-161.75119, 59.812851], [-161.751321, 59.812856], [-161.751437, 59.812886], [-161.751529, 59.812939], [-161.751569, 59.813015], [-161.751566, 59.813091], [-161.751544, 59.813184], [-161.751535, 59.813275], [-161.75155, 59.813359], [-161.751636, 59.813432], [-161.751764, 59.813487], [-161.751935, 59.813512], [-161.752158, 59.813523], [-161.752396, 59.813523], [-161.752603, 59.813515], [-161.752814, 59.813506], [-161.753024, 59.813496], [-161.753198, 59.813486], [-161.753369, 59.813479], [-161.753537, 59.813474], [-161.753693, 59.813469], [-161.753836, 59.813466], [-161.753976, 59.813464], [-161.754105, 59.813463], [-161.754221, 59.813462], [-161.754324, 59.813438], [-161.754416, 59.813422], [-161.754468, 59.813414], [-161.754486, 59.813417], [-161.754504, 59.813435], [-161.754517, 59.813486], [-161.754523, 59.813541], [-161.754535, 59.813602], [-161.75455, 59.813661], [-161.754538, 59.813731], [-161.754526, 59.813802], [-161.754535, 59.813885], [-161.75455, 59.813987], [-161.754565, 59.814094], [-161.754581, 59.814193], [-161.754608, 59.814328], [-161.754626, 59.814452], [-161.754663, 59.814559], [-161.754724, 59.814663], [-161.754813, 59.814764], [-161.754929, 59.814837], [-161.755057, 59.814902], [-161.755197, 59.814956], [-161.755353, 59.815], [-161.755551, 59.815036], [-161.755734, 59.815056], [-161.75592, 59.815071], [-161.7561, 59.815086], [-161.756284, 59.815102], [-161.756436, 59.815114], [-161.756613, 59.815134], [-161.756805, 59.815177], [-161.756995, 59.815228], [-161.757175, 59.815284], [-161.757376, 59.815336], [-161.757553, 59.815356], [-161.757709, 59.815347], [-161.75787, 59.815328], [-161.758066, 59.815295], [-161.758234, 59.815253], [-161.758395, 59.81522], [-161.758578, 59.815173], [-161.758749, 59.815118], [-161.758878, 59.815063], [-161.759003, 59.815011], [-161.759116, 59.814965], [-161.759195, 59.81493], [-161.759283, 59.814901], [-161.759366, 59.814884], [-161.759424, 59.814885], [-161.759451, 59.814909], [-161.759482, 59.814944], [-161.759473, 59.814986], [-161.759442, 59.815027], [-161.759433, 59.815059], [-161.75946, 59.815089], [-161.75947, 59.815115], [-161.759521, 59.815127], [-161.759619, 59.815142], [-161.759753, 59.815135], [-161.759885, 59.815108], [-161.76004, 59.815079], [-161.760147, 59.81506], [-161.760199, 59.815034], [-161.760184, 59.815014], [-161.760141, 59.814991], [-161.760065, 59.814964], [-161.759988, 59.81493], [-161.759918, 59.81489], [-161.759842, 59.814868], [-161.759763, 59.814851], [-161.759677, 59.81484], [-161.759595, 59.81483], [-161.759521, 59.814805], [-161.759473, 59.814754], [-161.759445, 59.814696], [-161.759445, 59.814614], [-161.759464, 59.814524], [-161.759488, 59.814439], [-161.759503, 59.814365], [-161.759509, 59.814288], [-161.7595, 59.814219], [-161.759479, 59.814148], [-161.759427, 59.814062], [-161.759363, 59.813976], [-161.75929, 59.813889], [-161.759219, 59.813802], [-161.759161, 59.813712], [-161.75914, 59.813634], [-161.75914, 59.813537], [-161.759171, 59.813388], [-161.759189, 59.813205], [-161.759189, 59.813024], [-161.759167, 59.812844], [-161.7591, 59.81267], [-161.758978, 59.812535], [-161.758853, 59.812437], [-161.75871, 59.812323], [-161.758569, 59.812209], [-161.758463, 59.812105], [-161.758383, 59.811995], [-161.758313, 59.811834], [-161.758273, 59.811687], [-161.758243, 59.811526], [-161.758218, 59.811366], [-161.758218, 59.811193], [-161.75824, 59.811056], [-161.758273, 59.810919], [-161.758322, 59.810799], [-161.758392, 59.810667], [-161.758466, 59.810568], [-161.758545, 59.810487], [-161.758652, 59.810397], [-161.758768, 59.810308], [-161.758881, 59.810235], [-161.758997, 59.810162], [-161.759119, 59.810089], [-161.759225, 59.810027], [-161.759329, 59.809962], [-161.759448, 59.809881], [-161.759564, 59.809797], [-161.759671, 59.80971], [-161.759778, 59.809622], [-161.759903, 59.80952], [-161.760046, 59.809425], [-161.760199, 59.809338], [-161.760367, 59.809258], [-161.760547, 59.809187], [-161.760721, 59.809141], [-161.760876, 59.809113], [-161.761035, 59.809089], [-161.761194, 59.809065], [-161.761377, 59.80903], [-161.76156, 59.80899], [-161.761737, 59.808944], [-161.761911, 59.808893], [-161.762082, 59.808837], [-161.762222, 59.80879], [-161.762363, 59.808742], [-161.762503, 59.808694], [-161.762646, 59.808647], [-161.762814, 59.808589], [-161.762982, 59.80853], [-161.763165, 59.808456], [-161.763345, 59.808382], [-161.763522, 59.808309], [-161.763675, 59.808254], [-161.763831, 59.80821], [-161.763971, 59.808192], [-161.764114, 59.808189], [-161.764255, 59.808202], [-161.764389, 59.808228], [-161.764514, 59.808265], [-161.764624, 59.808311], [-161.764719, 59.808366], [-161.764798, 59.808429], [-161.764865, 59.808513], [-161.764914, 59.808601], [-161.764954, 59.808694], [-161.764993, 59.808788], [-161.76503, 59.808883], [-161.765063, 59.80898], [-161.765109, 59.809075], [-161.76517, 59.809167], [-161.76524, 59.809256], [-161.765329, 59.80934], [-161.765439, 59.8094], [-161.765561, 59.809451], [-161.765692, 59.809492], [-161.765833, 59.809523], [-161.765982, 59.809541], [-161.766135, 59.809547], [-161.76629, 59.809543], [-161.766473, 59.809524], [-161.766653, 59.809496], [-161.766827, 59.809463], [-161.767001, 59.809426], [-161.767178, 59.809393], [-161.767328, 59.809377], [-161.76748, 59.809368], [-161.76763, 59.80936], [-161.767767, 59.809344], [-161.767877, 59.809316], [-161.767941, 59.809257], [-161.76796, 59.809184], [-161.76792, 59.809089], [-161.767844, 59.808993], [-161.76774, 59.808897], [-161.767633, 59.808816], [-161.767465, 59.808714], [-161.7673, 59.808637], [-161.76712, 59.808572], [-161.766931, 59.808519], [-161.766727, 59.808479], [-161.766568, 59.808469], [-161.766406, 59.808457], [-161.766251, 59.808439], [-161.766104, 59.808412], [-161.765973, 59.808374], [-161.765863, 59.808324], [-161.76579, 59.808267], [-161.765756, 59.808208], [-161.765765, 59.808151], [-161.765814, 59.808103], [-161.765955, 59.808058], [-161.766119, 59.80802], [-161.76633, 59.807976], [-161.766547, 59.807928], [-161.766766, 59.807874], [-161.766956, 59.807808], [-161.767157, 59.807721], [-161.767337, 59.807623], [-161.767532, 59.807512], [-161.767722, 59.807404], [-161.767892, 59.807311], [-161.768048, 59.80724], [-161.768182, 59.807197], [-161.76828, 59.807185], [-161.768347, 59.807188], [-161.768375, 59.807207], [-161.76839, 59.807217], [-161.768408, 59.807211], [-161.768457, 59.807202], [-161.768536, 59.807185], [-161.76864, 59.807159], [-161.768747, 59.807144], [-161.768845, 59.807137], [-161.768924, 59.807122], [-161.769016, 59.807098], [-161.769092, 59.807064], [-161.769159, 59.807026], [-161.769235, 59.806992], [-161.769302, 59.806966], [-161.76936, 59.806966], [-161.769434, 59.806992], [-161.769516, 59.80703], [-161.769543, 59.807072], [-161.769547, 59.807104], [-161.76951, 59.807118], [-161.76944, 59.807114], [-161.76933, 59.807116], [-161.769244, 59.807104], [-161.769147, 59.807104], [-161.769064, 59.807127], [-161.769012, 59.807167], [-161.769003, 59.8072], [-161.769025, 59.807253], [-161.769089, 59.807304], [-161.769168, 59.807346], [-161.769238, 59.807385], [-161.769293, 59.807435], [-161.76933, 59.807506], [-161.769363, 59.807581], [-161.769424, 59.807664], [-161.769504, 59.807738], [-161.769601, 59.807794], [-161.769751, 59.80779], [-161.769913, 59.807765], [-161.770065, 59.80772], [-161.770221, 59.807673], [-161.77038, 59.807638], [-161.770508, 59.807647], [-161.770627, 59.807677], [-161.770724, 59.807726], [-161.770801, 59.80779], [-161.770874, 59.807872], [-161.770978, 59.807959], [-161.7711, 59.808036], [-161.771243, 59.8081], [-161.771414, 59.808149], [-161.771597, 59.80817], [-161.771759, 59.808173], [-161.771912, 59.808161], [-161.772049, 59.808134], [-161.772165, 59.808092], [-161.772256, 59.808019], [-161.772333, 59.807919], [-161.7724, 59.807813], [-161.772476, 59.807711], [-161.772595, 59.807617], [-161.772757, 59.807558], [-161.772925, 59.807539], [-161.773099, 59.807558], [-161.773257, 59.807597], [-161.77338, 59.807652], [-161.773474, 59.807705], [-161.773575, 59.807748], [-161.773679, 59.807762], [-161.773807, 59.807745], [-161.773926, 59.807693], [-161.774023, 59.807624], [-161.774124, 59.807533], [-161.774231, 59.807442], [-161.774335, 59.807371], [-161.774454, 59.807323], [-161.774597, 59.807285], [-161.774762, 59.807262], [-161.774927, 59.807241], [-161.775089, 59.807219], [-161.775253, 59.807195], [-161.775415, 59.807169], [-161.775583, 59.80714], [-161.775778, 59.807106], [-161.775977, 59.807075], [-161.77623, 59.807036], [-161.77648, 59.806995], [-161.7767, 59.806944], [-161.776886, 59.806882], [-161.777063, 59.806818], [-161.7772, 59.806755], [-161.777332, 59.80669], [-161.777444, 59.806634], [-161.777539, 59.806571], [-161.777621, 59.806499], [-161.777676, 59.806428], [-161.777737, 59.806358], [-161.777811, 59.806292], [-161.777896, 59.806241], [-161.777991, 59.806191], [-161.778085, 59.806142], [-161.778171, 59.806065], [-161.778229, 59.805984], [-161.778268, 59.805902], [-161.778284, 59.805819], [-161.778259, 59.805716], [-161.778241, 59.80563], [-161.778241, 59.805547], [-161.778256, 59.805466], [-161.778296, 59.805392], [-161.778406, 59.805336], [-161.778525, 59.805297], [-161.778656, 59.805264], [-161.778815, 59.805228], [-161.778989, 59.805177], [-161.779126, 59.805128], [-161.779242, 59.805058], [-161.77934, 59.80498], [-161.779404, 59.804902], [-161.779449, 59.804835], [-161.779501, 59.804768], [-161.779556, 59.804715], [-161.779602, 59.804661], [-161.779636, 59.804594], [-161.779651, 59.804522], [-161.779651, 59.804446], [-161.779633, 59.804353], [-161.779611, 59.804257], [-161.779584, 59.804173], [-161.77955, 59.80409], [-161.77951, 59.804007], [-161.779474, 59.803938], [-161.779443, 59.803871], [-161.779425, 59.803804], [-161.779446, 59.803717], [-161.779514, 59.803632], [-161.779608, 59.803558], [-161.77977, 59.803493], [-161.77995, 59.803439], [-161.780124, 59.803415], [-161.780301, 59.803397], [-161.780502, 59.80338], [-161.780682, 59.803367], [-161.780862, 59.803359], [-161.781042, 59.803359], [-161.781201, 59.803371], [-161.781342, 59.803392], [-161.781467, 59.803419], [-161.781595, 59.803453], [-161.78172, 59.803493], [-161.781845, 59.803539], [-161.781967, 59.803587], [-161.782086, 59.803633], [-161.782208, 59.803677], [-161.78233, 59.803716], [-161.782452, 59.803769], [-161.782547, 59.803825], [-161.782614, 59.803887], [-161.782654, 59.803957], [-161.782672, 59.804033], [-161.782663, 59.804163], [-161.782648, 59.804293], [-161.782626, 59.804424], [-161.782584, 59.804569], [-161.782523, 59.804713], [-161.782449, 59.804789], [-161.782355, 59.804877], [-161.782251, 59.804981], [-161.782172, 59.805074], [-161.78212, 59.80517], [-161.782098, 59.805269], [-161.782144, 59.805366], [-161.782227, 59.805444], [-161.78233, 59.805516], [-161.782452, 59.805582], [-161.782611, 59.805653], [-161.782767, 59.805725], [-161.782919, 59.805817], [-161.783066, 59.805927], [-161.783197, 59.806042], [-161.783292, 59.806155], [-161.783368, 59.806255], [-161.783444, 59.806338], [-161.783521, 59.806405], [-161.783606, 59.80647], [-161.783698, 59.806533], [-161.783795, 59.806594], [-161.783893, 59.806654], [-161.783987, 59.806717], [-161.78407, 59.806782], [-161.784158, 59.806879], [-161.784229, 59.806995], [-161.784283, 59.807115], [-161.784326, 59.807236], [-161.784396, 59.807384], [-161.78446, 59.807501], [-161.784555, 59.807613], [-161.784665, 59.807722], [-161.78479, 59.807828], [-161.784903, 59.807903], [-161.785019, 59.807975], [-161.785126, 59.808033], [-161.785239, 59.808088], [-161.785361, 59.808141], [-161.785483, 59.808192], [-161.785611, 59.808241], [-161.785764, 59.808301], [-161.785919, 59.808358], [-161.786108, 59.808408], [-161.786304, 59.808447], [-161.786526, 59.808464], [-161.786728, 59.808454], [-161.786929, 59.808428], [-161.787122, 59.808382], [-161.787335, 59.808318], [-161.787518, 59.808253], [-161.787729, 59.808179], [-161.787943, 59.808109], [-161.788135, 59.808053], [-161.788324, 59.807997], [-161.788507, 59.807939], [-161.788651, 59.807883], [-161.788779, 59.807816], [-161.788913, 59.807729], [-161.789017, 59.807635], [-161.78909, 59.80754], [-161.78913, 59.807451], [-161.78913, 59.80737], [-161.789075, 59.807307], [-161.788989, 59.807261], [-161.78891, 59.807214], [-161.788849, 59.807148], [-161.788754, 59.807054], [-161.788654, 59.806959], [-161.788541, 59.806864], [-161.788412, 59.806771], [-161.788263, 59.806694], [-161.78815, 59.806638], [-161.788031, 59.806565], [-161.787973, 59.806473], [-161.787958, 59.806384], [-161.787979, 59.806283], [-161.788019, 59.806179], [-161.788086, 59.806078], [-161.788113, 59.805997], [-161.788113, 59.805914], [-161.788065, 59.805853], [-161.788, 59.805805], [-161.787912, 59.805791], [-161.787808, 59.805795], [-161.787695, 59.805801], [-161.787634, 59.805814], [-161.787604, 59.805819], [-161.787601, 59.805804], [-161.787622, 59.805791], [-161.787659, 59.805767], [-161.787714, 59.805736], [-161.787766, 59.805706], [-161.787784, 59.805694], [-161.787802, 59.805689], [-161.787839, 59.805698], [-161.787857, 59.805715], [-161.787881, 59.805733], [-161.787964, 59.80573], [-161.788058, 59.805692], [-161.788144, 59.805647], [-161.788223, 59.805583], [-161.7883, 59.805497], [-161.788361, 59.805414], [-161.788425, 59.805336], [-161.788489, 59.80526], [-161.788559, 59.805183], [-161.788638, 59.805115], [-161.788727, 59.805046], [-161.788828, 59.804971], [-161.788937, 59.804893], [-161.78905, 59.804826], [-161.789163, 59.804771], [-161.789285, 59.80472], [-161.789404, 59.804686], [-161.789539, 59.804663], [-161.789682, 59.804652], [-161.789838, 59.804651], [-161.789996, 59.804658], [-161.790155, 59.804665], [-161.790335, 59.804656], [-161.790512, 59.804636], [-161.79071, 59.804601], [-161.790909, 59.804561], [-161.791104, 59.804523], [-161.791272, 59.804503], [-161.791461, 59.804504], [-161.791617, 59.804527], [-161.791766, 59.804561], [-161.79191, 59.804604], [-161.792078, 59.804662], [-161.792221, 59.804714], [-161.792395, 59.804795], [-161.792578, 59.804892], [-161.792761, 59.80499], [-161.792917, 59.805081], [-161.793073, 59.80517], [-161.793231, 59.805235], [-161.793387, 59.805276], [-161.793549, 59.80531], [-161.793716, 59.805335], [-161.793887, 59.805352], [-161.794034, 59.805356], [-161.794177, 59.805355], [-161.794324, 59.80535], [-161.79447, 59.805341], [-161.794647, 59.805331], [-161.794824, 59.80532], [-161.795004, 59.80531], [-161.795212, 59.80531], [-161.79541, 59.805321], [-161.795572, 59.805345], [-161.795718, 59.805383], [-161.79585, 59.805434], [-161.795938, 59.80549], [-161.796021, 59.80555], [-161.7961, 59.805612], [-161.796182, 59.805675], [-161.796265, 59.805737], [-161.796368, 59.805811], [-161.796475, 59.805885], [-161.796579, 59.805959], [-161.796674, 59.806035], [-161.796759, 59.806112], [-161.796799, 59.806193], [-161.796811, 59.806275], [-161.796777, 59.806372], [-161.79668, 59.806494], [-161.796558, 59.806615], [-161.796423, 59.806722], [-161.79628, 59.80683], [-161.796121, 59.806936], [-161.79599, 59.807013], [-161.795847, 59.807083], [-161.795691, 59.807146], [-161.795523, 59.807201], [-161.795374, 59.807239], [-161.795206, 59.807291], [-161.795053, 59.807352], [-161.794931, 59.807437], [-161.794885, 59.807556], [-161.794891, 59.807677], [-161.794998, 59.807794], [-161.795163, 59.80792], [-161.795349, 59.808027], [-161.795508, 59.808105], [-161.795654, 59.808187], [-161.795752, 59.808263], [-161.795789, 59.80836], [-161.795804, 59.808459], [-161.795807, 59.808563], [-161.79581, 59.808668], [-161.795822, 59.808772], [-161.795871, 59.808846], [-161.795938, 59.808919], [-161.796051, 59.809039], [-161.796176, 59.809177], [-161.796301, 59.809315], [-161.796426, 59.809456], [-161.796555, 59.809596], [-161.796674, 59.809701], [-161.796796, 59.809786], [-161.79693, 59.809868], [-161.797137, 59.809963], [-161.797357, 59.81005], [-161.797568, 59.810116], [-161.797821, 59.810178], [-161.798083, 59.810231], [-161.798322, 59.810266], [-161.798599, 59.8103], [-161.79888, 59.810327], [-161.799124, 59.810342], [-161.799365, 59.810351], [-161.799573, 59.810344], [-161.799744, 59.810325], [-161.799908, 59.8103], [-161.80007, 59.810268], [-161.80025, 59.810217], [-161.800418, 59.810156], [-161.800574, 59.810088], [-161.800726, 59.809997], [-161.800867, 59.8099], [-161.800989, 59.809794], [-161.801105, 59.809686], [-161.801218, 59.809578], [-161.801324, 59.809485], [-161.801431, 59.809392], [-161.801526, 59.809315], [-161.801642, 59.809222], [-161.801752, 59.809126], [-161.801855, 59.809031], [-161.801953, 59.808934], [-161.802045, 59.808836], [-161.802124, 59.808737], [-161.802206, 59.808639], [-161.802313, 59.80853], [-161.802432, 59.808426], [-161.802563, 59.808329], [-161.802698, 59.808256], [-161.802881, 59.808186], [-161.803058, 59.808139], [-161.803241, 59.808097], [-161.80343, 59.808057], [-161.803622, 59.808018], [-161.803812, 59.807971], [-161.804001, 59.807924], [-161.804193, 59.807876], [-161.804385, 59.807827], [-161.804578, 59.807778], [-161.804739, 59.807738], [-161.804898, 59.807693], [-161.805054, 59.807645], [-161.805258, 59.807568], [-161.805463, 59.807492], [-161.805774, 59.807402], [-161.806091, 59.807319], [-161.806415, 59.807243], [-161.806693, 59.8072], [-161.806973, 59.807161], [-161.807153, 59.807143], [-161.807333, 59.807126], [-161.807513, 59.80711], [-161.807693, 59.807098], [-161.807874, 59.807092], [-161.808054, 59.807093], [-161.808224, 59.807101], [-161.808389, 59.807118], [-161.808545, 59.807143], [-161.808691, 59.807175], [-161.808826, 59.80721], [-161.80896, 59.807246], [-161.809088, 59.807286], [-161.80925, 59.807347], [-161.809406, 59.80741], [-161.809555, 59.807478], [-161.809692, 59.807552], [-161.809818, 59.807628], [-161.809891, 59.807687], [-161.809952, 59.807748], [-161.810007, 59.807824], [-161.810059, 59.807915], [-161.810107, 59.80802], [-161.81015, 59.80814], [-161.810181, 59.80826], [-161.810184, 59.808378], [-161.810159, 59.808495], [-161.810117, 59.808597], [-161.810059, 59.808685], [-161.809998, 59.808772], [-161.809933, 59.808858], [-161.809854, 59.808955], [-161.809772, 59.809052], [-161.809692, 59.809148], [-161.809613, 59.809248], [-161.809543, 59.809335], [-161.809488, 59.809417], [-161.809439, 59.809515], [-161.809402, 59.809616], [-161.809381, 59.809719], [-161.809375, 59.809825], [-161.809393, 59.809917], [-161.809424, 59.809994], [-161.809454, 59.810072], [-161.809488, 59.810165], [-161.809531, 59.810274], [-161.809607, 59.810413], [-161.809723, 59.810561], [-161.809891, 59.810713], [-161.810144, 59.81085], [-161.810446, 59.810951], [-161.81077, 59.810995], [-161.811075, 59.811008], [-161.811383, 59.810982], [-161.811624, 59.81093], [-161.811856, 59.810859], [-161.8121, 59.810764], [-161.812357, 59.81065], [-161.812567, 59.810538], [-161.812762, 59.810403], [-161.812903, 59.810272], [-161.812973, 59.81016], [-161.813013, 59.810059], [-161.813071, 59.809941], [-161.813129, 59.809841], [-161.813205, 59.809743], [-161.813293, 59.809647], [-161.813391, 59.809552], [-161.813474, 59.809475], [-161.813559, 59.809399], [-161.813715, 59.809262], [-161.813898, 59.809116], [-161.814087, 59.808973], [-161.814319, 59.808827], [-161.814594, 59.808677], [-161.814804, 59.808591], [-161.814996, 59.808519], [-161.815219, 59.808437], [-161.815411, 59.808362], [-161.815598, 59.808284], [-161.815784, 59.808205], [-161.815964, 59.808122], [-161.816107, 59.808046], [-161.816248, 59.807949], [-161.816357, 59.80786], [-161.816516, 59.807738], [-161.816708, 59.807604], [-161.816913, 59.807475], [-161.817126, 59.807368], [-161.817352, 59.80727], [-161.817542, 59.807214], [-161.81778, 59.807191], [-161.818045, 59.807198], [-161.818301, 59.807224], [-161.818542, 59.807272], [-161.818765, 59.807355], [-161.818884, 59.807449], [-161.818945, 59.80754], [-161.818988, 59.807654], [-161.819043, 59.807785], [-161.819089, 59.807901], [-161.819162, 59.808033], [-161.819263, 59.808162], [-161.819449, 59.808279], [-161.819638, 59.808372], [-161.819852, 59.808453], [-161.820068, 59.808511], [-161.820279, 59.808569], [-161.820447, 59.80863], [-161.820615, 59.808694], [-161.820782, 59.808758], [-161.820953, 59.808817], [-161.82114, 59.808869], [-161.821313, 59.808897], [-161.82149, 59.80892], [-161.821704, 59.808941], [-161.821918, 59.80896], [-161.822131, 59.808978], [-161.822382, 59.808994], [-161.822632, 59.809006], [-161.822849, 59.80901], [-161.823099, 59.809], [-161.823346, 59.808978], [-161.82355, 59.808943], [-161.823746, 59.808898], [-161.82395, 59.808827], [-161.824109, 59.808752], [-161.824252, 59.808633], [-161.824359, 59.808507], [-161.824429, 59.808337], [-161.824429, 59.808162], [-161.824393, 59.807986], [-161.824326, 59.807845], [-161.824258, 59.807705], [-161.824216, 59.807586], [-161.824213, 59.807486], [-161.824246, 59.807388], [-161.82431, 59.807292], [-161.824402, 59.807198], [-161.8245, 59.807124], [-161.824652, 59.807026], [-161.824811, 59.80693], [-161.824979, 59.806837], [-161.825153, 59.806749], [-161.825333, 59.806664], [-161.825467, 59.806606], [-161.825601, 59.806548], [-161.825763, 59.806479], [-161.825925, 59.806409], [-161.826086, 59.80634], [-161.826251, 59.806271], [-161.82644, 59.806189], [-161.82663, 59.806108], [-161.826822, 59.806028], [-161.827017, 59.80595], [-161.827216, 59.805876], [-161.827396, 59.805819], [-161.827551, 59.805779], [-161.82771, 59.805744], [-161.827872, 59.805717], [-161.82804, 59.805697], [-161.828207, 59.805687], [-161.828409, 59.805692], [-161.828607, 59.805709], [-161.828799, 59.805737], [-161.828983, 59.805773], [-161.829184, 59.805829], [-161.829391, 59.805911], [-161.829666, 59.806053], [-161.829929, 59.8062], [-161.830182, 59.806352], [-161.830417, 59.806509], [-161.830612, 59.806654], [-161.830719, 59.806741], [-161.830826, 59.806837], [-161.830905, 59.806936], [-161.830939, 59.807014], [-161.830936, 59.807086], [-161.830914, 59.807158], [-161.830893, 59.8072], [-161.830899, 59.807224], [-161.830923, 59.807232], [-161.830939, 59.807218], [-161.830981, 59.80718], [-161.831027, 59.807137], [-161.831076, 59.807099], [-161.831155, 59.807084], [-161.831268, 59.80708], [-161.831387, 59.807098], [-161.831516, 59.807133], [-161.83165, 59.807172], [-161.831812, 59.807197], [-161.831989, 59.807213], [-161.832208, 59.807216], [-161.832431, 59.807204], [-161.832654, 59.807176], [-161.832837, 59.807136], [-161.833017, 59.807086], [-161.833157, 59.807033], [-161.833298, 59.806977], [-161.833478, 59.806915], [-161.833667, 59.806855], [-161.833862, 59.806799], [-161.834064, 59.806744], [-161.834271, 59.806693], [-161.834445, 59.806652], [-161.834659, 59.806603], [-161.834909, 59.806548], [-161.835165, 59.806496], [-161.835422, 59.806448], [-161.835681, 59.8064], [-161.835907, 59.806364], [-161.836136, 59.806335], [-161.836365, 59.806308], [-161.836597, 59.806285], [-161.836829, 59.806268], [-161.837057, 59.806261], [-161.837247, 59.806268], [-161.837427, 59.806288], [-161.837598, 59.806322], [-161.837781, 59.806384], [-161.837967, 59.806493], [-161.838156, 59.806647], [-161.838333, 59.806808], [-161.838501, 59.806972], [-161.838675, 59.807131], [-161.838843, 59.807246], [-161.839005, 59.807312], [-161.839203, 59.807355], [-161.839395, 59.807374], [-161.839545, 59.807356], [-161.839667, 59.807319], [-161.839752, 59.807263], [-161.839767, 59.807185], [-161.839752, 59.807104], [-161.839703, 59.807023], [-161.839597, 59.806933], [-161.839471, 59.806844], [-161.839328, 59.806754], [-161.839194, 59.80666], [-161.839078, 59.806541], [-161.83902, 59.806428], [-161.838995, 59.80631], [-161.83902, 59.806207], [-161.839066, 59.806104], [-161.839136, 59.806021], [-161.839224, 59.805944], [-161.839331, 59.805874], [-161.839453, 59.805814], [-161.839594, 59.805766], [-161.839746, 59.805733], [-161.839908, 59.805714], [-161.84007, 59.805708], [-161.840234, 59.805712], [-161.840393, 59.805727], [-161.84061, 59.805765], [-161.840823, 59.805806], [-161.84104, 59.805848], [-161.841257, 59.805891], [-161.841479, 59.805933], [-161.841641, 59.805958], [-161.841803, 59.805984], [-161.841965, 59.806014], [-161.842126, 59.806046], [-161.842288, 59.806077], [-161.842453, 59.806107], [-161.842624, 59.806131], [-161.842801, 59.806148], [-161.842981, 59.806155], [-161.843161, 59.806152], [-161.843338, 59.806135], [-161.843512, 59.806106], [-161.843674, 59.806066], [-161.84386, 59.806008], [-161.844046, 59.805951], [-161.844238, 59.805901], [-161.844431, 59.805864], [-161.844632, 59.805842], [-161.844806, 59.805845], [-161.84498, 59.805857], [-161.845154, 59.805875], [-161.845364, 59.805904], [-161.845609, 59.805949], [-161.845853, 59.805999], [-161.846097, 59.806056], [-161.846402, 59.806139], [-161.846658, 59.806224], [-161.846863, 59.806306], [-161.847043, 59.806396], [-161.847198, 59.806493], [-161.847263, 59.806576], [-161.847305, 59.806683], [-161.847324, 59.806791], [-161.847321, 59.8069], [-161.847296, 59.807008], [-161.84725, 59.807117], [-161.847195, 59.807205], [-161.847137, 59.807294], [-161.847089, 59.807382], [-161.847058, 59.807471], [-161.847052, 59.807559], [-161.847079, 59.807665], [-161.847131, 59.807771], [-161.847198, 59.807875], [-161.847275, 59.807979], [-161.847354, 59.808083], [-161.847421, 59.80817], [-161.847491, 59.808256], [-161.847568, 59.808341], [-161.84765, 59.808427], [-161.847742, 59.80851], [-161.847836, 59.808593], [-161.847922, 59.808678], [-161.848013, 59.808783], [-161.848111, 59.808907], [-161.848199, 59.809032], [-161.848288, 59.809157], [-161.848386, 59.80928], [-161.84848, 59.809383], [-161.848566, 59.809466], [-161.848685, 59.809561], [-161.848816, 59.809653], [-161.848956, 59.809743], [-161.849103, 59.80983], [-161.849261, 59.809911], [-161.849445, 59.809972], [-161.849637, 59.810022], [-161.849838, 59.810058], [-161.850049, 59.810079], [-161.850305, 59.810083], [-161.850528, 59.810072], [-161.850751, 59.810052], [-161.850974, 59.810028], [-161.851196, 59.81], [-161.851376, 59.809973], [-161.851559, 59.809948], [-161.851743, 59.809927], [-161.851929, 59.809912], [-161.852115, 59.809905], [-161.852304, 59.809908], [-161.852487, 59.809919], [-161.852667, 59.809939], [-161.852869, 59.809979], [-161.853058, 59.81003], [-161.853229, 59.810093], [-161.853378, 59.810166], [-161.853503, 59.810249], [-161.853577, 59.810328], [-161.853632, 59.810412], [-161.853671, 59.810498], [-161.853702, 59.810586], [-161.853714, 59.810692], [-161.853696, 59.810815], [-161.853671, 59.810938], [-161.853665, 59.811076], [-161.853674, 59.811212], [-161.853735, 59.811343], [-161.853842, 59.81145], [-161.854013, 59.811554], [-161.854196, 59.811627], [-161.854398, 59.811687], [-161.85459, 59.811718], [-161.854797, 59.81174], [-161.855051, 59.81175], [-161.855307, 59.811758], [-161.855563, 59.811764], [-161.855826, 59.811768], [-161.856085, 59.811768], [-161.856271, 59.811765], [-161.856458, 59.811756], [-161.856641, 59.811742], [-161.856815, 59.811718], [-161.856982, 59.811682], [-161.857138, 59.811636], [-161.857285, 59.81158], [-161.857428, 59.811518], [-161.857571, 59.811456], [-161.857748, 59.811385], [-161.857935, 59.81132], [-161.858127, 59.811258], [-161.858319, 59.811198], [-161.858551, 59.811137], [-161.858789, 59.8111], [-161.859067, 59.811073], [-161.859378, 59.811046], [-161.859692, 59.811021], [-161.859961, 59.811], [-161.860178, 59.810962], [-161.860336, 59.810909], [-161.860431, 59.810833], [-161.860486, 59.810749], [-161.860501, 59.810661], [-161.860455, 59.810563], [-161.860367, 59.810471], [-161.860181, 59.8104], [-161.859973, 59.810336], [-161.859747, 59.810262], [-161.859552, 59.810194], [-161.859381, 59.81012], [-161.85932, 59.810029], [-161.859305, 59.809933], [-161.859348, 59.809849], [-161.859427, 59.809767], [-161.85954, 59.809689], [-161.859668, 59.809631], [-161.859814, 59.80958], [-161.859973, 59.809538], [-161.860144, 59.809505], [-161.860324, 59.809481], [-161.860544, 59.809457], [-161.86076, 59.809435], [-161.860977, 59.809413], [-161.861191, 59.809396], [-161.861395, 59.809386], [-161.861566, 59.809411], [-161.861722, 59.809452], [-161.861865, 59.809507], [-161.862, 59.80957], [-161.862131, 59.809631], [-161.862259, 59.80967], [-161.862402, 59.809699], [-161.862552, 59.809715], [-161.862711, 59.809721], [-161.862875, 59.809718], [-161.863107, 59.809706], [-161.863339, 59.809695], [-161.863574, 59.80969], [-161.863809, 59.809692], [-161.864044, 59.809704], [-161.864246, 59.809733], [-161.864447, 59.809764], [-161.864682, 59.809798], [-161.86492, 59.809828], [-161.865158, 59.809854], [-161.865366, 59.809869], [-161.865573, 59.809883], [-161.865747, 59.809893], [-161.865985, 59.809914], [-161.86622, 59.80994], [-161.866443, 59.809976], [-161.866656, 59.810024], [-161.866861, 59.810082], [-161.866986, 59.81014], [-161.867123, 59.81022], [-161.867255, 59.810301], [-161.867383, 59.810384], [-161.867511, 59.810466], [-161.867645, 59.810545], [-161.867758, 59.810608], [-161.867874, 59.810669], [-161.867987, 59.810747], [-161.868066, 59.810865], [-161.868121, 59.810993], [-161.86817, 59.811171], [-161.868216, 59.811376], [-161.868259, 59.81157], [-161.868329, 59.811728], [-161.868417, 59.811883], [-161.868503, 59.811994], [-161.868573, 59.812083], [-161.868628, 59.812169], [-161.868668, 59.812254], [-161.868683, 59.812341], [-161.868674, 59.812425], [-161.86864, 59.812526], [-161.868604, 59.812627], [-161.868564, 59.81273], [-161.86853, 59.812833], [-161.868524, 59.812955], [-161.868555, 59.813059], [-161.86861, 59.81316], [-161.868686, 59.813258], [-161.868781, 59.813352], [-161.868881, 59.813426], [-161.869028, 59.813531], [-161.869171, 59.813638], [-161.869315, 59.813744], [-161.869482, 59.813866], [-161.86965, 59.813988], [-161.869778, 59.814079], [-161.86991, 59.814168], [-161.870062, 59.814269], [-161.87019, 59.814353], [-161.870325, 59.814432], [-161.870465, 59.8145], [-161.870679, 59.81455], [-161.870877, 59.814567], [-161.871085, 59.814565], [-161.871292, 59.814547], [-161.871497, 59.814515], [-161.871631, 59.814475], [-161.871786, 59.814423], [-161.871942, 59.814377], [-161.872125, 59.814351], [-161.872311, 59.814337], [-161.872504, 59.814342], [-161.872681, 59.814371], [-161.872852, 59.81441], [-161.872995, 59.814446], [-161.873163, 59.814487], [-161.873328, 59.814518], [-161.873486, 59.814533], [-161.873672, 59.814521], [-161.873856, 59.814493], [-161.874017, 59.814454], [-161.874182, 59.814421], [-161.874347, 59.814402], [-161.874515, 59.814417], [-161.874677, 59.814452], [-161.874857, 59.814511], [-161.875034, 59.814571], [-161.875214, 59.814629], [-161.875369, 59.814668], [-161.875537, 59.81469], [-161.875684, 59.814685], [-161.87583, 59.814671], [-161.875974, 59.814645], [-161.876108, 59.81461], [-161.876233, 59.814568], [-161.876352, 59.81452], [-161.876465, 59.814468], [-161.876602, 59.814413], [-161.876749, 59.81437], [-161.876901, 59.814342], [-161.877057, 59.814332], [-161.877234, 59.814352], [-161.877396, 59.814407], [-161.877545, 59.814472], [-161.877689, 59.814546], [-161.877847, 59.81464], [-161.877988, 59.814745], [-161.878104, 59.814841], [-161.878223, 59.814937], [-161.878348, 59.815029], [-161.878464, 59.815098], [-161.878583, 59.815133], [-161.878717, 59.815146], [-161.878848, 59.815135], [-161.878961, 59.815103], [-161.879053, 59.815056], [-161.879126, 59.814998], [-161.879181, 59.814932], [-161.879236, 59.814848], [-161.8793, 59.814763], [-161.879376, 59.81468], [-161.879471, 59.814606], [-161.879587, 59.814547], [-161.879715, 59.814522], [-161.879852, 59.814517], [-161.879996, 59.814534], [-161.880139, 59.814567], [-161.880325, 59.814634], [-161.880539, 59.814713], [-161.880759, 59.814788], [-161.880984, 59.814851], [-161.881213, 59.814901], [-161.881396, 59.814911], [-161.881549, 59.814896], [-161.881689, 59.814868], [-161.881824, 59.814816], [-161.881943, 59.814754], [-161.882056, 59.814688], [-161.882169, 59.814626], [-161.882288, 59.814574], [-161.88241, 59.81455], [-161.882571, 59.814551], [-161.882736, 59.814569], [-161.882898, 59.814602], [-161.883054, 59.814647], [-161.8832, 59.814703], [-161.883313, 59.814758], [-161.883426, 59.814815], [-161.883542, 59.814872], [-161.883667, 59.814924], [-161.883801, 59.814967], [-161.883972, 59.814993], [-161.884143, 59.815002], [-161.884305, 59.814989], [-161.884442, 59.814957], [-161.884549, 59.814908], [-161.884583, 59.814835], [-161.884576, 59.814757], [-161.884537, 59.814676], [-161.884485, 59.814577], [-161.884473, 59.814448], [-161.884552, 59.814315], [-161.884677, 59.814191], [-161.884851, 59.814079], [-161.885062, 59.814001], [-161.885263, 59.813975], [-161.885443, 59.813997], [-161.885617, 59.814034], [-161.885785, 59.814081], [-161.886017, 59.814142], [-161.886249, 59.814193], [-161.886453, 59.814219], [-161.886652, 59.814222], [-161.886835, 59.814201], [-161.886929, 59.814133], [-161.886993, 59.814053], [-161.887033, 59.813965], [-161.887067, 59.813873], [-161.887131, 59.813768], [-161.887219, 59.813686], [-161.887338, 59.813618], [-161.887485, 59.813567], [-161.88765, 59.813539], [-161.887796, 59.813547], [-161.887961, 59.813584], [-161.88812, 59.813637], [-161.888303, 59.8137], [-161.888519, 59.813754], [-161.888773, 59.813792], [-161.889108, 59.81376], [-161.889438, 59.813703], [-161.889752, 59.813605], [-161.890018, 59.813494], [-161.890237, 59.813358], [-161.890323, 59.81325], [-161.890375, 59.813091], [-161.890417, 59.812935], [-161.890472, 59.81279], [-161.890543, 59.812673], [-161.890643, 59.812566], [-161.890787, 59.812514], [-161.890927, 59.812478], [-161.891058, 59.812433], [-161.891165, 59.812376], [-161.891238, 59.812292], [-161.891254, 59.812185], [-161.891226, 59.812071], [-161.891171, 59.811934], [-161.891116, 59.811795], [-161.891077, 59.811674], [-161.891086, 59.811567], [-161.891144, 59.811444], [-161.891232, 59.811343], [-161.891339, 59.811245], [-161.891461, 59.811151], [-161.891623, 59.811052], [-161.891782, 59.810975], [-161.891949, 59.810902], [-161.892151, 59.81082], [-161.892352, 59.81074], [-161.892523, 59.810669], [-161.892703, 59.81058], [-161.89288, 59.810468], [-161.893005, 59.810361], [-161.893112, 59.810249], [-161.893195, 59.810133], [-161.893234, 59.810027], [-161.893219, 59.809921], [-161.893173, 59.809822], [-161.893094, 59.80973], [-161.892984, 59.809645], [-161.89285, 59.809567], [-161.892722, 59.809509], [-161.892599, 59.809449], [-161.892496, 59.809383], [-161.892422, 59.80931], [-161.892407, 59.809222], [-161.892435, 59.809138], [-161.892578, 59.809085], [-161.892758, 59.809055], [-161.892963, 59.809047], [-161.893185, 59.809084], [-161.893402, 59.809142], [-161.89353, 59.8092], [-161.89364, 59.809267], [-161.893735, 59.809342], [-161.893799, 59.809412], [-161.893903, 59.80948], [-161.894119, 59.809528], [-161.894388, 59.809547], [-161.894693, 59.809533], [-161.89501, 59.809478], [-161.895273, 59.809396], [-161.895413, 59.809305], [-161.895502, 59.809213], [-161.895563, 59.809132], [-161.895621, 59.809072], [-161.895734, 59.809016], [-161.895874, 59.808966], [-161.89603, 59.80892], [-161.896188, 59.808872], [-161.896347, 59.80882], [-161.896509, 59.808765], [-161.896744, 59.808717], [-161.897018, 59.808673], [-161.897324, 59.808621], [-161.897623, 59.808567], [-161.89787, 59.808513], [-161.898013, 59.808445], [-161.898083, 59.808368], [-161.898077, 59.808282], [-161.898047, 59.808193], [-161.898013, 59.808105], [-161.898019, 59.808013], [-161.898062, 59.807932], [-161.89819, 59.80787], [-161.898355, 59.807822], [-161.898694, 59.807803], [-161.899033, 59.807805], [-161.89938, 59.807812], [-161.899734, 59.80783], [-161.900092, 59.807852], [-161.900311, 59.80786], [-161.900528, 59.807863], [-161.900745, 59.807863], [-161.900928, 59.807858], [-161.901111, 59.807851], [-161.901288, 59.807847], [-161.901465, 59.807849], [-161.901642, 59.807856], [-161.901816, 59.807865], [-161.901987, 59.807873], [-161.902194, 59.807849], [-161.90239, 59.807794], [-161.902545, 59.807707], [-161.902652, 59.807607], [-161.902643, 59.807474], [-161.902563, 59.807355], [-161.902472, 59.807253], [-161.902399, 59.807168], [-161.902377, 59.807069], [-161.902463, 59.806995], [-161.902573, 59.806922], [-161.902698, 59.806852], [-161.902835, 59.806788], [-161.902988, 59.806747], [-161.903156, 59.806739], [-161.903314, 59.806754], [-161.90347, 59.806789], [-161.903625, 59.806837], [-161.90376, 59.806887], [-161.903879, 59.806912], [-161.904004, 59.806915], [-161.904123, 59.806896], [-161.904233, 59.806857], [-161.90433, 59.806805], [-161.904425, 59.806743], [-161.90452, 59.806674], [-161.90462, 59.806602], [-161.904727, 59.806506], [-161.904825, 59.806406], [-161.90491, 59.806301], [-161.904987, 59.806194], [-161.90506, 59.806068], [-161.905118, 59.805965], [-161.905188, 59.805852], [-161.90527, 59.805748], [-161.905365, 59.805657], [-161.905469, 59.805599], [-161.905588, 59.80556], [-161.905713, 59.805553], [-161.905841, 59.805563], [-161.905991, 59.805597], [-161.906158, 59.805641], [-161.906345, 59.805668], [-161.906516, 59.80568], [-161.90668, 59.805676], [-161.906851, 59.805636], [-161.90701, 59.805588], [-161.907156, 59.805555], [-161.907324, 59.805531], [-161.907541, 59.805505], [-161.907733, 59.805484], [-161.907916, 59.805451], [-161.908127, 59.805397], [-161.908337, 59.805338], [-161.908514, 59.805289], [-161.908698, 59.805248], [-161.90889, 59.80522], [-161.909058, 59.805214], [-161.909225, 59.805219], [-161.909393, 59.805231], [-161.909555, 59.805251], [-161.909711, 59.805281], [-161.909857, 59.80532], [-161.91001, 59.8054], [-161.910135, 59.805491], [-161.910242, 59.805605], [-161.910333, 59.805736], [-161.910406, 59.805869], [-161.910452, 59.805968], [-161.910501, 59.806062], [-161.910553, 59.806136], [-161.910602, 59.806193], [-161.910687, 59.806272], [-161.910779, 59.806354], [-161.910876, 59.806431], [-161.91098, 59.806499], [-161.91113, 59.806572], [-161.911252, 59.806615], [-161.911371, 59.806647], [-161.911496, 59.806676], [-161.911621, 59.806707], [-161.911713, 59.806725], [-161.911807, 59.80674], [-161.911926, 59.806752], [-161.912045, 59.806761], [-161.912167, 59.806767], [-161.912311, 59.80677], [-161.912454, 59.806773], [-161.912576, 59.806773], [-161.912695, 59.806772], [-161.912842, 59.806767], [-161.912961, 59.806759], [-161.913083, 59.806745], [-161.913211, 59.806728], [-161.913345, 59.806706], [-161.913458, 59.806683], [-161.913583, 59.806657], [-161.913715, 59.806629], [-161.913852, 59.806599], [-161.913989, 59.806564], [-161.914127, 59.806527], [-161.914261, 59.806484], [-161.914392, 59.806437], [-161.914517, 59.806385], [-161.9147, 59.806289], [-161.914874, 59.806187], [-161.915039, 59.806082], [-161.915195, 59.805974], [-161.915335, 59.805862], [-161.915399, 59.805788], [-161.915439, 59.805699], [-161.915436, 59.805598], [-161.915399, 59.8055], [-161.915332, 59.805407], [-161.915231, 59.805321], [-161.915109, 59.805256], [-161.914957, 59.805201], [-161.914798, 59.805145], [-161.914639, 59.805086], [-161.914496, 59.805019], [-161.914374, 59.804944], [-161.91431, 59.804868], [-161.91427, 59.804788], [-161.914255, 59.804705], [-161.914258, 59.80462], [-161.914279, 59.804537], [-161.914319, 59.804456], [-161.914395, 59.804362], [-161.914505, 59.804254], [-161.914651, 59.804135], [-161.914807, 59.804018], [-161.914987, 59.803889], [-161.915152, 59.803778], [-161.915295, 59.803683], [-161.915405, 59.8036], [-161.915488, 59.803515], [-161.915515, 59.803442], [-161.915509, 59.803369], [-161.915469, 59.803297], [-161.915399, 59.803232], [-161.915311, 59.803172], [-161.91521, 59.803116], [-161.915042, 59.803049], [-161.914871, 59.802984], [-161.914706, 59.802915], [-161.914557, 59.802841], [-161.914429, 59.80276], [-161.914383, 59.802689], [-161.914365, 59.802614], [-161.914377, 59.802538], [-161.914474, 59.802454], [-161.914633, 59.802393], [-161.914816, 59.802356], [-161.915015, 59.802344], [-161.915222, 59.802356], [-161.915378, 59.802402], [-161.915506, 59.80245], [-161.915637, 59.802492], [-161.915814, 59.802524], [-161.915997, 59.802541], [-161.916183, 59.802541], [-161.916382, 59.802508], [-161.916571, 59.802441], [-161.916693, 59.802358], [-161.916779, 59.802245], [-161.916846, 59.802107], [-161.916916, 59.801971], [-161.916992, 59.801864], [-161.917096, 59.801775], [-161.917258, 59.801732], [-161.917438, 59.801728], [-161.917654, 59.801779], [-161.917914, 59.801874], [-161.91817, 59.801978], [-161.918439, 59.802088], [-161.918777, 59.802184], [-161.919061, 59.802237], [-161.919299, 59.802236], [-161.91954, 59.80221], [-161.919794, 59.802129], [-161.919971, 59.802043], [-161.920178, 59.801952], [-161.920422, 59.80187], [-161.920667, 59.801805], [-161.920859, 59.801788], [-161.921051, 59.801791], [-161.921234, 59.801804], [-161.921371, 59.801776], [-161.921497, 59.801717], [-161.921613, 59.801634], [-161.921719, 59.801532], [-161.921796, 59.801427], [-161.921893, 59.80135], [-161.921973, 59.801287], [-161.922034, 59.801225], [-161.922086, 59.801163], [-161.922119, 59.801096], [-161.922107, 59.801031], [-161.922076, 59.80097], [-161.922031, 59.80091], [-161.921967, 59.800852], [-161.921887, 59.800795], [-161.921814, 59.800736], [-161.921774, 59.800658], [-161.921771, 59.800577], [-161.921893, 59.800488], [-161.922064, 59.800412], [-161.922269, 59.800355], [-161.922519, 59.80034], [-161.922781, 59.800346], [-161.922995, 59.800383], [-161.923239, 59.800412], [-161.923508, 59.800422], [-161.923746, 59.80041], [-161.923984, 59.800383], [-161.924258, 59.800327], [-161.924493, 59.80027], [-161.924692, 59.800216], [-161.924875, 59.800156], [-161.925034, 59.800086], [-161.925079, 59.800005], [-161.925082, 59.799919], [-161.925046, 59.799836], [-161.924973, 59.799752], [-161.924878, 59.799673], [-161.924783, 59.799612], [-161.924695, 59.799549], [-161.924615, 59.799477], [-161.924557, 59.799391], [-161.924551, 59.799306], [-161.9246, 59.799239], [-161.924689, 59.799184], [-161.924872, 59.799136], [-161.925079, 59.799108], [-161.925262, 59.799075], [-161.925415, 59.799007], [-161.925531, 59.798908], [-161.925552, 59.798808], [-161.925531, 59.798706], [-161.925446, 59.798598], [-161.925323, 59.798512], [-161.925183, 59.798447], [-161.925006, 59.798373], [-161.924832, 59.798298], [-161.924695, 59.798227], [-161.924573, 59.798137], [-161.924496, 59.798035], [-161.924515, 59.797942], [-161.924576, 59.797857], [-161.924707, 59.797779], [-161.924878, 59.797726], [-161.925058, 59.797689], [-161.925223, 59.797662], [-161.925394, 59.797635], [-161.92554, 59.797613], [-161.92569, 59.797594], [-161.925839, 59.797584], [-161.925989, 59.797588], [-161.926132, 59.797609], [-161.92627, 59.797649], [-161.926431, 59.797717], [-161.926663, 59.797803], [-161.926968, 59.79789], [-161.927286, 59.797968], [-161.927612, 59.798038], [-161.927914, 59.798087], [-161.928146, 59.798124], [-161.928302, 59.798163], [-161.928442, 59.79821], [-161.928583, 59.79828], [-161.928702, 59.798375], [-161.92879, 59.798476], [-161.928845, 59.798598], [-161.928894, 59.798738], [-161.928931, 59.798862], [-161.929013, 59.798969], [-161.929129, 59.799059], [-161.929282, 59.799112], [-161.929453, 59.799127], [-161.9297, 59.7991], [-161.929947, 59.799036], [-161.930188, 59.798959], [-161.930423, 59.798853], [-161.93063, 59.798739], [-161.930725, 59.798621], [-161.930746, 59.798512], [-161.930725, 59.798402], [-161.930661, 59.798308], [-161.930554, 59.79818], [-161.930453, 59.798013], [-161.930374, 59.797841], [-161.930319, 59.797665], [-161.930322, 59.797475], [-161.93042, 59.797318], [-161.930563, 59.797229], [-161.930777, 59.797158], [-161.931021, 59.797108], [-161.931265, 59.797096], [-161.931485, 59.797113], [-161.931696, 59.797147], [-161.93186, 59.797199], [-161.93201, 59.797266], [-161.932138, 59.797343], [-161.932254, 59.797427], [-161.932385, 59.797536], [-161.93251, 59.797648], [-161.932657, 59.797779], [-161.932809, 59.797909], [-161.932971, 59.798036], [-161.933124, 59.798139], [-161.933337, 59.798239], [-161.933551, 59.798304], [-161.933783, 59.798348], [-161.934024, 59.798371], [-161.934271, 59.798371], [-161.934467, 59.798343], [-161.934671, 59.79828], [-161.934851, 59.798203], [-161.935016, 59.79809], [-161.935147, 59.797944], [-161.935251, 59.797788], [-161.935303, 59.797643], [-161.935333, 59.797495], [-161.935333, 59.797365], [-161.935321, 59.797255], [-161.935284, 59.797124], [-161.935236, 59.796992], [-161.935187, 59.796838], [-161.93515, 59.796682], [-161.935129, 59.796527], [-161.935144, 59.796395], [-161.935196, 59.796267], [-161.935278, 59.796167], [-161.935388, 59.796077], [-161.935526, 59.795999], [-161.935687, 59.795938], [-161.935864, 59.795895], [-161.93609, 59.795874], [-161.93631, 59.795868], [-161.936517, 59.795875], [-161.936707, 59.795889], [-161.936908, 59.795916], [-161.937051, 59.795947], [-161.937186, 59.795985], [-161.937317, 59.796029], [-161.937473, 59.796085], [-161.937595, 59.796134], [-161.93772, 59.79618], [-161.937845, 59.796222], [-161.937967, 59.796259], [-161.938055, 59.796288], [-161.938104, 59.796294], [-161.938116, 59.796281], [-161.938107, 59.79627], [-161.938086, 59.796265], [-161.938028, 59.796263], [-161.937955, 59.796275], [-161.937857, 59.796274], [-161.937778, 59.796262], [-161.937714, 59.796243], [-161.937689, 59.796217], [-161.937735, 59.796202], [-161.937836, 59.796201], [-161.937906, 59.796197], [-161.937936, 59.796187], [-161.937936, 59.796178], [-161.937906, 59.796168], [-161.937878, 59.796175], [-161.937881, 59.796184], [-161.937912, 59.796204], [-161.93797, 59.796227], [-161.93804, 59.796246], [-161.938135, 59.796284], [-161.93822, 59.796334], [-161.938312, 59.796393], [-161.938388, 59.796462], [-161.938434, 59.796523], [-161.93844, 59.796532], [-161.938428, 59.796516], [-161.938388, 59.796477], [-161.938339, 59.796413], [-161.938281, 59.796342], [-161.938199, 59.796287], [-161.938113, 59.796253], [-161.938071, 59.796238], [-161.938086, 59.796246], [-161.938171, 59.796279], [-161.938309, 59.796337], [-161.938483, 59.796395], [-161.938644, 59.796448], [-161.93877, 59.796491], [-161.938861, 59.796529], [-161.938934, 59.796568], [-161.939014, 59.796629], [-161.939075, 59.796726], [-161.939117, 59.796829], [-161.93913, 59.796935], [-161.939102, 59.79704], [-161.93902, 59.797123], [-161.938913, 59.797171], [-161.938791, 59.797214], [-161.938669, 59.797254], [-161.938556, 59.797298], [-161.938455, 59.797347], [-161.938373, 59.797405], [-161.938312, 59.79747], [-161.938272, 59.797542], [-161.93826, 59.797617], [-161.938315, 59.797724], [-161.938403, 59.797827], [-161.938522, 59.797924], [-161.938669, 59.798013], [-161.93884, 59.798089], [-161.938995, 59.798122], [-161.939154, 59.79814], [-161.939319, 59.798143], [-161.939484, 59.798131], [-161.939645, 59.798109], [-161.939801, 59.798082], [-161.93996, 59.798055], [-161.940115, 59.798035], [-161.940271, 59.798027], [-161.940445, 59.798037], [-161.94061, 59.798061], [-161.940765, 59.798114], [-161.940897, 59.79818], [-161.941, 59.798256], [-161.941055, 59.798335], [-161.941086, 59.798419], [-161.941083, 59.79851], [-161.941074, 59.798603], [-161.941061, 59.798698], [-161.941052, 59.798795], [-161.941055, 59.798893], [-161.94108, 59.798975], [-161.94115, 59.799065], [-161.941251, 59.799146], [-161.941382, 59.799215], [-161.941537, 59.799268], [-161.941711, 59.799305], [-161.941873, 59.799313], [-161.942035, 59.799306], [-161.942184, 59.799283], [-161.942313, 59.799245], [-161.942422, 59.799174], [-161.942502, 59.799088], [-161.942557, 59.798992], [-161.942612, 59.798871], [-161.942667, 59.798747], [-161.942722, 59.79864], [-161.942789, 59.798532], [-161.942865, 59.798426], [-161.942953, 59.798324], [-161.943045, 59.79822], [-161.943152, 59.7981], [-161.943262, 59.79798], [-161.943378, 59.797864], [-161.943484, 59.797766], [-161.943631, 59.797665], [-161.943811, 59.797582], [-161.944003, 59.79751], [-161.944241, 59.797441], [-161.944489, 59.797382], [-161.944714, 59.797343], [-161.944913, 59.797318], [-161.945117, 59.797301], [-161.945288, 59.797295], [-161.945459, 59.797295], [-161.945633, 59.797298], [-161.945807, 59.797305], [-161.945981, 59.797312], [-161.946155, 59.797319], [-161.946332, 59.797323], [-161.946506, 59.797324], [-161.94668, 59.797318], [-161.946844, 59.797303], [-161.947, 59.797276], [-161.947144, 59.797221], [-161.947253, 59.797152], [-161.947327, 59.797073], [-161.947363, 59.796988], [-161.947342, 59.796888], [-161.94725, 59.796795], [-161.947131, 59.796709], [-161.946985, 59.796631], [-161.946817, 59.796561], [-161.946652, 59.796513], [-161.946503, 59.796479], [-161.946347, 59.796447], [-161.946191, 59.796416], [-161.946033, 59.796383], [-161.945874, 59.796349], [-161.945712, 59.796315], [-161.945551, 59.796281], [-161.945386, 59.796246], [-161.945221, 59.796211], [-161.94502, 59.796171], [-161.944818, 59.796131], [-161.944617, 59.796091], [-161.944415, 59.796051], [-161.944217, 59.796009], [-161.944058, 59.79597], [-161.943906, 59.795925], [-161.943735, 59.79586], [-161.943576, 59.795789], [-161.94343, 59.79571], [-161.943298, 59.795624], [-161.943185, 59.795532], [-161.943121, 59.79545], [-161.943079, 59.795364], [-161.943057, 59.795276], [-161.943076, 59.795139], [-161.94314, 59.794992], [-161.943231, 59.794853], [-161.94335, 59.794724], [-161.943561, 59.794598], [-161.943774, 59.794532], [-161.944046, 59.794481], [-161.944327, 59.794439], [-161.944614, 59.794405], [-161.944839, 59.794389], [-161.945068, 59.794382], [-161.945233, 59.794394], [-161.945395, 59.794412], [-161.945551, 59.794435], [-161.945694, 59.79446], [-161.94584, 59.794487], [-161.94603, 59.794514], [-161.946185, 59.794525], [-161.946304, 59.794548], [-161.946423, 59.794569], [-161.946548, 59.794589], [-161.946622, 59.794608], [-161.946722, 59.794641], [-161.946884, 59.794666], [-161.947052, 59.794691], [-161.947205, 59.794713], [-161.947366, 59.794732], [-161.947534, 59.794746], [-161.947681, 59.794749], [-161.94783, 59.794744], [-161.94801, 59.794722], [-161.948187, 59.794691], [-161.948364, 59.794654], [-161.948541, 59.794613], [-161.948721, 59.794572], [-161.948877, 59.794541], [-161.949039, 59.794518], [-161.949203, 59.794502], [-161.949371, 59.794496], [-161.949539, 59.7945], [-161.949704, 59.794514], [-161.949866, 59.794539], [-161.950021, 59.794572], [-161.950174, 59.794609], [-161.950327, 59.794647], [-161.950482, 59.794681], [-161.950641, 59.794704], [-161.950839, 59.794714], [-161.951041, 59.794711], [-161.951239, 59.794695], [-161.951453, 59.794654], [-161.951651, 59.7946], [-161.951807, 59.79452], [-161.951947, 59.794411], [-161.95206, 59.794292], [-161.952124, 59.794178], [-161.952164, 59.79406], [-161.952158, 59.793939], [-161.952121, 59.793835], [-161.952069, 59.793732], [-161.952005, 59.793629], [-161.951935, 59.793526], [-161.951874, 59.79344], [-161.951816, 59.793353], [-161.951764, 59.793266], [-161.951727, 59.793139], [-161.951749, 59.792981], [-161.951807, 59.792828], [-161.951901, 59.792683], [-161.952066, 59.792542], [-161.952264, 59.792452], [-161.95249, 59.792407], [-161.952728, 59.792374], [-161.953015, 59.792355], [-161.953305, 59.792366], [-161.953589, 59.792393], [-161.953842, 59.792455], [-161.954089, 59.792551], [-161.954276, 59.792658], [-161.954416, 59.792765], [-161.954547, 59.792874], [-161.954694, 59.792976], [-161.95484, 59.793055], [-161.955081, 59.79316], [-161.955322, 59.793264], [-161.955576, 59.793385], [-161.955789, 59.793514], [-161.955969, 59.793668], [-161.956, 59.793842], [-161.955988, 59.794013], [-161.955917, 59.794167], [-161.955804, 59.794299], [-161.95567, 59.794408], [-161.955551, 59.794467], [-161.955426, 59.794524], [-161.955298, 59.794577], [-161.955164, 59.794627], [-161.955023, 59.794675], [-161.954819, 59.794739], [-161.95462, 59.794805], [-161.954431, 59.794877], [-161.954263, 59.794956], [-161.954123, 59.795044], [-161.954071, 59.795119], [-161.95405, 59.795199], [-161.954083, 59.795291], [-161.954147, 59.795379], [-161.954242, 59.795461], [-161.954367, 59.795535], [-161.954517, 59.795598], [-161.954697, 59.79564], [-161.954892, 59.795671], [-161.955093, 59.79569], [-161.955301, 59.795699], [-161.955511, 59.795698], [-161.955688, 59.795686], [-161.955893, 59.795657], [-161.956116, 59.795605], [-161.956314, 59.795538], [-161.956485, 59.79546], [-161.956616, 59.79537], [-161.956671, 59.795283], [-161.956665, 59.79519], [-161.956659, 59.795098], [-161.956659, 59.795007], [-161.956683, 59.794916], [-161.956778, 59.794814], [-161.956912, 59.79473], [-161.957065, 59.794652], [-161.957233, 59.794578], [-161.957413, 59.79451], [-161.957629, 59.79444], [-161.957846, 59.794373], [-161.95806, 59.794305], [-161.95827, 59.794237], [-161.958517, 59.794135], [-161.958685, 59.794044], [-161.95885, 59.793929], [-161.959, 59.793806], [-161.959137, 59.793661], [-161.959213, 59.79354], [-161.959283, 59.793418], [-161.959369, 59.793282], [-161.959464, 59.79315], [-161.959592, 59.793027], [-161.959738, 59.792911], [-161.959906, 59.792803], [-161.960129, 59.79273], [-161.960492, 59.792686], [-161.960837, 59.792673], [-161.961188, 59.79268], [-161.961597, 59.792716], [-161.961938, 59.792774], [-161.962146, 59.792825], [-161.96235, 59.792875], [-161.962552, 59.792926], [-161.962692, 59.792963], [-161.96286, 59.793002], [-161.963058, 59.793044], [-161.963257, 59.793082], [-161.963455, 59.793117], [-161.963684, 59.793153], [-161.963882, 59.793183], [-161.96405, 59.79321], [-161.964243, 59.793245], [-161.964478, 59.793301], [-161.964676, 59.793358], [-161.964883, 59.793434], [-161.965085, 59.793517], [-161.965271, 59.793614], [-161.965405, 59.793699], [-161.96554, 59.793787], [-161.965674, 59.793882], [-161.965808, 59.79398], [-161.965924, 59.794069], [-161.966074, 59.79419], [-161.966223, 59.794312], [-161.966354, 59.794419], [-161.966486, 59.794524], [-161.966641, 59.79464], [-161.966769, 59.794723], [-161.966898, 59.794804], [-161.967059, 59.794895], [-161.967224, 59.794984], [-161.967374, 59.795058], [-161.967529, 59.79513], [-161.967691, 59.7952], [-161.967865, 59.795261], [-161.968048, 59.795317], [-161.968237, 59.795366], [-161.968433, 59.795409], [-161.968671, 59.795448], [-161.968881, 59.795468], [-161.969125, 59.795471], [-161.969409, 59.795461], [-161.969693, 59.795442], [-161.969946, 59.795417], [-161.9702, 59.795391], [-161.970425, 59.795375], [-161.970615, 59.795368], [-161.970807, 59.795366], [-161.970996, 59.795371], [-161.971185, 59.795385], [-161.971368, 59.795406], [-161.971552, 59.795433], [-161.971729, 59.795465], [-161.971906, 59.795498], [-161.972079, 59.795531], [-161.972256, 59.795564], [-161.972437, 59.795593], [-161.972623, 59.795618], [-161.972815, 59.795636], [-161.973013, 59.795648], [-161.973218, 59.795656], [-161.973465, 59.795657], [-161.973715, 59.795654], [-161.973965, 59.795646], [-161.974219, 59.795634], [-161.974518, 59.795614], [-161.974777, 59.795591], [-161.975082, 59.795559], [-161.975388, 59.795523], [-161.975693, 59.795486], [-161.975992, 59.795444], [-161.976291, 59.795402], [-161.976544, 59.795366], [-161.976797, 59.795332], [-161.977051, 59.795297], [-161.977264, 59.795269], [-161.977478, 59.795242], [-161.977734, 59.795214], [-161.977994, 59.79519], [-161.978253, 59.79517], [-161.978513, 59.795156], [-161.978775, 59.795146], [-161.979037, 59.795142], [-161.9793, 59.795141], [-161.979605, 59.795145], [-161.97991, 59.795152], [-161.980212, 59.795164], [-161.980472, 59.795183], [-161.980725, 59.795206], [-161.980933, 59.795232], [-161.98114, 59.795261], [-161.981345, 59.795293], [-161.981546, 59.795327], [-161.981747, 59.795362], [-161.981949, 59.795398], [-161.982147, 59.795435], [-161.982346, 59.795471], [-161.982547, 59.79551], [-161.982748, 59.795551], [-161.982953, 59.79559], [-161.983157, 59.795629], [-161.983365, 59.795667], [-161.983569, 59.795702], [-161.983774, 59.795734], [-161.983978, 59.795767], [-161.984183, 59.795802], [-161.984384, 59.795838], [-161.984583, 59.795877], [-161.984781, 59.795918], [-161.985013, 59.795972], [-161.985242, 59.796027], [-161.985471, 59.796083], [-161.985703, 59.796139], [-161.985934, 59.796194], [-161.986133, 59.796237], [-161.986334, 59.79628], [-161.986536, 59.796323], [-161.986737, 59.796365], [-161.986938, 59.796407], [-161.987137, 59.796449], [-161.987338, 59.79649], [-161.987622, 59.796547], [-161.987906, 59.796603], [-161.98819, 59.796659], [-161.988477, 59.796716], [-161.98876, 59.796772], [-161.988965, 59.796811], [-161.989169, 59.796848], [-161.989377, 59.796883], [-161.98967, 59.796917], [-161.989966, 59.796944], [-161.990262, 59.796964], [-161.990564, 59.796976], [-161.990866, 59.796983], [-161.991086, 59.796979], [-161.991309, 59.796972], [-161.991534, 59.796962], [-161.99176, 59.796949], [-161.991989, 59.796935], [-161.992215, 59.796918], [-161.992441, 59.796901], [-161.992664, 59.796883], [-161.992926, 59.796862], [-161.993185, 59.796839], [-161.993484, 59.796809], [-161.99382, 59.796774], [-161.994153, 59.796735], [-161.99444, 59.7967], [-161.994727, 59.796663], [-161.994971, 59.796631], [-161.995215, 59.796598], [-161.995456, 59.796564], [-161.99574, 59.796522], [-161.996021, 59.796477], [-161.996301, 59.796429], [-161.996542, 59.796385], [-161.996786, 59.796338], [-161.996991, 59.796295], [-161.997195, 59.79625], [-161.997403, 59.796202], [-161.997607, 59.796152], [-161.997812, 59.7961], [-161.998013, 59.796046], [-161.998215, 59.795992], [-161.998416, 59.795937], [-161.998618, 59.795881], [-161.998819, 59.795824], [-161.99902, 59.795766], [-161.999258, 59.795695], [-161.999493, 59.795621], [-161.999762, 59.795535], [-162.000024, 59.795449], [-162.000284, 59.795363], [-162.000534, 59.795275], [-162.000778, 59.795187], [-162.00105, 59.795087], [-162.001352, 59.794975], [-162.001651, 59.794862], [-162.001947, 59.794751], [-162.002274, 59.79463], [-162.002567, 59.794524], [-162.002829, 59.794434], [-162.003094, 59.794349], [-162.003333, 59.794279], [-162.003543, 59.794225], [-162.003726, 59.794186], [-162.003915, 59.794152], [-162.004108, 59.794123], [-162.004303, 59.794103], [-162.004501, 59.794093], [-162.0047, 59.794091], [-162.004895, 59.794096], [-162.00509, 59.794106], [-162.005283, 59.79411], [-162.005469, 59.794109], [-162.005682, 59.794099], [-162.005896, 59.794084], [-162.006104, 59.794063], [-162.006302, 59.794038], [-162.006497, 59.794005], [-162.00665, 59.793966], [-162.006784, 59.793918], [-162.006915, 59.793846], [-162.007034, 59.793748], [-162.007132, 59.793644], [-162.007205, 59.793533], [-162.007257, 59.793414], [-162.007275, 59.793307], [-162.007282, 59.793262], [-162.007278, 59.793215]]}}, {"type": "Feature", "properties": {"kind": "band", "r_km": 2.0, "major": false}, "geometry": {"type": "LineString", "coordinates": [[-161.367149, 59.817893], [-161.367262, 59.818034], [-161.367371, 59.818176], [-161.367479, 59.818318], [-161.367584, 59.81846], [-161.367687, 59.818603], [-161.367787, 59.818747], [-161.367885, 59.818891], [-161.36798, 59.819035], [-161.368073, 59.81918], [-161.368164, 59.819325], [-161.368252, 59.81947], [-161.368337, 59.819616], [-161.368421, 59.819762], [-161.368501, 59.819908], [-161.36858, 59.820055], [-161.368656, 59.820202], [-161.368729, 59.82035], [-161.3688, 59.820498], [-161.368868, 59.820646], [-161.368934, 59.820794], [-161.368998, 59.820943], [-161.369058, 59.821091], [-161.369117, 59.821241], [-161.369173, 59.82139], [-161.369226, 59.82154], [-161.369277, 59.821689], [-161.369325, 59.82184], [-161.369371, 59.82199], [-161.369414, 59.82214], [-161.369455, 59.822291], [-161.369493, 59.822442], [-161.369529, 59.822593], [-161.369562, 59.822744], [-161.369593, 59.822895], [-161.369621, 59.823046], [-161.369646, 59.823198], [-161.369669, 59.823349], [-161.36969, 59.823501], [-161.369708, 59.823653], [-161.369723, 59.823804], [-161.369736, 59.823956], [-161.369746, 59.824108], [-161.369754, 59.82426], [-161.369759, 59.824412], [-161.369761, 59.824564], [-161.369761, 59.824716], [-161.369759, 59.824868], [-161.369754, 59.82502], [-161.369746, 59.825172], [-161.369736, 59.825324], [-161.369723, 59.825476], [-161.369708, 59.825628], [-161.36969, 59.825779], [-161.369669, 59.825931], [-161.369646, 59.826083], [-161.369621, 59.826234], [-161.369593, 59.826385], [-161.369562, 59.826537], [-161.369529, 59.826688], [-161.369493, 59.826839], [-161.369455, 59.826989], [-161.369414, 59.82714], [-161.369371, 59.827291], [-161.369325, 59.827441], [-161.369277, 59.827591], [-161.369226, 59.827741], [-161.369172, 59.82789], [-161.369117, 59.82804], [-161.369058, 59.828189], [-161.368997, 59.828338], [-161.368934, 59.828486], [-161.368868, 59.828635], [-161.368799, 59.828783], [-161.368728, 59.82893], [-161.368655, 59.829078], [-161.368579, 59.829225], [-161.368501, 59.829372], [-161.36842, 59.829518], [-161.368337, 59.829665], [-161.368251, 59.82981], [-161.368163, 59.829956], [-161.368072, 59.830101], [-161.367979, 59.830245], [-161.367884, 59.83039], [-161.367786, 59.830533], [-161.367686, 59.830677], [-161.367583, 59.83082], [-161.367478, 59.830962], [-161.36737, 59.831104], [-161.36726, 59.831246], [-161.367148, 59.831387], [-161.367033, 59.831528], [-161.366916, 59.831668], [-161.366797, 59.831808], [-161.366675, 59.831947]]}}, {"type": "Feature", "properties": {"kind": "band", "r_km": 3.0, "major": false}, "geometry": {"type": "LineString", "coordinates": [[-161.38373, 59.814519], [-161.383898, 59.814731], [-161.384063, 59.814943], [-161.384224, 59.815156], [-161.384382, 59.81537], [-161.384536, 59.815584], [-161.384687, 59.815799], [-161.384833, 59.816015], [-161.384977, 59.816232], [-161.385116, 59.816448], [-161.385252, 59.816666], [-161.385385, 59.816884], [-161.385513, 59.817103], [-161.385638, 59.817322], [-161.385759, 59.817542], [-161.385877, 59.817762], [-161.385991, 59.817983], [-161.386101, 59.818204], [-161.386207, 59.818425], [-161.38631, 59.818647], [-161.386409, 59.81887], [-161.386504, 59.819093], [-161.386596, 59.819316], [-161.386683, 59.81954], [-161.386767, 59.819764], [-161.386847, 59.819988], [-161.386924, 59.820213], [-161.386997, 59.820438], [-161.387065, 59.820664], [-161.38713, 59.820889], [-161.387192, 59.821115], [-161.387249, 59.821341], [-161.387303, 59.821568], [-161.387353, 59.821794], [-161.387399, 59.822021], [-161.387441, 59.822248], [-161.387479, 59.822475], [-161.387514, 59.822703], [-161.387545, 59.82293], [-161.387572, 59.823158], [-161.387595, 59.823385], [-161.387614, 59.823613], [-161.387629, 59.823841], [-161.387641, 59.824069], [-161.387649, 59.824297], [-161.387653, 59.824525], [-161.387653, 59.824753], [-161.387649, 59.824981], [-161.387642, 59.825209], [-161.38763, 59.825437], [-161.387615, 59.825665], [-161.387596, 59.825893], [-161.387573, 59.82612], [-161.387546, 59.826348], [-161.387516, 59.826575], [-161.387481, 59.826803], [-161.387443, 59.82703], [-161.387401, 59.827257], [-161.387355, 59.827484], [-161.387306, 59.82771], [-161.387252, 59.827937], [-161.387195, 59.828163], [-161.387134, 59.828389], [-161.387069, 59.828615], [-161.387001, 59.82884], [-161.386928, 59.829065], [-161.386852, 59.82929], [-161.386772, 59.829514], [-161.386688, 59.829738], [-161.386601, 59.829962], [-161.38651, 59.830186], [-161.386414, 59.830408], [-161.386316, 59.830631], [-161.386213, 59.830853], [-161.386107, 59.831075], [-161.385997, 59.831296], [-161.385883, 59.831517], [-161.385766, 59.831737], [-161.385645, 59.831957], [-161.38552, 59.832176], [-161.385391, 59.832395], [-161.385259, 59.832613], [-161.385123, 59.83283], [-161.384984, 59.833047], [-161.384841, 59.833264], [-161.384694, 59.833479], [-161.384544, 59.833694], [-161.38439, 59.833909], [-161.384232, 59.834123], [-161.384071, 59.834336], [-161.383906, 59.834548], [-161.383738, 59.83476], [-161.383566, 59.834971], [-161.38339, 59.835181], [-161.383211, 59.835391], [-161.383029, 59.8356]]}}, {"type": "Feature", "properties": {"kind": "band", "r_km": 4.0, "major": false}, "geometry": {"type": "LineString", "coordinates": [[-161.400307, 59.811143], [-161.400532, 59.811425], [-161.400751, 59.811708], [-161.400967, 59.811992], [-161.401177, 59.812277], [-161.401383, 59.812563], [-161.401583, 59.81285], [-161.401779, 59.813138], [-161.40197, 59.813426], [-161.402157, 59.813715], [-161.402338, 59.814005], [-161.402515, 59.814296], [-161.402686, 59.814587], [-161.402853, 59.81488], [-161.403015, 59.815173], [-161.403172, 59.815466], [-161.403324, 59.81576], [-161.403471, 59.816055], [-161.403613, 59.816351], [-161.40375, 59.816647], [-161.403882, 59.816944], [-161.404009, 59.817241], [-161.404131, 59.817539], [-161.404248, 59.817837], [-161.40436, 59.818136], [-161.404467, 59.818435], [-161.404569, 59.818734], [-161.404666, 59.819034], [-161.404758, 59.819335], [-161.404845, 59.819636], [-161.404927, 59.819937], [-161.405004, 59.820239], [-161.405075, 59.82054], [-161.405142, 59.820843], [-161.405204, 59.821145], [-161.40526, 59.821448], [-161.405311, 59.821751], [-161.405358, 59.822054], [-161.405399, 59.822357], [-161.405435, 59.82266], [-161.405466, 59.822964], [-161.405492, 59.823268], [-161.405512, 59.823572], [-161.405528, 59.823876], [-161.405539, 59.824179], [-161.405544, 59.824483], [-161.405544, 59.824787], [-161.40554, 59.825091], [-161.40553, 59.825395], [-161.405515, 59.825699], [-161.405495, 59.826003], [-161.405469, 59.826307], [-161.405439, 59.826611], [-161.405404, 59.826914], [-161.405363, 59.827217], [-161.405317, 59.827521], [-161.405267, 59.827823], [-161.405211, 59.828126], [-161.40515, 59.828429], [-161.405084, 59.828731], [-161.405013, 59.829033], [-161.404937, 59.829334], [-161.404855, 59.829636], [-161.404769, 59.829936], [-161.404678, 59.830237], [-161.404581, 59.830537], [-161.40448, 59.830837], [-161.404373, 59.831136], [-161.404262, 59.831435], [-161.404145, 59.831733], [-161.404024, 59.832031], [-161.403897, 59.832328], [-161.403766, 59.832625], [-161.403629, 59.832921], [-161.403488, 59.833217], [-161.403341, 59.833512], [-161.40319, 59.833806], [-161.403033, 59.8341], [-161.402872, 59.834393], [-161.402706, 59.834685], [-161.402534, 59.834977], [-161.402358, 59.835267], [-161.402177, 59.835558], [-161.401992, 59.835847], [-161.401801, 59.836135], [-161.401605, 59.836423], [-161.401405, 59.83671], [-161.4012, 59.836996], [-161.40099, 59.837281], [-161.400775, 59.837565], [-161.400555, 59.837848], [-161.400331, 59.838131], [-161.400102, 59.838412], [-161.399868, 59.838693], [-161.39963, 59.838972], [-161.399386, 59.83925]]}}, {"type": "Feature", "properties": {"kind": "band", "r_km": 5.0, "major": false}, "geometry": {"type": "LineString", "coordinates": [[-161.416881, 59.807764], [-161.417162, 59.808117], [-161.417437, 59.808471], [-161.417706, 59.808826], [-161.417969, 59.809182], [-161.418226, 59.80954], [-161.418477, 59.809898], [-161.418722, 59.810258], [-161.418961, 59.810618], [-161.419194, 59.81098], [-161.419421, 59.811342], [-161.419642, 59.811706], [-161.419857, 59.81207], [-161.420065, 59.812435], [-161.420268, 59.812801], [-161.420464, 59.813168], [-161.420654, 59.813536], [-161.420838, 59.813905], [-161.421016, 59.814274], [-161.421187, 59.814644], [-161.421353, 59.815015], [-161.421512, 59.815386], [-161.421665, 59.815759], [-161.421811, 59.816131], [-161.421951, 59.816505], [-161.422085, 59.816879], [-161.422213, 59.817253], [-161.422335, 59.817628], [-161.42245, 59.818004], [-161.422558, 59.81838], [-161.422661, 59.818756], [-161.422757, 59.819133], [-161.422847, 59.819511], [-161.42293, 59.819888], [-161.423008, 59.820266], [-161.423078, 59.820645], [-161.423143, 59.821023], [-161.423201, 59.821402], [-161.423252, 59.821781], [-161.423298, 59.822161], [-161.423337, 59.82254], [-161.423369, 59.82292], [-161.423395, 59.8233], [-161.423415, 59.82368], [-161.423428, 59.82406], [-161.423435, 59.82444], [-161.423436, 59.82482], [-161.42343, 59.8252], [-161.423418, 59.825579], [-161.4234, 59.825959], [-161.423375, 59.826339], [-161.423343, 59.826719], [-161.423306, 59.827098], [-161.423261, 59.827478], [-161.423211, 59.827857], [-161.423154, 59.828236], [-161.423091, 59.828615], [-161.423021, 59.828993], [-161.422945, 59.829371], [-161.422863, 59.829749], [-161.422774, 59.830126], [-161.422679, 59.830503], [-161.422578, 59.83088], [-161.42247, 59.831256], [-161.422356, 59.831632], [-161.422236, 59.832007], [-161.422109, 59.832381], [-161.421976, 59.832755], [-161.421837, 59.833129], [-161.421692, 59.833502], [-161.42154, 59.833874], [-161.421382, 59.834246], [-161.421218, 59.834617], [-161.421047, 59.834987], [-161.42087, 59.835356], [-161.420688, 59.835725], [-161.420498, 59.836093], [-161.420303, 59.83646], [-161.420102, 59.836826], [-161.419894, 59.837192], [-161.41968, 59.837556], [-161.41946, 59.83792], [-161.419234, 59.838283], [-161.419002, 59.838644], [-161.418764, 59.839005], [-161.41852, 59.839365], [-161.418269, 59.839723], [-161.418013, 59.840081], [-161.417751, 59.840437], [-161.417482, 59.840792], [-161.417208, 59.841147], [-161.416928, 59.8415], [-161.416641, 59.841851], [-161.416349, 59.842202], [-161.416051, 59.842551], [-161.415747, 59.842899]]}}, {"type": "Feature", "properties": {"kind": "band", "r_km": 6.0, "major": false}, "geometry": {"type": "LineString", "coordinates": [[-161.433451, 59.804384], [-161.433788, 59.804807], [-161.434119, 59.805232], [-161.434442, 59.805658], [-161.434758, 59.806086], [-161.435066, 59.806514], [-161.435368, 59.806944], [-161.435662, 59.807376], [-161.435949, 59.807808], [-161.436229, 59.808242], [-161.436502, 59.808677], [-161.436767, 59.809113], [-161.437025, 59.80955], [-161.437275, 59.809988], [-161.437518, 59.810428], [-161.437754, 59.810868], [-161.437982, 59.811309], [-161.438203, 59.811752], [-161.438417, 59.812195], [-161.438623, 59.812639], [-161.438821, 59.813084], [-161.439013, 59.81353], [-161.439196, 59.813976], [-161.439372, 59.814424], [-161.439541, 59.814872], [-161.439702, 59.81532], [-161.439855, 59.81577], [-161.440001, 59.81622], [-161.44014, 59.816671], [-161.44027, 59.817122], [-161.440394, 59.817574], [-161.440509, 59.818026], [-161.440617, 59.818479], [-161.440718, 59.818932], [-161.440811, 59.819386], [-161.440896, 59.81984], [-161.440973, 59.820294], [-161.441043, 59.820749], [-161.441105, 59.821203], [-161.44116, 59.821659], [-161.441207, 59.822114], [-161.441246, 59.82257], [-161.441278, 59.823025], [-161.441302, 59.823481], [-161.441318, 59.823937], [-161.441327, 59.824393], [-161.441328, 59.824849], [-161.441321, 59.825305], [-161.441307, 59.825761], [-161.441285, 59.826217], [-161.441255, 59.826673], [-161.441218, 59.827128], [-161.441173, 59.827584], [-161.44112, 59.828039], [-161.44106, 59.828494], [-161.440992, 59.828949], [-161.440916, 59.829403], [-161.440833, 59.829857], [-161.440742, 59.830311], [-161.440643, 59.830764], [-161.440537, 59.831217], [-161.440423, 59.83167], [-161.440302, 59.832122], [-161.440173, 59.832573], [-161.440036, 59.833024], [-161.439892, 59.833474], [-161.439741, 59.833924], [-161.439581, 59.834372], [-161.439414, 59.834821], [-161.43924, 59.835268], [-161.439058, 59.835715], [-161.438869, 59.836161], [-161.438672, 59.836606], [-161.438467, 59.83705], [-161.438256, 59.837494], [-161.438036, 59.837936], [-161.43781, 59.838378], [-161.437575, 59.838818], [-161.437334, 59.839258], [-161.437085, 59.839697], [-161.436828, 59.840134], [-161.436565, 59.84057], [-161.436294, 59.841006], [-161.436015, 59.84144], [-161.43573, 59.841872], [-161.435437, 59.842304], [-161.435137, 59.842734], [-161.434829, 59.843163], [-161.434515, 59.843591], [-161.434193, 59.844018], [-161.433864, 59.844443], [-161.433528, 59.844866], [-161.433184, 59.845288], [-161.432834, 59.845709], [-161.432476, 59.846128], [-161.432112, 59.846546]]}}, {"type": "Feature", "properties": {"kind": "band", "r_km": 7.0, "major": false}, "geometry": {"type": "LineString", "coordinates": [[-161.450018, 59.801002], [-161.450412, 59.801495], [-161.450797, 59.801991], [-161.451174, 59.802488], [-161.451543, 59.802986], [-161.451904, 59.803487], [-161.452256, 59.803988], [-161.452599, 59.804491], [-161.452934, 59.804996], [-161.453261, 59.805502], [-161.453579, 59.806009], [-161.453889, 59.806518], [-161.45419, 59.807028], [-161.454482, 59.807539], [-161.454766, 59.808052], [-161.455042, 59.808566], [-161.455308, 59.80908], [-161.455566, 59.809596], [-161.455816, 59.810113], [-161.456056, 59.810632], [-161.456288, 59.811151], [-161.456511, 59.811671], [-161.456726, 59.812192], [-161.456932, 59.812713], [-161.457129, 59.813236], [-161.457317, 59.81376], [-161.457496, 59.814284], [-161.457667, 59.814809], [-161.457828, 59.815335], [-161.457981, 59.815861], [-161.458125, 59.816388], [-161.45826, 59.816916], [-161.458387, 59.817444], [-161.458504, 59.817973], [-161.458613, 59.818502], [-161.458712, 59.819032], [-161.458803, 59.819562], [-161.458885, 59.820092], [-161.458958, 59.820623], [-161.459022, 59.821154], [-161.459077, 59.821685], [-161.459123, 59.822217], [-161.45916, 59.822749], [-161.459188, 59.82328], [-161.459208, 59.823812], [-161.459218, 59.824344], [-161.459219, 59.824876], [-161.459212, 59.825408], [-161.459195, 59.82594], [-161.45917, 59.826472], [-161.459136, 59.827004], [-161.459092, 59.827535], [-161.45904, 59.828067], [-161.458979, 59.828598], [-161.458909, 59.829129], [-161.45883, 59.829659], [-161.458742, 59.830189], [-161.458645, 59.830719], [-161.458539, 59.831249], [-161.458425, 59.831777], [-161.458301, 59.832306], [-161.458168, 59.832834], [-161.458027, 59.833361], [-161.457877, 59.833888], [-161.457718, 59.834414], [-161.45755, 59.834939], [-161.457373, 59.835463], [-161.457188, 59.835987], [-161.456993, 59.83651], [-161.45679, 59.837032], [-161.456578, 59.837554], [-161.456358, 59.838074], [-161.456128, 59.838593], [-161.45589, 59.839112], [-161.455643, 59.839629], [-161.455387, 59.840145], [-161.455123, 59.84066], [-161.45485, 59.841174], [-161.454569, 59.841687], [-161.454278, 59.842199], [-161.453979, 59.842709], [-161.453672, 59.843218], [-161.453356, 59.843726], [-161.453032, 59.844233], [-161.452699, 59.844738], [-161.452357, 59.845241], [-161.452007, 59.845743], [-161.451649, 59.846244], [-161.451282, 59.846743], [-161.450906, 59.847241], [-161.450523, 59.847736], [-161.450131, 59.848231], [-161.44973, 59.848723], [-161.449322, 59.849214], [-161.448905, 59.849703], [-161.44848, 59.85019]]}}, {"type": "Feature", "properties": {"kind": "band", "r_km": 8.0, "major": false}, "geometry": {"type": "LineString", "coordinates": [[-161.466582, 59.797617], [-161.467032, 59.798181], [-161.467473, 59.798747], [-161.467904, 59.799315], [-161.468326, 59.799885], [-161.468738, 59.800457], [-161.46914, 59.80103], [-161.469533, 59.801605], [-161.469917, 59.802182], [-161.47029, 59.80276], [-161.470654, 59.80334], [-161.471008, 59.803921], [-161.471353, 59.804504], [-161.471687, 59.805088], [-161.472012, 59.805674], [-161.472327, 59.806261], [-161.472632, 59.806849], [-161.472927, 59.807439], [-161.473212, 59.80803], [-161.473488, 59.808622], [-161.473753, 59.809215], [-161.474008, 59.809809], [-161.474254, 59.810405], [-161.474489, 59.811001], [-161.474715, 59.811598], [-161.47493, 59.812197], [-161.475135, 59.812796], [-161.47533, 59.813396], [-161.475516, 59.813997], [-161.475691, 59.814598], [-161.475855, 59.815201], [-161.47601, 59.815804], [-161.476155, 59.816407], [-161.476289, 59.817012], [-161.476414, 59.817616], [-161.476528, 59.818222], [-161.476632, 59.818827], [-161.476726, 59.819434], [-161.476809, 59.82004], [-161.476883, 59.820647], [-161.476946, 59.821254], [-161.476999, 59.821862], [-161.477042, 59.822469], [-161.477075, 59.823077], [-161.477097, 59.823685], [-161.477109, 59.824293], [-161.477111, 59.824901], [-161.477103, 59.825509], [-161.477084, 59.826117], [-161.477056, 59.826725], [-161.477017, 59.827333], [-161.476968, 59.82794], [-161.476908, 59.828547], [-161.476839, 59.829154], [-161.476759, 59.829761], [-161.476669, 59.830367], [-161.476569, 59.830973], [-161.476458, 59.831579], [-161.476338, 59.832184], [-161.476207, 59.832788], [-161.476066, 59.833392], [-161.475915, 59.833995], [-161.475754, 59.834598], [-161.475582, 59.8352], [-161.475401, 59.835801], [-161.475209, 59.836401], [-161.475008, 59.837001], [-161.474796, 59.837599], [-161.474574, 59.838197], [-161.474342, 59.838794], [-161.4741, 59.83939], [-161.473848, 59.839984], [-161.473586, 59.840578], [-161.473314, 59.84117], [-161.473033, 59.841762], [-161.472741, 59.842352], [-161.472439, 59.842941], [-161.472127, 59.843528], [-161.471806, 59.844114], [-161.471474, 59.844699], [-161.471133, 59.845282], [-161.470782, 59.845864], [-161.470421, 59.846445], [-161.470051, 59.847023], [-161.46967, 59.847601], [-161.46928, 59.848176], [-161.46888, 59.84875], [-161.468471, 59.849322], [-161.468052, 59.849893], [-161.467623, 59.850461], [-161.467185, 59.851028], [-161.466737, 59.851593], [-161.46628, 59.852156], [-161.465813, 59.852717], [-161.465337, 59.853276], [-161.464852, 59.853833]]}}, {"type": "Feature", "properties": {"kind": "band", "r_km": 9.0, "major": false}, "geometry": {"type": "LineString", "coordinates": [[-161.483142, 59.79423], [-161.483649, 59.794865], [-161.484145, 59.795502], [-161.48463, 59.796141], [-161.485105, 59.796782], [-161.485569, 59.797425], [-161.486022, 59.79807], [-161.486465, 59.798717], [-161.486896, 59.799365], [-161.487317, 59.800016], [-161.487726, 59.800668], [-161.488125, 59.801322], [-161.488513, 59.801978], [-161.488889, 59.802635], [-161.489255, 59.803294], [-161.48961, 59.803954], [-161.489953, 59.804616], [-161.490286, 59.805279], [-161.490607, 59.805944], [-161.490917, 59.80661], [-161.491216, 59.807277], [-161.491503, 59.807946], [-161.49178, 59.808615], [-161.492045, 59.809286], [-161.492299, 59.809958], [-161.492541, 59.810631], [-161.492773, 59.811305], [-161.492993, 59.81198], [-161.493201, 59.812656], [-161.493399, 59.813333], [-161.493584, 59.814011], [-161.493759, 59.814689], [-161.493922, 59.815368], [-161.494074, 59.816048], [-161.494214, 59.816728], [-161.494343, 59.817409], [-161.49446, 59.818091], [-161.494566, 59.818773], [-161.494661, 59.819455], [-161.494744, 59.820138], [-161.494815, 59.820821], [-161.494875, 59.821504], [-161.494924, 59.822188], [-161.494961, 59.822871], [-161.494986, 59.823555], [-161.495, 59.824239], [-161.495003, 59.824923], [-161.494994, 59.825607], [-161.494973, 59.826291], [-161.494942, 59.826975], [-161.494898, 59.827659], [-161.494843, 59.828342], [-161.494777, 59.829025], [-161.494699, 59.829708], [-161.494609, 59.830391], [-161.494508, 59.831073], [-161.494396, 59.831755], [-161.494272, 59.832436], [-161.494137, 59.833117], [-161.49399, 59.833797], [-161.493832, 59.834476], [-161.493663, 59.835155], [-161.493482, 59.835833], [-161.493289, 59.83651], [-161.493085, 59.837186], [-161.49287, 59.837861], [-161.492644, 59.838536], [-161.492406, 59.839209], [-161.492157, 59.839882], [-161.491896, 59.840553], [-161.491624, 59.841224], [-161.491341, 59.841893], [-161.491047, 59.84256], [-161.490741, 59.843227], [-161.490424, 59.843892], [-161.490096, 59.844556], [-161.489757, 59.845219], [-161.489407, 59.84588], [-161.489046, 59.846539], [-161.488673, 59.847197], [-161.488289, 59.847853], [-161.487895, 59.848508], [-161.487489, 59.849161], [-161.487072, 59.849812], [-161.486645, 59.850462], [-161.486206, 59.851109], [-161.485757, 59.851755], [-161.485297, 59.852399], [-161.484825, 59.85304], [-161.484344, 59.85368], [-161.483851, 59.854318], [-161.483347, 59.854953], [-161.482833, 59.855587], [-161.482308, 59.856218], [-161.481773, 59.856847], [-161.481227, 59.857474]]}}, {"type": "Feature", "properties": {"kind": "band", "r_km": 10.0, "major": false}, "geometry": {"type": "LineString", "coordinates": [[-161.499699, 59.790842], [-161.500262, 59.791547], [-161.500814, 59.792254], [-161.501354, 59.792964], [-161.501881, 59.793676], [-161.502397, 59.794391], [-161.502901, 59.795107], [-161.503393, 59.795826], [-161.503873, 59.796547], [-161.50434, 59.797269], [-161.504796, 59.797994], [-161.505239, 59.79872], [-161.50567, 59.799449], [-161.506089, 59.800179], [-161.506496, 59.800911], [-161.50689, 59.801645], [-161.507272, 59.80238], [-161.507642, 59.803117], [-161.507999, 59.803855], [-161.508344, 59.804595], [-161.508676, 59.805337], [-161.508996, 59.80608], [-161.509304, 59.806824], [-161.509599, 59.807569], [-161.509881, 59.808316], [-161.510151, 59.809064], [-161.510409, 59.809812], [-161.510653, 59.810562], [-161.510886, 59.811313], [-161.511105, 59.812065], [-161.511312, 59.812818], [-161.511506, 59.813572], [-161.511688, 59.814326], [-161.511857, 59.815082], [-161.512013, 59.815838], [-161.512157, 59.816594], [-161.512288, 59.817351], [-161.512406, 59.818109], [-161.512511, 59.818867], [-161.512604, 59.819626], [-161.512684, 59.820385], [-161.512751, 59.821144], [-161.512805, 59.821904], [-161.512847, 59.822663], [-161.512875, 59.823423], [-161.512891, 59.824183], [-161.512895, 59.824943], [-161.512885, 59.825703], [-161.512863, 59.826463], [-161.512828, 59.827223], [-161.51278, 59.827983], [-161.512719, 59.828742], [-161.512646, 59.829501], [-161.51256, 59.83026], [-161.512461, 59.831018], [-161.512349, 59.831776], [-161.512225, 59.832534], [-161.512087, 59.833291], [-161.511937, 59.834047], [-161.511775, 59.834803], [-161.511599, 59.835557], [-161.511411, 59.836312], [-161.511211, 59.837065], [-161.510997, 59.837817], [-161.510771, 59.838569], [-161.510533, 59.839319], [-161.510281, 59.840069], [-161.510017, 59.840817], [-161.509741, 59.841564], [-161.509452, 59.84231], [-161.50915, 59.843055], [-161.508836, 59.843799], [-161.508509, 59.844541], [-161.50817, 59.845281], [-161.507818, 59.84602], [-161.507454, 59.846758], [-161.507078, 59.847494], [-161.506689, 59.848229], [-161.506288, 59.848962], [-161.505874, 59.849693], [-161.505448, 59.850422], [-161.50501, 59.851149], [-161.50456, 59.851875], [-161.504097, 59.852599], [-161.503622, 59.85332], [-161.503135, 59.85404], [-161.502636, 59.854757], [-161.502125, 59.855473], [-161.501602, 59.856186], [-161.501067, 59.856897], [-161.50052, 59.857605], [-161.499961, 59.858312], [-161.49939, 59.859016], [-161.498807, 59.859717], [-161.498212, 59.860416], [-161.497606, 59.861112]]}}, {"type": "Feature", "properties": {"kind": "band", "r_km": 11.0, "major": false}, "geometry": {"type": "LineString", "coordinates": [[-161.516252, 59.787451], [-161.516873, 59.788227], [-161.51748, 59.789005], [-161.518074, 59.789786], [-161.518655, 59.790569], [-161.519222, 59.791354], [-161.519777, 59.792143], [-161.520318, 59.792933], [-161.520846, 59.793726], [-161.521361, 59.794521], [-161.521862, 59.795318], [-161.522351, 59.796117], [-161.522825, 59.796918], [-161.523286, 59.797721], [-161.523734, 59.798526], [-161.524168, 59.799333], [-161.524589, 59.800142], [-161.524996, 59.800953], [-161.525389, 59.801765], [-161.525769, 59.802579], [-161.526135, 59.803394], [-161.526487, 59.804211], [-161.526826, 59.80503], [-161.527151, 59.80585], [-161.527462, 59.806671], [-161.527759, 59.807493], [-161.528043, 59.808317], [-161.528313, 59.809142], [-161.528569, 59.809968], [-161.528811, 59.810795], [-161.529039, 59.811623], [-161.529253, 59.812453], [-161.529453, 59.813282], [-161.529639, 59.814113], [-161.529811, 59.814945], [-161.52997, 59.815777], [-161.530114, 59.81661], [-161.530245, 59.817443], [-161.530361, 59.818277], [-161.530463, 59.819112], [-161.530551, 59.819947], [-161.530626, 59.820782], [-161.530686, 59.821617], [-161.530732, 59.822453], [-161.530764, 59.823289], [-161.530782, 59.824125], [-161.530786, 59.824961], [-161.530776, 59.825797], [-161.530752, 59.826633], [-161.530714, 59.827468], [-161.530662, 59.828304], [-161.530596, 59.829139], [-161.530515, 59.829975], [-161.530421, 59.830809], [-161.530313, 59.831643], [-161.53019, 59.832477], [-161.530054, 59.83331], [-161.529903, 59.834143], [-161.529739, 59.834975], [-161.52956, 59.835806], [-161.529368, 59.836637], [-161.529162, 59.837466], [-161.528941, 59.838295], [-161.528707, 59.839122], [-161.528459, 59.839949], [-161.528197, 59.840775], [-161.527921, 59.841599], [-161.527631, 59.842422], [-161.527327, 59.843244], [-161.527009, 59.844065], [-161.526678, 59.844884], [-161.526333, 59.845702], [-161.525974, 59.846518], [-161.525601, 59.847333], [-161.525215, 59.848146], [-161.524815, 59.848958], [-161.524401, 59.849768], [-161.523974, 59.850576], [-161.523533, 59.851382], [-161.523078, 59.852186], [-161.52261, 59.852988], [-161.522128, 59.853789], [-161.521633, 59.854587], [-161.521125, 59.855383], [-161.520603, 59.856177], [-161.520068, 59.856968], [-161.519519, 59.857758], [-161.518957, 59.858545], [-161.518382, 59.859329], [-161.517794, 59.860111], [-161.517192, 59.860891], [-161.516577, 59.861668], [-161.51595, 59.862442], [-161.515309, 59.863214], [-161.514655, 59.863983], [-161.513988, 59.864749]]}}, {"type": "Feature", "properties": {"kind": "band", "r_km": 12.0, "major": false}, "geometry": {"type": "LineString", "coordinates": [[-161.532803, 59.784058], [-161.533479, 59.784904], [-161.534142, 59.785753], [-161.53479, 59.786605], [-161.535425, 59.787459], [-161.536044, 59.788316], [-161.53665, 59.789176], [-161.537241, 59.790038], [-161.537817, 59.790903], [-161.538379, 59.79177], [-161.538926, 59.792639], [-161.539459, 59.793511], [-161.539977, 59.794385], [-161.540481, 59.795261], [-161.54097, 59.796139], [-161.541444, 59.797019], [-161.541903, 59.797902], [-161.542347, 59.798786], [-161.542777, 59.799672], [-161.543192, 59.80056], [-161.543592, 59.801449], [-161.543976, 59.802341], [-161.544346, 59.803233], [-161.544701, 59.804128], [-161.545041, 59.805024], [-161.545366, 59.805921], [-161.545676, 59.80682], [-161.54597, 59.80772], [-161.54625, 59.808621], [-161.546514, 59.809523], [-161.546764, 59.810426], [-161.546998, 59.811331], [-161.547217, 59.812236], [-161.54742, 59.813142], [-161.547609, 59.814049], [-161.547782, 59.814957], [-161.54794, 59.815866], [-161.548083, 59.816775], [-161.54821, 59.817685], [-161.548322, 59.818595], [-161.548419, 59.819506], [-161.5485, 59.820417], [-161.548567, 59.821328], [-161.548618, 59.82224], [-161.548653, 59.823152], [-161.548673, 59.824064], [-161.548678, 59.824976], [-161.548668, 59.825888], [-161.548642, 59.8268], [-161.548601, 59.827712], [-161.548544, 59.828623], [-161.548473, 59.829534], [-161.548385, 59.830445], [-161.548283, 59.831356], [-161.548165, 59.832266], [-161.548032, 59.833176], [-161.547884, 59.834085], [-161.54772, 59.834993], [-161.547541, 59.8359], [-161.547347, 59.836807], [-161.547138, 59.837713], [-161.546913, 59.838618], [-161.546673, 59.839522], [-161.546418, 59.840425], [-161.546148, 59.841327], [-161.545862, 59.842228], [-161.545561, 59.843127], [-161.545246, 59.844025], [-161.544915, 59.844922], [-161.544569, 59.845817], [-161.544208, 59.846711], [-161.543832, 59.847603], [-161.54344, 59.848494], [-161.543034, 59.849383], [-161.542613, 59.85027], [-161.542177, 59.851155], [-161.541726, 59.852039], [-161.54126, 59.85292], [-161.54078, 59.8538], [-161.540284, 59.854677], [-161.539774, 59.855553], [-161.539249, 59.856426], [-161.53871, 59.857297], [-161.538155, 59.858165], [-161.537586, 59.859031], [-161.537003, 59.859895], [-161.536405, 59.860756], [-161.535792, 59.861615], [-161.535165, 59.862471], [-161.534524, 59.863324], [-161.533868, 59.864174], [-161.533198, 59.865022], [-161.532513, 59.865867], [-161.531814, 59.866709], [-161.531102, 59.867548], [-161.530375, 59.868383]]}}, {"type": "Feature", "properties": {"kind": "band", "r_km": 13.0, "major": false}, "geometry": {"type": "LineString", "coordinates": [[-161.549349, 59.780663], [-161.550083, 59.78158], [-161.550801, 59.782499], [-161.551504, 59.783422], [-161.552191, 59.784347], [-161.552863, 59.785275], [-161.553519, 59.786207], [-161.55416, 59.787141], [-161.554785, 59.788077], [-161.555394, 59.789017], [-161.555988, 59.789958], [-161.556565, 59.790903], [-161.557127, 59.791849], [-161.557673, 59.792798], [-161.558203, 59.79375], [-161.558717, 59.794703], [-161.559215, 59.795659], [-161.559697, 59.796617], [-161.560163, 59.797577], [-161.560613, 59.798539], [-161.561046, 59.799502], [-161.561464, 59.800468], [-161.561865, 59.801435], [-161.56225, 59.802404], [-161.562619, 59.803374], [-161.562971, 59.804346], [-161.563307, 59.80532], [-161.563627, 59.806295], [-161.56393, 59.807271], [-161.564217, 59.808248], [-161.564488, 59.809227], [-161.564742, 59.810206], [-161.564979, 59.811187], [-161.565201, 59.812169], [-161.565405, 59.813152], [-161.565593, 59.814135], [-161.565765, 59.815119], [-161.56592, 59.816104], [-161.566059, 59.81709], [-161.566181, 59.818076], [-161.566286, 59.819063], [-161.566375, 59.82005], [-161.566447, 59.821037], [-161.566503, 59.822025], [-161.566542, 59.823012], [-161.566564, 59.824], [-161.56657, 59.824988], [-161.566559, 59.825976], [-161.566532, 59.826964], [-161.566488, 59.827952], [-161.566427, 59.82894], [-161.56635, 59.829927], [-161.566256, 59.830914], [-161.566146, 59.8319], [-161.566019, 59.832886], [-161.565875, 59.833872], [-161.565715, 59.834856], [-161.565538, 59.83584], [-161.565345, 59.836824], [-161.565135, 59.837806], [-161.564908, 59.838787], [-161.564666, 59.839768], [-161.564406, 59.840747], [-161.56413, 59.841726], [-161.563838, 59.842703], [-161.563529, 59.843678], [-161.563204, 59.844653], [-161.562862, 59.845626], [-161.562504, 59.846597], [-161.56213, 59.847567], [-161.561739, 59.848536], [-161.561332, 59.849502], [-161.560909, 59.850467], [-161.56047, 59.85143], [-161.560014, 59.852391], [-161.559542, 59.853351], [-161.559054, 59.854308], [-161.55855, 59.855263], [-161.55803, 59.856216], [-161.557493, 59.857166], [-161.556941, 59.858115], [-161.556373, 59.85906], [-161.555789, 59.860004], [-161.555189, 59.860945], [-161.554573, 59.861883], [-161.553941, 59.862819], [-161.553293, 59.863752], [-161.55263, 59.864682], [-161.551951, 59.86561], [-161.551257, 59.866534], [-161.550547, 59.867456], [-161.549821, 59.868374], [-161.54908, 59.869289], [-161.548323, 59.870201], [-161.547551, 59.87111], [-161.546764, 59.872016]]}}, {"type": "Feature", "properties": {"kind": "band", "r_km": 14.0, "major": false}, "geometry": {"type": "LineString", "coordinates": [[-161.565893, 59.777266], [-161.566683, 59.778253], [-161.567457, 59.779243], [-161.568215, 59.780236], [-161.568955, 59.781233], [-161.569679, 59.782233], [-161.570386, 59.783236], [-161.571077, 59.784241], [-161.57175, 59.78525], [-161.572407, 59.786261], [-161.573046, 59.787275], [-161.573669, 59.788292], [-161.574274, 59.789312], [-161.574863, 59.790334], [-161.575434, 59.791358], [-161.575988, 59.792385], [-161.576525, 59.793414], [-161.577044, 59.794446], [-161.577546, 59.795479], [-161.578031, 59.796515], [-161.578499, 59.797553], [-161.578949, 59.798592], [-161.579381, 59.799634], [-161.579797, 59.800677], [-161.580194, 59.801722], [-161.580574, 59.802769], [-161.580937, 59.803817], [-161.581282, 59.804867], [-161.581609, 59.805918], [-161.581918, 59.806971], [-161.58221, 59.808025], [-161.582484, 59.80908], [-161.582741, 59.810136], [-161.58298, 59.811193], [-161.583201, 59.812251], [-161.583404, 59.813311], [-161.583589, 59.81437], [-161.583757, 59.815431], [-161.583907, 59.816493], [-161.584039, 59.817554], [-161.584153, 59.818617], [-161.584249, 59.81968], [-161.584327, 59.820743], [-161.584388, 59.821807], [-161.58443, 59.822871], [-161.584455, 59.823935], [-161.584462, 59.824999], [-161.584451, 59.826063], [-161.584422, 59.827127], [-161.584375, 59.82819], [-161.58431, 59.829254], [-161.584228, 59.830317], [-161.584127, 59.83138], [-161.584009, 59.832442], [-161.583873, 59.833504], [-161.583718, 59.834565], [-161.583546, 59.835626], [-161.583357, 59.836686], [-161.583149, 59.837744], [-161.582924, 59.838802], [-161.58268, 59.839859], [-161.582419, 59.840915], [-161.582141, 59.84197], [-161.581844, 59.843024], [-161.58153, 59.844076], [-161.581198, 59.845127], [-161.580848, 59.846176], [-161.580481, 59.847224], [-161.580096, 59.84827], [-161.579693, 59.849315], [-161.579273, 59.850358], [-161.578835, 59.851399], [-161.57838, 59.852438], [-161.577907, 59.853475], [-161.577417, 59.85451], [-161.576909, 59.855543], [-161.576384, 59.856574], [-161.575842, 59.857603], [-161.575282, 59.858629], [-161.574705, 59.859653], [-161.574111, 59.860674], [-161.573499, 59.861693], [-161.57287, 59.862709], [-161.572225, 59.863723], [-161.571562, 59.864733], [-161.570882, 59.865741], [-161.570185, 59.866746], [-161.569471, 59.867748], [-161.568741, 59.868747], [-161.567993, 59.869742], [-161.567229, 59.870735], [-161.566448, 59.871724], [-161.56565, 59.87271], [-161.564836, 59.873692], [-161.564005, 59.874671], [-161.563157, 59.875646]]}}, {"type": "Feature", "properties": {"kind": "band", "r_km": 15.0, "major": false}, "geometry": {"type": "LineString", "coordinates": [[-161.582433, 59.773867], [-161.58328, 59.774924], [-161.58411, 59.775985], [-161.584922, 59.777049], [-161.585716, 59.778117], [-161.586492, 59.779188], [-161.58725, 59.780262], [-161.58799, 59.78134], [-161.588712, 59.78242], [-161.589416, 59.783504], [-161.590102, 59.78459], [-161.590769, 59.78568], [-161.591419, 59.786772], [-161.59205, 59.787867], [-161.592662, 59.788964], [-161.593256, 59.790065], [-161.593832, 59.791167], [-161.594389, 59.792272], [-161.594928, 59.79338], [-161.595448, 59.794489], [-161.595949, 59.795601], [-161.596432, 59.796715], [-161.596896, 59.797831], [-161.597341, 59.798948], [-161.597768, 59.800068], [-161.598176, 59.80119], [-161.598565, 59.802313], [-161.598935, 59.803437], [-161.599286, 59.804564], [-161.599618, 59.805691], [-161.599932, 59.80682], [-161.600226, 59.807951], [-161.600501, 59.809082], [-161.600758, 59.810215], [-161.600995, 59.811349], [-161.601213, 59.812484], [-161.601413, 59.813619], [-161.601593, 59.814756], [-161.601754, 59.815893], [-161.601896, 59.817031], [-161.602019, 59.818169], [-161.602122, 59.819308], [-161.602207, 59.820447], [-161.602272, 59.821587], [-161.602319, 59.822726], [-161.602346, 59.823866], [-161.602354, 59.825006], [-161.602342, 59.826146], [-161.602312, 59.827286], [-161.602262, 59.828426], [-161.602194, 59.829566], [-161.602106, 59.830705], [-161.601999, 59.831843], [-161.601873, 59.832982], [-161.601727, 59.834119], [-161.601563, 59.835256], [-161.601379, 59.836393], [-161.601176, 59.837528], [-161.600954, 59.838663], [-161.600713, 59.839796], [-161.600453, 59.840929], [-161.600174, 59.84206], [-161.599876, 59.84319], [-161.599559, 59.844319], [-161.599223, 59.845447], [-161.598868, 59.846573], [-161.598494, 59.847697], [-161.598101, 59.84882], [-161.597689, 59.849941], [-161.597258, 59.85106], [-161.596808, 59.852178], [-161.59634, 59.853293], [-161.595853, 59.854407], [-161.595347, 59.855518], [-161.594822, 59.856627], [-161.594279, 59.857734], [-161.593717, 59.858839], [-161.593136, 59.859941], [-161.592537, 59.86104], [-161.591919, 59.862137], [-161.591283, 59.863232], [-161.590628, 59.864323], [-161.589955, 59.865412], [-161.589264, 59.866498], [-161.588554, 59.867581], [-161.587826, 59.868661], [-161.58708, 59.869738], [-161.586315, 59.870811], [-161.585533, 59.871881], [-161.584733, 59.872948], [-161.583914, 59.874012], [-161.583078, 59.875072], [-161.582224, 59.876128], [-161.581351, 59.877181], [-161.580462, 59.87823], [-161.579554, 59.879275]]}}, {"type": "Feature", "properties": {"kind": "band", "r_km": 16.0, "major": false}, "geometry": {"type": "LineString", "coordinates": [[-161.59897, 59.770466], [-161.599874, 59.771593], [-161.600759, 59.772725], [-161.601626, 59.77386], [-161.602473, 59.774999], [-161.603302, 59.776141], [-161.604111, 59.777287], [-161.604901, 59.778436], [-161.605672, 59.779588], [-161.606423, 59.780744], [-161.607155, 59.781903], [-161.607867, 59.783065], [-161.608561, 59.78423], [-161.609234, 59.785398], [-161.609888, 59.786568], [-161.610522, 59.787742], [-161.611137, 59.788918], [-161.611732, 59.790096], [-161.612307, 59.791278], [-161.612862, 59.792461], [-161.613398, 59.793647], [-161.613913, 59.794835], [-161.614409, 59.796025], [-161.614884, 59.797217], [-161.61534, 59.798412], [-161.615776, 59.799608], [-161.616191, 59.800806], [-161.616586, 59.802005], [-161.616962, 59.803207], [-161.617317, 59.804409], [-161.617652, 59.805614], [-161.617966, 59.806819], [-161.618261, 59.808026], [-161.618535, 59.809235], [-161.618789, 59.810444], [-161.619022, 59.811654], [-161.619235, 59.812866], [-161.619428, 59.814078], [-161.619601, 59.815291], [-161.619753, 59.816504], [-161.619884, 59.817719], [-161.619996, 59.818933], [-161.620086, 59.820148], [-161.620157, 59.821364], [-161.620207, 59.82258], [-161.620236, 59.823796], [-161.620245, 59.825012], [-161.620234, 59.826228], [-161.620202, 59.827444], [-161.62015, 59.828659], [-161.620077, 59.829875], [-161.619984, 59.83109], [-161.619871, 59.832305], [-161.619737, 59.833519], [-161.619582, 59.834732], [-161.619408, 59.835945], [-161.619212, 59.837157], [-161.618997, 59.838368], [-161.618761, 59.839579], [-161.618504, 59.840788], [-161.618228, 59.841996], [-161.617931, 59.843203], [-161.617613, 59.844408], [-161.617276, 59.845612], [-161.616918, 59.846815], [-161.61654, 59.848016], [-161.616141, 59.849216], [-161.615723, 59.850413], [-161.615284, 59.851609], [-161.614825, 59.852803], [-161.614346, 59.853995], [-161.613847, 59.855185], [-161.613328, 59.856373], [-161.612788, 59.857558], [-161.612229, 59.858742], [-161.61165, 59.859922], [-161.611051, 59.861101], [-161.610433, 59.862276], [-161.609794, 59.863449], [-161.609136, 59.86462], [-161.608458, 59.865787], [-161.60776, 59.866951], [-161.607042, 59.868113], [-161.606305, 59.869271], [-161.605549, 59.870427], [-161.604773, 59.871579], [-161.603978, 59.872727], [-161.603163, 59.873872], [-161.602329, 59.875014], [-161.601475, 59.876152], [-161.600603, 59.877287], [-161.599711, 59.878417], [-161.598801, 59.879544], [-161.597871, 59.880667], [-161.596922, 59.881786], [-161.595955, 59.882901]]}}, {"type": "Feature", "properties": {"kind": "band", "r_km": 17.0, "major": false}, "geometry": {"type": "LineString", "coordinates": [[-161.615503, 59.767063], [-161.616464, 59.76826], [-161.617406, 59.769462], [-161.618327, 59.770668], [-161.619228, 59.771878], [-161.620108, 59.773092], [-161.620969, 59.774309], [-161.621808, 59.77553], [-161.622628, 59.776754], [-161.623427, 59.777982], [-161.624205, 59.779213], [-161.624963, 59.780448], [-161.6257, 59.781686], [-161.626416, 59.782926], [-161.627111, 59.78417], [-161.627786, 59.785417], [-161.62844, 59.786666], [-161.629072, 59.787918], [-161.629684, 59.789173], [-161.630275, 59.790431], [-161.630844, 59.79169], [-161.631392, 59.792953], [-161.63192, 59.794217], [-161.632426, 59.795484], [-161.63291, 59.796753], [-161.633374, 59.798023], [-161.633816, 59.799296], [-161.634237, 59.800571], [-161.634636, 59.801847], [-161.635014, 59.803125], [-161.63537, 59.804405], [-161.635705, 59.805686], [-161.636019, 59.806968], [-161.636311, 59.808252], [-161.636581, 59.809537], [-161.63683, 59.810823], [-161.637057, 59.812109], [-161.637263, 59.813397], [-161.637447, 59.814686], [-161.637609, 59.815976], [-161.637749, 59.817266], [-161.637868, 59.818556], [-161.637966, 59.819847], [-161.638041, 59.821139], [-161.638095, 59.822431], [-161.638127, 59.823723], [-161.638137, 59.825015], [-161.638126, 59.826307], [-161.638093, 59.827599], [-161.638038, 59.82889], [-161.637962, 59.830182], [-161.637863, 59.831473], [-161.637743, 59.832763], [-161.637602, 59.834053], [-161.637438, 59.835343], [-161.637253, 59.836632], [-161.637047, 59.837919], [-161.636818, 59.839206], [-161.636568, 59.840492], [-161.636296, 59.841777], [-161.636003, 59.843061], [-161.635688, 59.844343], [-161.635352, 59.845624], [-161.634993, 59.846903], [-161.634614, 59.848181], [-161.634213, 59.849457], [-161.63379, 59.850732], [-161.633346, 59.852005], [-161.63288, 59.853275], [-161.632393, 59.854544], [-161.631885, 59.855811], [-161.631356, 59.857075], [-161.630805, 59.858337], [-161.630232, 59.859597], [-161.629639, 59.860854], [-161.629024, 59.862108], [-161.628389, 59.86336], [-161.627732, 59.86461], [-161.627054, 59.865856], [-161.626355, 59.8671], [-161.625635, 59.86834], [-161.624894, 59.869577], [-161.624133, 59.870812], [-161.62335, 59.872042], [-161.622547, 59.87327], [-161.621723, 59.874494], [-161.620878, 59.875715], [-161.620013, 59.876931], [-161.619128, 59.878145], [-161.618221, 59.879354], [-161.617295, 59.880559], [-161.616348, 59.881761], [-161.615381, 59.882958], [-161.614394, 59.884152], [-161.613386, 59.885341], [-161.612359, 59.886525]]}}, {"type": "Feature", "properties": {"kind": "band", "r_km": 18.0, "major": false}, "geometry": {"type": "LineString", "coordinates": [[-161.632033, 59.763657], [-161.633051, 59.764926], [-161.634049, 59.766198], [-161.635024, 59.767475], [-161.635979, 59.768756], [-161.636912, 59.770041], [-161.637823, 59.771329], [-161.638713, 59.772622], [-161.639581, 59.773918], [-161.640428, 59.775218], [-161.641253, 59.776522], [-161.642055, 59.777829], [-161.642836, 59.779139], [-161.643595, 59.780453], [-161.644332, 59.781769], [-161.645047, 59.783089], [-161.64574, 59.784412], [-161.64641, 59.785738], [-161.647059, 59.787067], [-161.647685, 59.788398], [-161.648288, 59.789732], [-161.64887, 59.791068], [-161.649429, 59.792407], [-161.649965, 59.793748], [-161.650479, 59.795091], [-161.65097, 59.796437], [-161.651439, 59.797784], [-161.651885, 59.799134], [-161.652309, 59.800485], [-161.65271, 59.801838], [-161.653088, 59.803193], [-161.653443, 59.804549], [-161.653776, 59.805907], [-161.654086, 59.807266], [-161.654373, 59.808627], [-161.654637, 59.809988], [-161.654878, 59.811351], [-161.655096, 59.812715], [-161.655292, 59.814079], [-161.655464, 59.815444], [-161.655614, 59.81681], [-161.655741, 59.818177], [-161.655844, 59.819544], [-161.655925, 59.820911], [-161.655983, 59.822279], [-161.656017, 59.823647], [-161.656029, 59.825015], [-161.656018, 59.826383], [-161.655984, 59.827751], [-161.655926, 59.829119], [-161.655846, 59.830486], [-161.655743, 59.831853], [-161.655616, 59.83322], [-161.655467, 59.834586], [-161.655295, 59.835951], [-161.6551, 59.837316], [-161.654882, 59.838679], [-161.65464, 59.840042], [-161.654376, 59.841403], [-161.654089, 59.842764], [-161.65378, 59.844123], [-161.653447, 59.845481], [-161.653091, 59.846837], [-161.652713, 59.848192], [-161.652311, 59.849545], [-161.651887, 59.850896], [-161.651441, 59.852246], [-161.650971, 59.853593], [-161.650479, 59.854939], [-161.649964, 59.856282], [-161.649426, 59.857623], [-161.648866, 59.858962], [-161.648284, 59.860299], [-161.647678, 59.861632], [-161.647051, 59.862964], [-161.646401, 59.864292], [-161.645728, 59.865618], [-161.645033, 59.866941], [-161.644316, 59.868261], [-161.643577, 59.869577], [-161.642815, 59.870891], [-161.642031, 59.872201], [-161.641225, 59.873508], [-161.640398, 59.874811], [-161.639548, 59.876111], [-161.638676, 59.877407], [-161.637782, 59.8787], [-161.636867, 59.879988], [-161.63593, 59.881273], [-161.634971, 59.882554], [-161.63399, 59.88383], [-161.632988, 59.885102], [-161.631965, 59.88637], [-161.63092, 59.887634], [-161.629854, 59.888893], [-161.628766, 59.890148]]}}, {"type": "Feature", "properties": {"kind": "band", "r_km": 19.0, "major": false}, "geometry": {"type": "LineString", "coordinates": [[-161.64856, 59.76025], [-161.649635, 59.761588], [-161.650688, 59.762932], [-161.651719, 59.764279], [-161.652727, 59.765631], [-161.653712, 59.766987], [-161.654675, 59.768347], [-161.655615, 59.769712], [-161.656532, 59.77108], [-161.657426, 59.772452], [-161.658297, 59.773828], [-161.659145, 59.775207], [-161.65997, 59.77659], [-161.660772, 59.777977], [-161.661551, 59.779367], [-161.662306, 59.78076], [-161.663038, 59.782156], [-161.663746, 59.783555], [-161.664431, 59.784958], [-161.665093, 59.786363], [-161.665731, 59.787771], [-161.666345, 59.789181], [-161.666936, 59.790594], [-161.667503, 59.79201], [-161.668046, 59.793428], [-161.668565, 59.794848], [-161.669061, 59.79627], [-161.669533, 59.797695], [-161.66998, 59.799121], [-161.670404, 59.800549], [-161.670804, 59.801979], [-161.67118, 59.803411], [-161.671532, 59.804844], [-161.67186, 59.806279], [-161.672163, 59.807715], [-161.672443, 59.809152], [-161.672698, 59.81059], [-161.672929, 59.812029], [-161.673137, 59.81347], [-161.673319, 59.814911], [-161.673478, 59.816353], [-161.673613, 59.817795], [-161.673723, 59.819238], [-161.673809, 59.820681], [-161.67387, 59.822125], [-161.673908, 59.823569], [-161.673921, 59.825013], [-161.67391, 59.826457], [-161.673874, 59.827901], [-161.673815, 59.829345], [-161.673731, 59.830788], [-161.673623, 59.832231], [-161.67349, 59.833674], [-161.673333, 59.835116], [-161.673152, 59.836557], [-161.672947, 59.837997], [-161.672717, 59.839436], [-161.672464, 59.840875], [-161.672186, 59.842312], [-161.671884, 59.843748], [-161.671557, 59.845183], [-161.671207, 59.846616], [-161.670832, 59.848048], [-161.670433, 59.849478], [-161.670011, 59.850906], [-161.669564, 59.852333], [-161.669093, 59.853757], [-161.668598, 59.85518], [-161.668079, 59.8566], [-161.667536, 59.858018], [-161.66697, 59.859434], [-161.666379, 59.860847], [-161.665765, 59.862258], [-161.665127, 59.863666], [-161.664465, 59.865071], [-161.663779, 59.866474], [-161.66307, 59.867873], [-161.662337, 59.86927], [-161.661581, 59.870663], [-161.660801, 59.872053], [-161.659998, 59.873439], [-161.659171, 59.874822], [-161.658321, 59.876202], [-161.657448, 59.877578], [-161.656551, 59.87895], [-161.655632, 59.880318], [-161.654689, 59.881683], [-161.653723, 59.883043], [-161.652735, 59.884399], [-161.651723, 59.885751], [-161.650689, 59.887099], [-161.649632, 59.888442], [-161.648552, 59.88978], [-161.647449, 59.891114], [-161.646325, 59.892444], [-161.645177, 59.893768]]}}, {"type": "Feature", "properties": {"kind": "band", "r_km": 20.0, "major": false}, "geometry": {"type": "LineString", "coordinates": [[-161.665083, 59.75684], [-161.666216, 59.758249], [-161.667325, 59.759663], [-161.66841, 59.761081], [-161.669472, 59.762504], [-161.67051, 59.763932], [-161.671524, 59.765363], [-161.672514, 59.766799], [-161.67348, 59.768239], [-161.674422, 59.769683], [-161.675339, 59.771132], [-161.676233, 59.772584], [-161.677102, 59.774039], [-161.677946, 59.775499], [-161.678767, 59.776962], [-161.679562, 59.778428], [-161.680333, 59.779898], [-161.68108, 59.78137], [-161.681802, 59.782846], [-161.682499, 59.784325], [-161.683171, 59.785807], [-161.683818, 59.787292], [-161.684441, 59.788779], [-161.685038, 59.790269], [-161.685611, 59.791762], [-161.686158, 59.793257], [-161.686681, 59.794754], [-161.687178, 59.796253], [-161.68765, 59.797755], [-161.688097, 59.799258], [-161.688519, 59.800763], [-161.688915, 59.80227], [-161.689287, 59.803778], [-161.689632, 59.805289], [-161.689953, 59.8068], [-161.690248, 59.808313], [-161.690518, 59.809827], [-161.690762, 59.811342], [-161.690981, 59.812858], [-161.691174, 59.814375], [-161.691342, 59.815893], [-161.691484, 59.817411], [-161.691601, 59.81893], [-161.691692, 59.820449], [-161.691758, 59.821969], [-161.691798, 59.823489], [-161.691813, 59.825009], [-161.691802, 59.826529], [-161.691766, 59.828049], [-161.691703, 59.829568], [-161.691616, 59.831088], [-161.691503, 59.832607], [-161.691364, 59.834125], [-161.6912, 59.835643], [-161.69101, 59.83716], [-161.690795, 59.838676], [-161.690554, 59.840191], [-161.690288, 59.841706], [-161.689996, 59.843218], [-161.689679, 59.84473], [-161.689336, 59.84624], [-161.688968, 59.847749], [-161.688574, 59.849256], [-161.688155, 59.850762], [-161.687711, 59.852265], [-161.687241, 59.853767], [-161.686747, 59.855266], [-161.686226, 59.856764], [-161.685681, 59.858259], [-161.68511, 59.859752], [-161.684515, 59.861242], [-161.683894, 59.86273], [-161.683248, 59.864215], [-161.682577, 59.865697], [-161.681881, 59.867177], [-161.68116, 59.868653], [-161.680414, 59.870126], [-161.679644, 59.871596], [-161.678848, 59.873063], [-161.678028, 59.874526], [-161.677183, 59.875986], [-161.676314, 59.877442], [-161.67542, 59.878894], [-161.674501, 59.880342], [-161.673558, 59.881787], [-161.672591, 59.883227], [-161.671599, 59.884664], [-161.670583, 59.886096], [-161.669543, 59.887523], [-161.668479, 59.888947], [-161.667391, 59.890365], [-161.666279, 59.891779], [-161.665142, 59.893188], [-161.663983, 59.894593], [-161.662799, 59.895992], [-161.661592, 59.897386]]}}, {"type": "Feature", "properties": {"kind": "band", "r_km": 21.0, "major": false}, "geometry": {"type": "LineString", "coordinates": [[-161.681603, 59.753429], [-161.682793, 59.754908], [-161.683958, 59.756392], [-161.685098, 59.757881], [-161.686214, 59.759375], [-161.687304, 59.760874], [-161.68837, 59.762377], [-161.68941, 59.763885], [-161.690425, 59.765397], [-161.691414, 59.766913], [-161.692379, 59.768433], [-161.693317, 59.769958], [-161.694231, 59.771486], [-161.695118, 59.773018], [-161.69598, 59.774554], [-161.696816, 59.776094], [-161.697627, 59.777637], [-161.698411, 59.779183], [-161.69917, 59.780733], [-161.699903, 59.782286], [-161.700609, 59.783842], [-161.70129, 59.7854], [-161.701944, 59.786962], [-161.702572, 59.788527], [-161.703174, 59.790094], [-161.70375, 59.791663], [-161.704299, 59.793235], [-161.704822, 59.794809], [-161.705319, 59.796386], [-161.705789, 59.797964], [-161.706233, 59.799544], [-161.70665, 59.801127], [-161.70704, 59.802711], [-161.707404, 59.804296], [-161.707741, 59.805883], [-161.708052, 59.807471], [-161.708336, 59.809061], [-161.708593, 59.810652], [-161.708824, 59.812244], [-161.709028, 59.813836], [-161.709205, 59.81543], [-161.709355, 59.817024], [-161.709479, 59.818619], [-161.709575, 59.820214], [-161.709645, 59.82181], [-161.709688, 59.823406], [-161.709705, 59.825002], [-161.709694, 59.826598], [-161.709657, 59.828194], [-161.709592, 59.82979], [-161.709501, 59.831385], [-161.709383, 59.83298], [-161.709239, 59.834574], [-161.709067, 59.836168], [-161.708869, 59.837761], [-161.708643, 59.839353], [-161.708391, 59.840944], [-161.708113, 59.842534], [-161.707807, 59.844122], [-161.707475, 59.84571], [-161.707116, 59.847296], [-161.70673, 59.84888], [-161.706318, 59.850462], [-161.705879, 59.852043], [-161.705413, 59.853622], [-161.704921, 59.855199], [-161.704402, 59.856773], [-161.703857, 59.858346], [-161.703285, 59.859916], [-161.702686, 59.861483], [-161.702062, 59.863048], [-161.701411, 59.86461], [-161.700733, 59.86617], [-161.700029, 59.867726], [-161.699299, 59.869279], [-161.698543, 59.87083], [-161.697761, 59.872377], [-161.696952, 59.87392], [-161.696118, 59.87546], [-161.695257, 59.876997], [-161.694371, 59.87853], [-161.693459, 59.880059], [-161.692521, 59.881584], [-161.691557, 59.883105], [-161.690568, 59.884622], [-161.689553, 59.886134], [-161.688512, 59.887642], [-161.687446, 59.889146], [-161.686355, 59.890645], [-161.685238, 59.89214], [-161.684096, 59.89363], [-161.682929, 59.895114], [-161.681736, 59.896594], [-161.680519, 59.898069], [-161.679277, 59.899538], [-161.67801, 59.901002]]}}, {"type": "Feature", "properties": {"kind": "band", "r_km": 22.0, "major": false}, "geometry": {"type": "LineString", "coordinates": [[-161.698119, 59.750015], [-161.699367, 59.751565], [-161.700588, 59.753119], [-161.701783, 59.754679], [-161.702953, 59.756244], [-161.704096, 59.757814], [-161.705212, 59.759389], [-161.706303, 59.760968], [-161.707367, 59.762552], [-161.708404, 59.76414], [-161.709415, 59.765733], [-161.710399, 59.76733], [-161.711357, 59.768931], [-161.712287, 59.770536], [-161.713191, 59.772145], [-161.714068, 59.773757], [-161.714918, 59.775374], [-161.71574, 59.776994], [-161.716536, 59.778617], [-161.717304, 59.780244], [-161.718045, 59.781874], [-161.718759, 59.783507], [-161.719445, 59.785143], [-161.720104, 59.786781], [-161.720736, 59.788423], [-161.72134, 59.790067], [-161.721916, 59.791714], [-161.722465, 59.793363], [-161.722986, 59.795014], [-161.723479, 59.796668], [-161.723945, 59.798323], [-161.724383, 59.799981], [-161.724793, 59.80164], [-161.725175, 59.803301], [-161.725529, 59.804964], [-161.725855, 59.806628], [-161.726154, 59.808293], [-161.726424, 59.809959], [-161.726667, 59.811627], [-161.726881, 59.813296], [-161.727068, 59.814965], [-161.727226, 59.816635], [-161.727356, 59.818306], [-161.727458, 59.819977], [-161.727533, 59.821649], [-161.727579, 59.823321], [-161.727597, 59.824993], [-161.727586, 59.826665], [-161.727548, 59.828337], [-161.727482, 59.830008], [-161.727387, 59.83168], [-161.727264, 59.833351], [-161.727114, 59.835021], [-161.726935, 59.836691], [-161.726728, 59.838359], [-161.726493, 59.840027], [-161.72623, 59.841694], [-161.725939, 59.84336], [-161.725619, 59.845024], [-161.725272, 59.846687], [-161.724897, 59.848348], [-161.724494, 59.850008], [-161.724062, 59.851666], [-161.723603, 59.853322], [-161.723116, 59.854976], [-161.722602, 59.856628], [-161.722059, 59.858278], [-161.721488, 59.859925], [-161.72089, 59.86157], [-161.720264, 59.863212], [-161.71961, 59.864852], [-161.718929, 59.866488], [-161.71822, 59.868122], [-161.717484, 59.869753], [-161.71672, 59.87138], [-161.715929, 59.873004], [-161.71511, 59.874625], [-161.714264, 59.876242], [-161.71339, 59.877856], [-161.71249, 59.879466], [-161.711562, 59.881072], [-161.710607, 59.882673], [-161.709625, 59.884271], [-161.708616, 59.885865], [-161.70758, 59.887454], [-161.706517, 59.889039], [-161.705428, 59.890619], [-161.704312, 59.892195], [-161.703169, 59.893765], [-161.702, 59.895331], [-161.700804, 59.896892], [-161.699582, 59.898447], [-161.698334, 59.899998], [-161.697059, 59.901543], [-161.695759, 59.903083], [-161.694432, 59.904616]]}}, {"type": "Feature", "properties": {"kind": "band", "r_km": 23.0, "major": false}, "geometry": {"type": "LineString", "coordinates": [[-161.714632, 59.746599], [-161.715937, 59.748219], [-161.717215, 59.749844], [-161.718465, 59.751475], [-161.719688, 59.753111], [-161.720884, 59.754752], [-161.722052, 59.756398], [-161.723193, 59.758049], [-161.724306, 59.759705], [-161.725391, 59.761365], [-161.726449, 59.76303], [-161.727479, 59.764699], [-161.72848, 59.766373], [-161.729454, 59.768051], [-161.7304, 59.769733], [-161.731317, 59.771419], [-161.732206, 59.773108], [-161.733067, 59.774802], [-161.7339, 59.776499], [-161.734704, 59.7782], [-161.735479, 59.779903], [-161.736226, 59.781611], [-161.736945, 59.783321], [-161.737635, 59.785034], [-161.738296, 59.78675], [-161.738928, 59.788469], [-161.739531, 59.79019], [-161.740106, 59.791914], [-161.740652, 59.793641], [-161.741168, 59.795369], [-161.741656, 59.7971], [-161.742115, 59.798833], [-161.742544, 59.800567], [-161.742944, 59.802304], [-161.743316, 59.804042], [-161.743658, 59.805781], [-161.743971, 59.807522], [-161.744254, 59.809265], [-161.744509, 59.811008], [-161.744734, 59.812752], [-161.74493, 59.814498], [-161.745096, 59.816244], [-161.745233, 59.81799], [-161.745341, 59.819738], [-161.74542, 59.821485], [-161.745469, 59.823233], [-161.745488, 59.824981], [-161.745479, 59.826729], [-161.74544, 59.828477], [-161.745371, 59.830225], [-161.745273, 59.831972], [-161.745146, 59.833719], [-161.744989, 59.835465], [-161.744803, 59.837211], [-161.744588, 59.838955], [-161.744343, 59.840699], [-161.744069, 59.842442], [-161.743765, 59.844183], [-161.743432, 59.845923], [-161.74307, 59.847662], [-161.742679, 59.849399], [-161.742258, 59.851134], [-161.741809, 59.852867], [-161.741329, 59.854599], [-161.740821, 59.856328], [-161.740284, 59.858055], [-161.739717, 59.85978], [-161.739122, 59.861502], [-161.738497, 59.863222], [-161.737844, 59.864939], [-161.737161, 59.866653], [-161.73645, 59.868364], [-161.73571, 59.870072], [-161.734941, 59.871777], [-161.734143, 59.873479], [-161.733316, 59.875177], [-161.732461, 59.876871], [-161.731577, 59.878562], [-161.730665, 59.880249], [-161.729724, 59.881932], [-161.728755, 59.883611], [-161.727757, 59.885286], [-161.726732, 59.886957], [-161.725678, 59.888623], [-161.724595, 59.890284], [-161.723485, 59.891941], [-161.722347, 59.893593], [-161.721181, 59.895241], [-161.719987, 59.896883], [-161.718765, 59.89852], [-161.717516, 59.900152], [-161.716239, 59.901778], [-161.714935, 59.9034], [-161.713603, 59.905015], [-161.712244, 59.906625], [-161.710857, 59.908229]]}}, {"type": "Feature", "properties": {"kind": "band", "r_km": 24.0, "major": false}, "geometry": {"type": "LineString", "coordinates": [[-161.731142, 59.743182], [-161.732504, 59.744872], [-161.733838, 59.746567], [-161.735143, 59.748269], [-161.73642, 59.749976], [-161.737669, 59.751688], [-161.738889, 59.753405], [-161.74008, 59.755128], [-161.741242, 59.756855], [-161.742375, 59.758588], [-161.74348, 59.760325], [-161.744555, 59.762067], [-161.745601, 59.763813], [-161.746618, 59.765564], [-161.747606, 59.767319], [-161.748564, 59.769078], [-161.749493, 59.770841], [-161.750392, 59.772608], [-161.751261, 59.774379], [-161.752101, 59.776153], [-161.752911, 59.777931], [-161.753692, 59.779712], [-161.754442, 59.781497], [-161.755163, 59.783284], [-161.755854, 59.785075], [-161.756514, 59.786868], [-161.757145, 59.788665], [-161.757745, 59.790463], [-161.758316, 59.792265], [-161.758856, 59.794068], [-161.759366, 59.795874], [-161.759845, 59.797682], [-161.760294, 59.799492], [-161.760713, 59.801304], [-161.761101, 59.803118], [-161.761459, 59.804933], [-161.761787, 59.806749], [-161.762084, 59.808567], [-161.76235, 59.810386], [-161.762586, 59.812207], [-161.762791, 59.814028], [-161.762966, 59.81585], [-161.76311, 59.817672], [-161.763224, 59.819495], [-161.763306, 59.821319], [-161.763359, 59.823143], [-161.76338, 59.824967], [-161.763371, 59.826791], [-161.763331, 59.828615], [-161.763261, 59.830439], [-161.763159, 59.832262], [-161.763028, 59.834085], [-161.762865, 59.835907], [-161.762672, 59.837728], [-161.762448, 59.839549], [-161.762194, 59.841369], [-161.761909, 59.843187], [-161.761593, 59.845004], [-161.761247, 59.84682], [-161.76087, 59.848634], [-161.760462, 59.850447], [-161.760024, 59.852257], [-161.759556, 59.854066], [-161.759057, 59.855873], [-161.758528, 59.857677], [-161.757968, 59.85948], [-161.757378, 59.861279], [-161.756757, 59.863077], [-161.756106, 59.864871], [-161.755425, 59.866663], [-161.754714, 59.868452], [-161.753973, 59.870237], [-161.753201, 59.87202], [-161.752399, 59.873799], [-161.751568, 59.875575], [-161.750706, 59.877347], [-161.749815, 59.879115], [-161.748893, 59.880879], [-161.747942, 59.88264], [-161.746961, 59.884396], [-161.745951, 59.886148], [-161.744911, 59.887896], [-161.743841, 59.88964], [-161.742742, 59.891378], [-161.741614, 59.893112], [-161.740456, 59.894841], [-161.739269, 59.896566], [-161.738053, 59.898285], [-161.736808, 59.899999], [-161.735534, 59.901707], [-161.734231, 59.90341], [-161.732899, 59.905107], [-161.731539, 59.906799], [-161.73015, 59.908485], [-161.728732, 59.910165], [-161.727286, 59.911839]]}}, {"type": "Feature", "properties": {"kind": "band", "r_km": 25.0, "major": false}, "geometry": {"type": "LineString", "coordinates": [[-161.747648, 59.739762], [-161.749068, 59.741522], [-161.750458, 59.743288], [-161.751819, 59.74506], [-161.75315, 59.746838], [-161.754451, 59.748622], [-161.755722, 59.75041], [-161.756964, 59.752205], [-161.758175, 59.754004], [-161.759357, 59.755808], [-161.760508, 59.757618], [-161.761629, 59.759432], [-161.762719, 59.761251], [-161.76378, 59.763074], [-161.764809, 59.764902], [-161.765808, 59.766735], [-161.766776, 59.768571], [-161.767714, 59.770412], [-161.768621, 59.772256], [-161.769497, 59.774104], [-161.770341, 59.775956], [-161.771155, 59.777811], [-161.771938, 59.77967], [-161.77269, 59.781532], [-161.77341, 59.783397], [-161.774099, 59.785265], [-161.774757, 59.787136], [-161.775383, 59.78901], [-161.775978, 59.790886], [-161.776542, 59.792765], [-161.777074, 59.794646], [-161.777574, 59.796529], [-161.778043, 59.798415], [-161.778481, 59.800302], [-161.778886, 59.802191], [-161.77926, 59.804082], [-161.779602, 59.805974], [-161.779912, 59.807868], [-161.780191, 59.809763], [-161.780438, 59.811659], [-161.780653, 59.813556], [-161.780836, 59.815453], [-161.780987, 59.817352], [-161.781106, 59.819251], [-161.781193, 59.821151], [-161.781249, 59.82305], [-161.781272, 59.82495], [-161.781263, 59.82685], [-161.781223, 59.82875], [-161.781151, 59.83065], [-161.781046, 59.832549], [-161.78091, 59.834448], [-161.780742, 59.836346], [-161.780541, 59.838244], [-161.780309, 59.84014], [-161.780045, 59.842036], [-161.779749, 59.84393], [-161.779421, 59.845823], [-161.779062, 59.847714], [-161.77867, 59.849604], [-161.778247, 59.851492], [-161.777791, 59.853378], [-161.777304, 59.855263], [-161.776786, 59.857145], [-161.776235, 59.859024], [-161.775653, 59.860902], [-161.775039, 59.862777], [-161.774394, 59.864649], [-161.773717, 59.866518], [-161.773008, 59.868385], [-161.772269, 59.870248], [-161.771497, 59.872108], [-161.770694, 59.873965], [-161.76986, 59.875819], [-161.768995, 59.877668], [-161.768098, 59.879514], [-161.767171, 59.881356], [-161.766212, 59.883195], [-161.765222, 59.885029], [-161.764201, 59.886858], [-161.763149, 59.888684], [-161.762067, 59.890504], [-161.760953, 59.89232], [-161.759809, 59.894132], [-161.758635, 59.895938], [-161.75743, 59.89774], [-161.756194, 59.899536], [-161.754928, 59.901327], [-161.753632, 59.903112], [-161.752306, 59.904892], [-161.750949, 59.906666], [-161.749563, 59.908434], [-161.748146, 59.910197], [-161.7467, 59.911953], [-161.745224, 59.913703], [-161.743719, 59.915447]]}}, {"type": "Feature", "properties": {"kind": "band", "r_km": 26.0, "major": false}, "geometry": {"type": "LineString", "coordinates": [[-161.764151, 59.73634], [-161.765629, 59.73817], [-161.767075, 59.740007], [-161.768491, 59.74185], [-161.769876, 59.743699], [-161.77123, 59.745553], [-161.772553, 59.747413], [-161.773845, 59.749279], [-161.775106, 59.75115], [-161.776335, 59.753027], [-161.777533, 59.754908], [-161.7787, 59.756795], [-161.779835, 59.758687], [-161.780939, 59.760583], [-161.78201, 59.762484], [-161.78305, 59.764389], [-161.784058, 59.766299], [-161.785034, 59.768213], [-161.785978, 59.770131], [-161.78689, 59.772053], [-161.787769, 59.773979], [-161.788617, 59.775908], [-161.789432, 59.777841], [-161.790214, 59.779778], [-161.790965, 59.781717], [-161.791682, 59.78366], [-161.792367, 59.785606], [-161.79302, 59.787554], [-161.79364, 59.789506], [-161.794227, 59.791459], [-161.794781, 59.793416], [-161.795303, 59.795374], [-161.795791, 59.797335], [-161.796247, 59.799298], [-161.79667, 59.801262], [-161.79706, 59.803228], [-161.797417, 59.805196], [-161.79774, 59.807166], [-161.798031, 59.809136], [-161.798289, 59.811108], [-161.798513, 59.813081], [-161.798705, 59.815055], [-161.798863, 59.817029], [-161.798988, 59.819004], [-161.79908, 59.82098], [-161.799138, 59.822955], [-161.799164, 59.824931], [-161.799156, 59.826907], [-161.799115, 59.828883], [-161.799041, 59.830859], [-161.798933, 59.832834], [-161.798792, 59.834809], [-161.798618, 59.836783], [-161.798411, 59.838757], [-161.798171, 59.840729], [-161.797897, 59.8427], [-161.797591, 59.84467], [-161.797251, 59.846639], [-161.796878, 59.848606], [-161.796471, 59.850571], [-161.796032, 59.852535], [-161.79556, 59.854497], [-161.795054, 59.856457], [-161.794516, 59.858414], [-161.793944, 59.860369], [-161.79334, 59.862322], [-161.792703, 59.864272], [-161.792032, 59.866219], [-161.791329, 59.868163], [-161.790594, 59.870104], [-161.789825, 59.872042], [-161.789024, 59.873977], [-161.78819, 59.875908], [-161.787323, 59.877836], [-161.786424, 59.87976], [-161.785493, 59.88168], [-161.784529, 59.883596], [-161.783533, 59.885507], [-161.782504, 59.887415], [-161.781443, 59.889318], [-161.78035, 59.891216], [-161.779225, 59.89311], [-161.778069, 59.894999], [-161.77688, 59.896883], [-161.775659, 59.898762], [-161.774406, 59.900635], [-161.773122, 59.902504], [-161.771807, 59.904366], [-161.770459, 59.906223], [-161.769081, 59.908074], [-161.767671, 59.90992], [-161.76623, 59.911759], [-161.764757, 59.913592], [-161.763254, 59.915419], [-161.76172, 59.917239], [-161.760155, 59.919053]]}}, {"type": "Feature", "properties": {"kind": "band", "r_km": 27.0, "major": false}, "geometry": {"type": "LineString", "coordinates": [[-161.780651, 59.732916], [-161.782186, 59.734817], [-161.783689, 59.736724], [-161.78516, 59.738637], [-161.786599, 59.740557], [-161.788006, 59.742483], [-161.789381, 59.744414], [-161.790723, 59.746352], [-161.792033, 59.748294], [-161.793311, 59.750243], [-161.794556, 59.752197], [-161.795769, 59.754156], [-161.796948, 59.75612], [-161.798095, 59.758089], [-161.799209, 59.760063], [-161.80029, 59.762042], [-161.801337, 59.764025], [-161.802352, 59.766012], [-161.803333, 59.768004], [-161.804281, 59.77], [-161.805195, 59.771999], [-161.806076, 59.774003], [-161.806924, 59.77601], [-161.807737, 59.778021], [-161.808517, 59.780035], [-161.809264, 59.782052], [-161.809976, 59.784073], [-161.810655, 59.786096], [-161.811299, 59.788122], [-161.81191, 59.790151], [-161.812487, 59.792183], [-161.81303, 59.794217], [-161.813538, 59.796253], [-161.814012, 59.798291], [-161.814453, 59.800331], [-161.814858, 59.802373], [-161.81523, 59.804416], [-161.815567, 59.806461], [-161.81587, 59.808508], [-161.816139, 59.810555], [-161.816373, 59.812604], [-161.816573, 59.814653], [-161.816739, 59.816704], [-161.816869, 59.818755], [-161.816966, 59.820806], [-161.817028, 59.822858], [-161.817055, 59.82491], [-161.817048, 59.826962], [-161.817007, 59.829014], [-161.816931, 59.831066], [-161.81682, 59.833117], [-161.816675, 59.835168], [-161.816496, 59.837218], [-161.816282, 59.839267], [-161.816033, 59.841315], [-161.81575, 59.843362], [-161.815433, 59.845408], [-161.815081, 59.847453], [-161.814695, 59.849496], [-161.814274, 59.851537], [-161.813819, 59.853576], [-161.813329, 59.855613], [-161.812805, 59.857648], [-161.812247, 59.859681], [-161.811655, 59.861712], [-161.811028, 59.863739], [-161.810368, 59.865764], [-161.809673, 59.867787], [-161.808944, 59.869806], [-161.80818, 59.871822], [-161.807383, 59.873834], [-161.806552, 59.875844], [-161.805687, 59.877849], [-161.804788, 59.879851], [-161.803856, 59.881849], [-161.80289, 59.883843], [-161.80189, 59.885833], [-161.800856, 59.887818], [-161.799789, 59.889799], [-161.798688, 59.891775], [-161.797554, 59.893747], [-161.796387, 59.895714], [-161.795186, 59.897676], [-161.793953, 59.899632], [-161.792686, 59.901583], [-161.791386, 59.903529], [-161.790053, 59.905469], [-161.788688, 59.907404], [-161.78729, 59.909332], [-161.785859, 59.911255], [-161.784396, 59.913171], [-161.7829, 59.915081], [-161.781372, 59.916985], [-161.779812, 59.918882], [-161.778219, 59.920773], [-161.776595, 59.922657]]}}, {"type": "Feature", "properties": {"kind": "band", "r_km": 28.0, "major": false}, "geometry": {"type": "LineString", "coordinates": [[-161.797147, 59.72949], [-161.79874, 59.731461], [-161.800299, 59.733438], [-161.801825, 59.735423], [-161.803319, 59.737413], [-161.804779, 59.73941], [-161.806205, 59.741413], [-161.807598, 59.743422], [-161.808958, 59.745437], [-161.810284, 59.747457], [-161.811576, 59.749483], [-161.812834, 59.751514], [-161.814059, 59.753551], [-161.815249, 59.755593], [-161.816405, 59.75764], [-161.817527, 59.759692], [-161.818614, 59.761748], [-161.819667, 59.763809], [-161.820686, 59.765874], [-161.82167, 59.767944], [-161.822619, 59.770017], [-161.823534, 59.772095], [-161.824413, 59.774177], [-161.825258, 59.776262], [-161.826068, 59.77835], [-161.826843, 59.780442], [-161.827583, 59.782537], [-161.828288, 59.784636], [-161.828958, 59.786737], [-161.829592, 59.788841], [-161.830191, 59.790947], [-161.830755, 59.793057], [-161.831284, 59.795168], [-161.831777, 59.797281], [-161.832234, 59.799397], [-161.832656, 59.801514], [-161.833043, 59.803634], [-161.833394, 59.805754], [-161.833709, 59.807876], [-161.833989, 59.81], [-161.834233, 59.812124], [-161.834441, 59.81425], [-161.834614, 59.816376], [-161.834751, 59.818503], [-161.834852, 59.82063], [-161.834917, 59.822758], [-161.834947, 59.824886], [-161.834941, 59.827014], [-161.834899, 59.829142], [-161.834821, 59.83127], [-161.834708, 59.833397], [-161.834559, 59.835524], [-161.834374, 59.83765], [-161.834153, 59.839775], [-161.833896, 59.841899], [-161.833604, 59.844022], [-161.833276, 59.846144], [-161.832912, 59.848264], [-161.832513, 59.850383], [-161.832077, 59.852499], [-161.831606, 59.854614], [-161.8311, 59.856727], [-161.830558, 59.858838], [-161.82998, 59.860946], [-161.829367, 59.863051], [-161.828718, 59.865154], [-161.828034, 59.867255], [-161.827314, 59.869352], [-161.826559, 59.871446], [-161.825769, 59.873537], [-161.824944, 59.875624], [-161.824083, 59.877708], [-161.823187, 59.879788], [-161.822256, 59.881864], [-161.82129, 59.883936], [-161.820289, 59.886004], [-161.819253, 59.888067], [-161.818182, 59.890126], [-161.817076, 59.892181], [-161.815936, 59.894231], [-161.814761, 59.896275], [-161.813551, 59.898315], [-161.812307, 59.90035], [-161.811028, 59.902379], [-161.809716, 59.904403], [-161.808369, 59.906421], [-161.806988, 59.908433], [-161.805572, 59.910439], [-161.804123, 59.912439], [-161.80264, 59.914433], [-161.801124, 59.916421], [-161.799573, 59.918402], [-161.79799, 59.920376], [-161.796372, 59.922344], [-161.794722, 59.924305], [-161.793038, 59.926258]]}}, {"type": "Feature", "properties": {"kind": "band", "r_km": 29.0, "major": false}, "geometry": {"type": "LineString", "coordinates": [[-161.81364, 59.726062], [-161.81529, 59.728103], [-161.816906, 59.730151], [-161.818488, 59.732206], [-161.820035, 59.734267], [-161.821548, 59.736335], [-161.823027, 59.738409], [-161.824471, 59.74049], [-161.82588, 59.742576], [-161.827254, 59.744669], [-161.828593, 59.746767], [-161.829897, 59.748871], [-161.831166, 59.75098], [-161.8324, 59.753095], [-161.833598, 59.755215], [-161.834761, 59.757339], [-161.835889, 59.759469], [-161.83698, 59.761603], [-161.838036, 59.763742], [-161.839056, 59.765886], [-161.840041, 59.768033], [-161.840989, 59.770185], [-161.841901, 59.772341], [-161.842778, 59.7745], [-161.843618, 59.776663], [-161.844421, 59.77883], [-161.845189, 59.781], [-161.84592, 59.783173], [-161.846615, 59.785349], [-161.847273, 59.787528], [-161.847895, 59.78971], [-161.84848, 59.791894], [-161.849028, 59.794081], [-161.84954, 59.79627], [-161.850015, 59.798461], [-161.850453, 59.800654], [-161.850855, 59.802849], [-161.851219, 59.805045], [-161.851547, 59.807243], [-161.851838, 59.809442], [-161.852092, 59.811642], [-161.852309, 59.813844], [-161.852489, 59.816046], [-161.852632, 59.818249], [-161.852738, 59.820452], [-161.852807, 59.822656], [-161.852839, 59.82486], [-161.852834, 59.827064], [-161.852792, 59.829268], [-161.852712, 59.831472], [-161.852596, 59.833675], [-161.852442, 59.835878], [-161.852252, 59.83808], [-161.852024, 59.840281], [-161.85176, 59.842481], [-161.851458, 59.84468], [-161.85112, 59.846877], [-161.850744, 59.849073], [-161.850331, 59.851267], [-161.849882, 59.85346], [-161.849395, 59.85565], [-161.848872, 59.857839], [-161.848312, 59.860025], [-161.847714, 59.862208], [-161.84708, 59.864389], [-161.84641, 59.866567], [-161.845702, 59.868742], [-161.844958, 59.870915], [-161.844177, 59.873084], [-161.84336, 59.875249], [-161.842506, 59.877411], [-161.841615, 59.879569], [-161.840688, 59.881724], [-161.839725, 59.883874], [-161.838726, 59.88602], [-161.83769, 59.888162], [-161.836618, 59.8903], [-161.83551, 59.892433], [-161.834366, 59.894561], [-161.833185, 59.896684], [-161.83197, 59.898802], [-161.830718, 59.900914], [-161.82943, 59.903022], [-161.828107, 59.905124], [-161.826748, 59.90722], [-161.825354, 59.90931], [-161.823925, 59.911394], [-161.82246, 59.913472], [-161.82096, 59.915544], [-161.819425, 59.91761], [-161.817855, 59.919668], [-161.81625, 59.92172], [-161.814611, 59.923766], [-161.812937, 59.925804], [-161.811228, 59.927835], [-161.809485, 59.929858]]}}, {"type": "Feature", "properties": {"kind": "band", "r_km": 30.0, "major": false}, "geometry": {"type": "LineString", "coordinates": [[-161.83013, 59.722632], [-161.831837, 59.724743], [-161.83351, 59.726861], [-161.835147, 59.728987], [-161.836749, 59.731119], [-161.838315, 59.733258], [-161.839845, 59.735404], [-161.84134, 59.737556], [-161.842799, 59.739714], [-161.844221, 59.741878], [-161.845608, 59.744049], [-161.846958, 59.746225], [-161.848271, 59.748407], [-161.849549, 59.750594], [-161.850789, 59.752787], [-161.851993, 59.754985], [-161.853161, 59.757188], [-161.854291, 59.759396], [-161.855385, 59.761608], [-161.856441, 59.763825], [-161.85746, 59.766047], [-161.858442, 59.768273], [-161.859387, 59.770503], [-161.860295, 59.772736], [-161.861165, 59.774974], [-161.861998, 59.777215], [-161.862793, 59.77946], [-161.86355, 59.781708], [-161.86427, 59.783959], [-161.864952, 59.786213], [-161.865596, 59.78847], [-161.866203, 59.790729], [-161.866771, 59.792991], [-161.867302, 59.795256], [-161.867795, 59.797522], [-161.868249, 59.799791], [-161.868666, 59.802061], [-161.869044, 59.804333], [-161.869385, 59.806607], [-161.869687, 59.808882], [-161.869951, 59.811158], [-161.870176, 59.813435], [-161.870364, 59.815713], [-161.870513, 59.817992], [-161.870624, 59.820272], [-161.870696, 59.822551], [-161.870731, 59.824831], [-161.870726, 59.827111], [-161.870684, 59.829391], [-161.870603, 59.831671], [-161.870484, 59.83395], [-161.870327, 59.836229], [-161.870131, 59.838507], [-161.869897, 59.840784], [-161.869624, 59.84306], [-161.869313, 59.845335], [-161.868964, 59.847608], [-161.868577, 59.84988], [-161.868151, 59.85215], [-161.867687, 59.854418], [-161.867185, 59.856684], [-161.866645, 59.858948], [-161.866066, 59.861209], [-161.86545, 59.863468], [-161.864795, 59.865724], [-161.864103, 59.867978], [-161.863372, 59.870228], [-161.862603, 59.872475], [-161.861797, 59.874719], [-161.860952, 59.876959], [-161.86007, 59.879196], [-161.85915, 59.881429], [-161.858192, 59.883658], [-161.857197, 59.885882], [-161.856164, 59.888103], [-161.855093, 59.890319], [-161.853985, 59.89253], [-161.85284, 59.894736], [-161.851658, 59.896938], [-161.850438, 59.899134], [-161.849181, 59.901326], [-161.847887, 59.903511], [-161.846556, 59.905691], [-161.845189, 59.907866], [-161.843784, 59.910035], [-161.842343, 59.912197], [-161.840865, 59.914353], [-161.839351, 59.916503], [-161.8378, 59.918647], [-161.836213, 59.920784], [-161.83459, 59.922914], [-161.832931, 59.925037], [-161.831235, 59.927153], [-161.829504, 59.929261], [-161.827738, 59.931362], [-161.825935, 59.933456]]}}, {"type": "Feature", "properties": {"kind": "band", "r_km": 31.0, "major": false}, "geometry": {"type": "LineString", "coordinates": [[-161.846616, 59.719199], [-161.848381, 59.721381], [-161.850111, 59.72357], [-161.851803, 59.725766], [-161.853459, 59.727969], [-161.855079, 59.730179], [-161.856661, 59.732396], [-161.858206, 59.73462], [-161.859715, 59.73685], [-161.861186, 59.739086], [-161.862619, 59.741329], [-161.864015, 59.743577], [-161.865374, 59.745831], [-161.866695, 59.748092], [-161.867978, 59.750357], [-161.869223, 59.752628], [-161.87043, 59.754904], [-161.8716, 59.757186], [-161.872731, 59.759472], [-161.873823, 59.761763], [-161.874878, 59.764058], [-161.875894, 59.766358], [-161.876871, 59.768662], [-161.87781, 59.77097], [-161.878711, 59.773282], [-161.879572, 59.775598], [-161.880395, 59.777917], [-161.881179, 59.78024], [-161.881924, 59.782566], [-161.88263, 59.784895], [-161.883297, 59.787227], [-161.883925, 59.789562], [-161.884514, 59.791899], [-161.885063, 59.794239], [-161.885573, 59.796581], [-161.886044, 59.798925], [-161.886476, 59.801271], [-161.886868, 59.803619], [-161.887221, 59.805969], [-161.887535, 59.808319], [-161.887809, 59.810671], [-161.888043, 59.813024], [-161.888238, 59.815378], [-161.888393, 59.817733], [-161.888509, 59.820089], [-161.888586, 59.822444], [-161.888622, 59.8248], [-161.888619, 59.827156], [-161.888577, 59.829512], [-161.888494, 59.831868], [-161.888373, 59.834223], [-161.888211, 59.836578], [-161.88801, 59.838932], [-161.887769, 59.841285], [-161.887489, 59.843637], [-161.887169, 59.845987], [-161.88681, 59.848336], [-161.886411, 59.850684], [-161.885972, 59.853029], [-161.885494, 59.855373], [-161.884976, 59.857715], [-161.884419, 59.860054], [-161.883823, 59.862391], [-161.883187, 59.864726], [-161.882512, 59.867057], [-161.881797, 59.869386], [-161.881043, 59.871711], [-161.88025, 59.874033], [-161.879418, 59.876352], [-161.878546, 59.878667], [-161.877636, 59.880978], [-161.876686, 59.883286], [-161.875698, 59.885589], [-161.87467, 59.887888], [-161.873604, 59.890183], [-161.872499, 59.892473], [-161.871355, 59.894758], [-161.870173, 59.897038], [-161.868952, 59.899313], [-161.867693, 59.901583], [-161.866395, 59.903847], [-161.865059, 59.906106], [-161.863685, 59.908359], [-161.862273, 59.910606], [-161.860823, 59.912847], [-161.859334, 59.915082], [-161.857808, 59.91731], [-161.856244, 59.919532], [-161.854643, 59.921747], [-161.853004, 59.923956], [-161.851328, 59.926157], [-161.849614, 59.928351], [-161.847863, 59.930537], [-161.846076, 59.932717], [-161.844251, 59.934888], [-161.842389, 59.937052]]}}, {"type": "Feature", "properties": {"kind": "band", "r_km": 32.0, "major": false}, "geometry": {"type": "LineString", "coordinates": [[-161.863098, 59.715765], [-161.864922, 59.718017], [-161.866708, 59.720276], [-161.868456, 59.722543], [-161.870167, 59.724817], [-161.871839, 59.727098], [-161.873474, 59.729386], [-161.87507, 59.731681], [-161.876628, 59.733983], [-161.878147, 59.736291], [-161.879628, 59.738606], [-161.88107, 59.740927], [-161.882474, 59.743254], [-161.883838, 59.745587], [-161.885164, 59.747925], [-161.886451, 59.750269], [-161.887698, 59.752619], [-161.888906, 59.754973], [-161.890075, 59.757333], [-161.891204, 59.759698], [-161.892293, 59.762067], [-161.893343, 59.764441], [-161.894354, 59.766819], [-161.895324, 59.769202], [-161.896255, 59.771588], [-161.897145, 59.773979], [-161.897996, 59.776373], [-161.898806, 59.77877], [-161.899576, 59.781171], [-161.900306, 59.783575], [-161.900996, 59.785983], [-161.901646, 59.788393], [-161.902255, 59.790805], [-161.902823, 59.79322], [-161.903351, 59.795638], [-161.903839, 59.798058], [-161.904285, 59.800479], [-161.904692, 59.802903], [-161.905057, 59.805328], [-161.905382, 59.807754], [-161.905666, 59.810182], [-161.90591, 59.812611], [-161.906112, 59.815041], [-161.906274, 59.817472], [-161.906395, 59.819903], [-161.906475, 59.822335], [-161.906514, 59.824767], [-161.906512, 59.827199], [-161.906469, 59.829631], [-161.906386, 59.832062], [-161.906261, 59.834494], [-161.906096, 59.836924], [-161.90589, 59.839354], [-161.905643, 59.841783], [-161.905354, 59.844211], [-161.905026, 59.846637], [-161.904656, 59.849062], [-161.904245, 59.851485], [-161.903794, 59.853907], [-161.903301, 59.856326], [-161.902768, 59.858744], [-161.902195, 59.861159], [-161.90158, 59.863571], [-161.900925, 59.865981], [-161.900229, 59.868388], [-161.899493, 59.870791], [-161.898716, 59.873192], [-161.897898, 59.875589], [-161.89704, 59.877983], [-161.896142, 59.880373], [-161.895204, 59.882759], [-161.894225, 59.885141], [-161.893205, 59.887518], [-161.892146, 59.889892], [-161.891047, 59.89226], [-161.889907, 59.894624], [-161.888728, 59.896983], [-161.887508, 59.899337], [-161.886249, 59.901686], [-161.884951, 59.904029], [-161.883612, 59.906367], [-161.882234, 59.908698], [-161.880817, 59.911024], [-161.87936, 59.913344], [-161.877864, 59.915658], [-161.876329, 59.917965], [-161.874754, 59.920265], [-161.873141, 59.922559], [-161.871489, 59.924846], [-161.869798, 59.927125], [-161.868069, 59.929398], [-161.866301, 59.931663], [-161.864495, 59.93392], [-161.86265, 59.93617], [-161.860768, 59.938412], [-161.858847, 59.940645]]}}, {"type": "Feature", "properties": {"kind": "band", "r_km": 33.0, "major": false}, "geometry": {"type": "LineString", "coordinates": [[-161.879578, 59.712329], [-161.881459, 59.71465], [-161.883302, 59.71698], [-161.885106, 59.719317], [-161.886871, 59.721662], [-161.888597, 59.724014], [-161.890283, 59.726374], [-161.89193, 59.728741], [-161.893538, 59.731114], [-161.895106, 59.733494], [-161.896634, 59.735881], [-161.898123, 59.738274], [-161.899571, 59.740674], [-161.900979, 59.743079], [-161.902348, 59.745491], [-161.903675, 59.747908], [-161.904963, 59.750331], [-161.90621, 59.752759], [-161.907416, 59.755192], [-161.908582, 59.757631], [-161.909707, 59.760074], [-161.910791, 59.762522], [-161.911834, 59.764974], [-161.912836, 59.767431], [-161.913797, 59.769892], [-161.914716, 59.772357], [-161.915595, 59.774826], [-161.916432, 59.777298], [-161.917227, 59.779774], [-161.917982, 59.782253], [-161.918694, 59.784735], [-161.919365, 59.787221], [-161.919994, 59.789709], [-161.920582, 59.792199], [-161.921128, 59.794692], [-161.921632, 59.797187], [-161.922094, 59.799685], [-161.922514, 59.802184], [-161.922893, 59.804685], [-161.923229, 59.807187], [-161.923523, 59.809691], [-161.923775, 59.812195], [-161.923986, 59.814701], [-161.924154, 59.817208], [-161.92428, 59.819715], [-161.924364, 59.822223], [-161.924405, 59.824731], [-161.924405, 59.827239], [-161.924362, 59.829747], [-161.924277, 59.832254], [-161.92415, 59.834762], [-161.923981, 59.837268], [-161.92377, 59.839774], [-161.923516, 59.842279], [-161.923221, 59.844783], [-161.922883, 59.847285], [-161.922503, 59.849786], [-161.922081, 59.852285], [-161.921616, 59.854782], [-161.92111, 59.857277], [-161.920562, 59.85977], [-161.919971, 59.86226], [-161.919339, 59.864748], [-161.918665, 59.867233], [-161.917948, 59.869716], [-161.91719, 59.872195], [-161.91639, 59.87467], [-161.915549, 59.877143], [-161.914665, 59.879611], [-161.91374, 59.882076], [-161.912773, 59.884536], [-161.911765, 59.886993], [-161.910715, 59.889445], [-161.909624, 59.891893], [-161.908491, 59.894336], [-161.907317, 59.896774], [-161.906102, 59.899206], [-161.904846, 59.901634], [-161.903549, 59.904056], [-161.902211, 59.906473], [-161.900832, 59.908884], [-161.899412, 59.911289], [-161.897951, 59.913687], [-161.89645, 59.91608], [-161.894908, 59.918466], [-161.893326, 59.920845], [-161.891704, 59.923218], [-161.890041, 59.925584], [-161.888339, 59.927942], [-161.886596, 59.930293], [-161.884813, 59.932637], [-161.882991, 59.934973], [-161.88113, 59.937301], [-161.879228, 59.939621], [-161.877288, 59.941933], [-161.875308, 59.944237]]}}, {"type": "Feature", "properties": {"kind": "band", "r_km": 34.0, "major": false}, "geometry": {"type": "LineString", "coordinates": [[-161.896054, 59.70889], [-161.897993, 59.711282], [-161.899893, 59.713682], [-161.901752, 59.71609], [-161.903572, 59.718506], [-161.905351, 59.720929], [-161.90709, 59.72336], [-161.908788, 59.725798], [-161.910445, 59.728243], [-161.912062, 59.730695], [-161.913637, 59.733154], [-161.915172, 59.73562], [-161.916666, 59.738092], [-161.918118, 59.74057], [-161.919529, 59.743054], [-161.920898, 59.745545], [-161.922226, 59.748041], [-161.923512, 59.750542], [-161.924756, 59.753049], [-161.925958, 59.755561], [-161.927118, 59.758078], [-161.928236, 59.7606], [-161.929312, 59.763127], [-161.930346, 59.765658], [-161.931337, 59.768193], [-161.932286, 59.770733], [-161.933192, 59.773276], [-161.934056, 59.775823], [-161.934877, 59.778374], [-161.935655, 59.780928], [-161.936391, 59.783486], [-161.937083, 59.786046], [-161.937733, 59.78861], [-161.93834, 59.791176], [-161.938904, 59.793744], [-161.939424, 59.796315], [-161.939902, 59.798888], [-161.940336, 59.801462], [-161.940727, 59.804039], [-161.941075, 59.806617], [-161.94138, 59.809197], [-161.941641, 59.811777], [-161.941859, 59.814359], [-161.942034, 59.816942], [-161.942165, 59.819525], [-161.942252, 59.822108], [-161.942297, 59.824692], [-161.942298, 59.827276], [-161.942255, 59.82986], [-161.942169, 59.832444], [-161.94204, 59.835027], [-161.941867, 59.83761], [-161.94165, 59.840192], [-161.941391, 59.842772], [-161.941087, 59.845352], [-161.940741, 59.84793], [-161.94035, 59.850507], [-161.939917, 59.853082], [-161.93944, 59.855655], [-161.93892, 59.858225], [-161.938356, 59.860794], [-161.937749, 59.86336], [-161.937099, 59.865923], [-161.936405, 59.868484], [-161.935669, 59.871041], [-161.934889, 59.873596], [-161.934066, 59.876146], [-161.9332, 59.878694], [-161.932291, 59.881237], [-161.93134, 59.883777], [-161.930345, 59.886312], [-161.929307, 59.888843], [-161.928227, 59.89137], [-161.927104, 59.893892], [-161.925938, 59.896409], [-161.92473, 59.898921], [-161.923479, 59.901427], [-161.922186, 59.903929], [-161.920851, 59.906425], [-161.919473, 59.908915], [-161.918054, 59.911399], [-161.916592, 59.913877], [-161.915088, 59.916348], [-161.913543, 59.918814], [-161.911955, 59.921272], [-161.910326, 59.923724], [-161.908656, 59.926168], [-161.906944, 59.928606], [-161.905191, 59.931036], [-161.903397, 59.933459], [-161.901561, 59.935874], [-161.899685, 59.938281], [-161.897768, 59.94068], [-161.89581, 59.94307], [-161.893811, 59.945453], [-161.891773, 59.947827]]}}, {"type": "Feature", "properties": {"kind": "band", "r_km": 5.0, "major": true}, "geometry": {"type": "LineString", "coordinates": [[-161.416881, 59.807764], [-161.417162, 59.808117], [-161.417437, 59.808471], [-161.417706, 59.808826], [-161.417969, 59.809182], [-161.418226, 59.80954], [-161.418477, 59.809898], [-161.418722, 59.810258], [-161.418961, 59.810618], [-161.419194, 59.81098], [-161.419421, 59.811342], [-161.419642, 59.811706], [-161.419857, 59.81207], [-161.420065, 59.812435], [-161.420268, 59.812801], [-161.420464, 59.813168], [-161.420654, 59.813536], [-161.420838, 59.813905], [-161.421016, 59.814274], [-161.421187, 59.814644], [-161.421353, 59.815015], [-161.421512, 59.815386], [-161.421665, 59.815759], [-161.421811, 59.816131], [-161.421951, 59.816505], [-161.422085, 59.816879], [-161.422213, 59.817253], [-161.422335, 59.817628], [-161.42245, 59.818004], [-161.422558, 59.81838], [-161.422661, 59.818756], [-161.422757, 59.819133], [-161.422847, 59.819511], [-161.42293, 59.819888], [-161.423008, 59.820266], [-161.423078, 59.820645], [-161.423143, 59.821023], [-161.423201, 59.821402], [-161.423252, 59.821781], [-161.423298, 59.822161], [-161.423337, 59.82254], [-161.423369, 59.82292], [-161.423395, 59.8233], [-161.423415, 59.82368], [-161.423428, 59.82406], [-161.423435, 59.82444], [-161.423436, 59.82482], [-161.42343, 59.8252], [-161.423418, 59.825579], [-161.4234, 59.825959], [-161.423375, 59.826339], [-161.423343, 59.826719], [-161.423306, 59.827098], [-161.423261, 59.827478], [-161.423211, 59.827857], [-161.423154, 59.828236], [-161.423091, 59.828615], [-161.423021, 59.828993], [-161.422945, 59.829371], [-161.422863, 59.829749], [-161.422774, 59.830126], [-161.422679, 59.830503], [-161.422578, 59.83088], [-161.42247, 59.831256], [-161.422356, 59.831632], [-161.422236, 59.832007], [-161.422109, 59.832381], [-161.421976, 59.832755], [-161.421837, 59.833129], [-161.421692, 59.833502], [-161.42154, 59.833874], [-161.421382, 59.834246], [-161.421218, 59.834617], [-161.421047, 59.834987], [-161.42087, 59.835356], [-161.420688, 59.835725], [-161.420498, 59.836093], [-161.420303, 59.83646], [-161.420102, 59.836826], [-161.419894, 59.837192], [-161.41968, 59.837556], [-161.41946, 59.83792], [-161.419234, 59.838283], [-161.419002, 59.838644], [-161.418764, 59.839005], [-161.41852, 59.839365], [-161.418269, 59.839723], [-161.418013, 59.840081], [-161.417751, 59.840437], [-161.417482, 59.840792], [-161.417208, 59.841147], [-161.416928, 59.8415], [-161.416641, 59.841851], [-161.416349, 59.842202], [-161.416051, 59.842551], [-161.415747, 59.842899]]}}, {"type": "Feature", "properties": {"kind": "band", "r_km": 10.0, "major": true}, "geometry": {"type": "LineString", "coordinates": [[-161.499699, 59.790842], [-161.500262, 59.791547], [-161.500814, 59.792254], [-161.501354, 59.792964], [-161.501881, 59.793676], [-161.502397, 59.794391], [-161.502901, 59.795107], [-161.503393, 59.795826], [-161.503873, 59.796547], [-161.50434, 59.797269], [-161.504796, 59.797994], [-161.505239, 59.79872], [-161.50567, 59.799449], [-161.506089, 59.800179], [-161.506496, 59.800911], [-161.50689, 59.801645], [-161.507272, 59.80238], [-161.507642, 59.803117], [-161.507999, 59.803855], [-161.508344, 59.804595], [-161.508676, 59.805337], [-161.508996, 59.80608], [-161.509304, 59.806824], [-161.509599, 59.807569], [-161.509881, 59.808316], [-161.510151, 59.809064], [-161.510409, 59.809812], [-161.510653, 59.810562], [-161.510886, 59.811313], [-161.511105, 59.812065], [-161.511312, 59.812818], [-161.511506, 59.813572], [-161.511688, 59.814326], [-161.511857, 59.815082], [-161.512013, 59.815838], [-161.512157, 59.816594], [-161.512288, 59.817351], [-161.512406, 59.818109], [-161.512511, 59.818867], [-161.512604, 59.819626], [-161.512684, 59.820385], [-161.512751, 59.821144], [-161.512805, 59.821904], [-161.512847, 59.822663], [-161.512875, 59.823423], [-161.512891, 59.824183], [-161.512895, 59.824943], [-161.512885, 59.825703], [-161.512863, 59.826463], [-161.512828, 59.827223], [-161.51278, 59.827983], [-161.512719, 59.828742], [-161.512646, 59.829501], [-161.51256, 59.83026], [-161.512461, 59.831018], [-161.512349, 59.831776], [-161.512225, 59.832534], [-161.512087, 59.833291], [-161.511937, 59.834047], [-161.511775, 59.834803], [-161.511599, 59.835557], [-161.511411, 59.836312], [-161.511211, 59.837065], [-161.510997, 59.837817], [-161.510771, 59.838569], [-161.510533, 59.839319], [-161.510281, 59.840069], [-161.510017, 59.840817], [-161.509741, 59.841564], [-161.509452, 59.84231], [-161.50915, 59.843055], [-161.508836, 59.843799], [-161.508509, 59.844541], [-161.50817, 59.845281], [-161.507818, 59.84602], [-161.507454, 59.846758], [-161.507078, 59.847494], [-161.506689, 59.848229], [-161.506288, 59.848962], [-161.505874, 59.849693], [-161.505448, 59.850422], [-161.50501, 59.851149], [-161.50456, 59.851875], [-161.504097, 59.852599], [-161.503622, 59.85332], [-161.503135, 59.85404], [-161.502636, 59.854757], [-161.502125, 59.855473], [-161.501602, 59.856186], [-161.501067, 59.856897], [-161.50052, 59.857605], [-161.499961, 59.858312], [-161.49939, 59.859016], [-161.498807, 59.859717], [-161.498212, 59.860416], [-161.497606, 59.861112]]}}, {"type": "Feature", "properties": {"kind": "band", "r_km": 15.0, "major": true}, "geometry": {"type": "LineString", "coordinates": [[-161.582433, 59.773867], [-161.58328, 59.774924], [-161.58411, 59.775985], [-161.584922, 59.777049], [-161.585716, 59.778117], [-161.586492, 59.779188], [-161.58725, 59.780262], [-161.58799, 59.78134], [-161.588712, 59.78242], [-161.589416, 59.783504], [-161.590102, 59.78459], [-161.590769, 59.78568], [-161.591419, 59.786772], [-161.59205, 59.787867], [-161.592662, 59.788964], [-161.593256, 59.790065], [-161.593832, 59.791167], [-161.594389, 59.792272], [-161.594928, 59.79338], [-161.595448, 59.794489], [-161.595949, 59.795601], [-161.596432, 59.796715], [-161.596896, 59.797831], [-161.597341, 59.798948], [-161.597768, 59.800068], [-161.598176, 59.80119], [-161.598565, 59.802313], [-161.598935, 59.803437], [-161.599286, 59.804564], [-161.599618, 59.805691], [-161.599932, 59.80682], [-161.600226, 59.807951], [-161.600501, 59.809082], [-161.600758, 59.810215], [-161.600995, 59.811349], [-161.601213, 59.812484], [-161.601413, 59.813619], [-161.601593, 59.814756], [-161.601754, 59.815893], [-161.601896, 59.817031], [-161.602019, 59.818169], [-161.602122, 59.819308], [-161.602207, 59.820447], [-161.602272, 59.821587], [-161.602319, 59.822726], [-161.602346, 59.823866], [-161.602354, 59.825006], [-161.602342, 59.826146], [-161.602312, 59.827286], [-161.602262, 59.828426], [-161.602194, 59.829566], [-161.602106, 59.830705], [-161.601999, 59.831843], [-161.601873, 59.832982], [-161.601727, 59.834119], [-161.601563, 59.835256], [-161.601379, 59.836393], [-161.601176, 59.837528], [-161.600954, 59.838663], [-161.600713, 59.839796], [-161.600453, 59.840929], [-161.600174, 59.84206], [-161.599876, 59.84319], [-161.599559, 59.844319], [-161.599223, 59.845447], [-161.598868, 59.846573], [-161.598494, 59.847697], [-161.598101, 59.84882], [-161.597689, 59.849941], [-161.597258, 59.85106], [-161.596808, 59.852178], [-161.59634, 59.853293], [-161.595853, 59.854407], [-161.595347, 59.855518], [-161.594822, 59.856627], [-161.594279, 59.857734], [-161.593717, 59.858839], [-161.593136, 59.859941], [-161.592537, 59.86104], [-161.591919, 59.862137], [-161.591283, 59.863232], [-161.590628, 59.864323], [-161.589955, 59.865412], [-161.589264, 59.866498], [-161.588554, 59.867581], [-161.587826, 59.868661], [-161.58708, 59.869738], [-161.586315, 59.870811], [-161.585533, 59.871881], [-161.584733, 59.872948], [-161.583914, 59.874012], [-161.583078, 59.875072], [-161.582224, 59.876128], [-161.581351, 59.877181], [-161.580462, 59.87823], [-161.579554, 59.879275]]}}, {"type": "Feature", "properties": {"kind": "band", "r_km": 20.0, "major": true}, "geometry": {"type": "LineString", "coordinates": [[-161.665083, 59.75684], [-161.666216, 59.758249], [-161.667325, 59.759663], [-161.66841, 59.761081], [-161.669472, 59.762504], [-161.67051, 59.763932], [-161.671524, 59.765363], [-161.672514, 59.766799], [-161.67348, 59.768239], [-161.674422, 59.769683], [-161.675339, 59.771132], [-161.676233, 59.772584], [-161.677102, 59.774039], [-161.677946, 59.775499], [-161.678767, 59.776962], [-161.679562, 59.778428], [-161.680333, 59.779898], [-161.68108, 59.78137], [-161.681802, 59.782846], [-161.682499, 59.784325], [-161.683171, 59.785807], [-161.683818, 59.787292], [-161.684441, 59.788779], [-161.685038, 59.790269], [-161.685611, 59.791762], [-161.686158, 59.793257], [-161.686681, 59.794754], [-161.687178, 59.796253], [-161.68765, 59.797755], [-161.688097, 59.799258], [-161.688519, 59.800763], [-161.688915, 59.80227], [-161.689287, 59.803778], [-161.689632, 59.805289], [-161.689953, 59.8068], [-161.690248, 59.808313], [-161.690518, 59.809827], [-161.690762, 59.811342], [-161.690981, 59.812858], [-161.691174, 59.814375], [-161.691342, 59.815893], [-161.691484, 59.817411], [-161.691601, 59.81893], [-161.691692, 59.820449], [-161.691758, 59.821969], [-161.691798, 59.823489], [-161.691813, 59.825009], [-161.691802, 59.826529], [-161.691766, 59.828049], [-161.691703, 59.829568], [-161.691616, 59.831088], [-161.691503, 59.832607], [-161.691364, 59.834125], [-161.6912, 59.835643], [-161.69101, 59.83716], [-161.690795, 59.838676], [-161.690554, 59.840191], [-161.690288, 59.841706], [-161.689996, 59.843218], [-161.689679, 59.84473], [-161.689336, 59.84624], [-161.688968, 59.847749], [-161.688574, 59.849256], [-161.688155, 59.850762], [-161.687711, 59.852265], [-161.687241, 59.853767], [-161.686747, 59.855266], [-161.686226, 59.856764], [-161.685681, 59.858259], [-161.68511, 59.859752], [-161.684515, 59.861242], [-161.683894, 59.86273], [-161.683248, 59.864215], [-161.682577, 59.865697], [-161.681881, 59.867177], [-161.68116, 59.868653], [-161.680414, 59.870126], [-161.679644, 59.871596], [-161.678848, 59.873063], [-161.678028, 59.874526], [-161.677183, 59.875986], [-161.676314, 59.877442], [-161.67542, 59.878894], [-161.674501, 59.880342], [-161.673558, 59.881787], [-161.672591, 59.883227], [-161.671599, 59.884664], [-161.670583, 59.886096], [-161.669543, 59.887523], [-161.668479, 59.888947], [-161.667391, 59.890365], [-161.666279, 59.891779], [-161.665142, 59.893188], [-161.663983, 59.894593], [-161.662799, 59.895992], [-161.661592, 59.897386]]}}, {"type": "Feature", "properties": {"kind": "band", "r_km": 25.0, "major": true}, "geometry": {"type": "LineString", "coordinates": [[-161.747648, 59.739762], [-161.749068, 59.741522], [-161.750458, 59.743288], [-161.751819, 59.74506], [-161.75315, 59.746838], [-161.754451, 59.748622], [-161.755722, 59.75041], [-161.756964, 59.752205], [-161.758175, 59.754004], [-161.759357, 59.755808], [-161.760508, 59.757618], [-161.761629, 59.759432], [-161.762719, 59.761251], [-161.76378, 59.763074], [-161.764809, 59.764902], [-161.765808, 59.766735], [-161.766776, 59.768571], [-161.767714, 59.770412], [-161.768621, 59.772256], [-161.769497, 59.774104], [-161.770341, 59.775956], [-161.771155, 59.777811], [-161.771938, 59.77967], [-161.77269, 59.781532], [-161.77341, 59.783397], [-161.774099, 59.785265], [-161.774757, 59.787136], [-161.775383, 59.78901], [-161.775978, 59.790886], [-161.776542, 59.792765], [-161.777074, 59.794646], [-161.777574, 59.796529], [-161.778043, 59.798415], [-161.778481, 59.800302], [-161.778886, 59.802191], [-161.77926, 59.804082], [-161.779602, 59.805974], [-161.779912, 59.807868], [-161.780191, 59.809763], [-161.780438, 59.811659], [-161.780653, 59.813556], [-161.780836, 59.815453], [-161.780987, 59.817352], [-161.781106, 59.819251], [-161.781193, 59.821151], [-161.781249, 59.82305], [-161.781272, 59.82495], [-161.781263, 59.82685], [-161.781223, 59.82875], [-161.781151, 59.83065], [-161.781046, 59.832549], [-161.78091, 59.834448], [-161.780742, 59.836346], [-161.780541, 59.838244], [-161.780309, 59.84014], [-161.780045, 59.842036], [-161.779749, 59.84393], [-161.779421, 59.845823], [-161.779062, 59.847714], [-161.77867, 59.849604], [-161.778247, 59.851492], [-161.777791, 59.853378], [-161.777304, 59.855263], [-161.776786, 59.857145], [-161.776235, 59.859024], [-161.775653, 59.860902], [-161.775039, 59.862777], [-161.774394, 59.864649], [-161.773717, 59.866518], [-161.773008, 59.868385], [-161.772269, 59.870248], [-161.771497, 59.872108], [-161.770694, 59.873965], [-161.76986, 59.875819], [-161.768995, 59.877668], [-161.768098, 59.879514], [-161.767171, 59.881356], [-161.766212, 59.883195], [-161.765222, 59.885029], [-161.764201, 59.886858], [-161.763149, 59.888684], [-161.762067, 59.890504], [-161.760953, 59.89232], [-161.759809, 59.894132], [-161.758635, 59.895938], [-161.75743, 59.89774], [-161.756194, 59.899536], [-161.754928, 59.901327], [-161.753632, 59.903112], [-161.752306, 59.904892], [-161.750949, 59.906666], [-161.749563, 59.908434], [-161.748146, 59.910197], [-161.7467, 59.911953], [-161.745224, 59.913703], [-161.743719, 59.915447]]}}, {"type": "Feature", "properties": {"kind": "band", "r_km": 30.0, "major": true}, "geometry": {"type": "LineString", "coordinates": [[-161.83013, 59.722632], [-161.831837, 59.724743], [-161.83351, 59.726861], [-161.835147, 59.728987], [-161.836749, 59.731119], [-161.838315, 59.733258], [-161.839845, 59.735404], [-161.84134, 59.737556], [-161.842799, 59.739714], [-161.844221, 59.741878], [-161.845608, 59.744049], [-161.846958, 59.746225], [-161.848271, 59.748407], [-161.849549, 59.750594], [-161.850789, 59.752787], [-161.851993, 59.754985], [-161.853161, 59.757188], [-161.854291, 59.759396], [-161.855385, 59.761608], [-161.856441, 59.763825], [-161.85746, 59.766047], [-161.858442, 59.768273], [-161.859387, 59.770503], [-161.860295, 59.772736], [-161.861165, 59.774974], [-161.861998, 59.777215], [-161.862793, 59.77946], [-161.86355, 59.781708], [-161.86427, 59.783959], [-161.864952, 59.786213], [-161.865596, 59.78847], [-161.866203, 59.790729], [-161.866771, 59.792991], [-161.867302, 59.795256], [-161.867795, 59.797522], [-161.868249, 59.799791], [-161.868666, 59.802061], [-161.869044, 59.804333], [-161.869385, 59.806607], [-161.869687, 59.808882], [-161.869951, 59.811158], [-161.870176, 59.813435], [-161.870364, 59.815713], [-161.870513, 59.817992], [-161.870624, 59.820272], [-161.870696, 59.822551], [-161.870731, 59.824831], [-161.870726, 59.827111], [-161.870684, 59.829391], [-161.870603, 59.831671], [-161.870484, 59.83395], [-161.870327, 59.836229], [-161.870131, 59.838507], [-161.869897, 59.840784], [-161.869624, 59.84306], [-161.869313, 59.845335], [-161.868964, 59.847608], [-161.868577, 59.84988], [-161.868151, 59.85215], [-161.867687, 59.854418], [-161.867185, 59.856684], [-161.866645, 59.858948], [-161.866066, 59.861209], [-161.86545, 59.863468], [-161.864795, 59.865724], [-161.864103, 59.867978], [-161.863372, 59.870228], [-161.862603, 59.872475], [-161.861797, 59.874719], [-161.860952, 59.876959], [-161.86007, 59.879196], [-161.85915, 59.881429], [-161.858192, 59.883658], [-161.857197, 59.885882], [-161.856164, 59.888103], [-161.855093, 59.890319], [-161.853985, 59.89253], [-161.85284, 59.894736], [-161.851658, 59.896938], [-161.850438, 59.899134], [-161.849181, 59.901326], [-161.847887, 59.903511], [-161.846556, 59.905691], [-161.845189, 59.907866], [-161.843784, 59.910035], [-161.842343, 59.912197], [-161.840865, 59.914353], [-161.839351, 59.916503], [-161.8378, 59.918647], [-161.836213, 59.920784], [-161.83459, 59.922914], [-161.832931, 59.925037], [-161.831235, 59.927153], [-161.829504, 59.929261], [-161.827738, 59.931362], [-161.825935, 59.933456]]}}, {"type": "Feature", "properties": {"kind": "transect", "r_km": 4.0}, "geometry": {"type": "LineString", "coordinates": [[-161.402979, 59.815107], [-161.403041, 59.815221], [-161.403102, 59.815334], [-161.403162, 59.815448], [-161.403222, 59.815562], [-161.40328, 59.815676], [-161.403339, 59.81579], [-161.403396, 59.815904], [-161.403452, 59.816018], [-161.403508, 59.816133], [-161.403563, 59.816247], [-161.403618, 59.816362], [-161.403671, 59.816476], [-161.403724, 59.816591], [-161.403776, 59.816706], [-161.403828, 59.816821], [-161.403878, 59.816936], [-161.403928, 59.817051], [-161.403977, 59.817166], [-161.404026, 59.817281], [-161.404073, 59.817396], [-161.40412, 59.817512], [-161.404166, 59.817627], [-161.404212, 59.817742], [-161.404256, 59.817858], [-161.4043, 59.817974], [-161.404343, 59.818089], [-161.404386, 59.818205], [-161.404427, 59.818321], [-161.404468, 59.818437], [-161.404508, 59.818553], [-161.404547, 59.818669], [-161.404586, 59.818785], [-161.404624, 59.818901], [-161.404661, 59.819018], [-161.404697, 59.819134], [-161.404733, 59.81925], [-161.404768, 59.819367], [-161.404802, 59.819483], [-161.404835, 59.8196], [-161.404868, 59.819716], [-161.404899, 59.819833], [-161.40493, 59.81995], [-161.404961, 59.820067], [-161.40499, 59.820183], [-161.405019, 59.8203], [-161.405047, 59.820417], [-161.405074, 59.820534], [-161.4051, 59.820651], [-161.405126, 59.820768], [-161.405151, 59.820885], [-161.405175, 59.821002], [-161.405199, 59.821119], [-161.405221, 59.821237], [-161.405243, 59.821354], [-161.405264, 59.821471], [-161.405284, 59.821588], [-161.405304, 59.821706], [-161.405323, 59.821823], [-161.405341, 59.82194], [-161.405358, 59.822058], [-161.405375, 59.822175], [-161.405391, 59.822293], [-161.405406, 59.82241], [-161.40542, 59.822528], [-161.405433, 59.822645], [-161.405446, 59.822763], [-161.405458, 59.82288], [-161.405469, 59.822998], [-161.405479, 59.823116], [-161.405489, 59.823233], [-161.405498, 59.823351], [-161.405506, 59.823469], [-161.405513, 59.823586], [-161.40552, 59.823704], [-161.405526, 59.823822], [-161.405531, 59.823939], [-161.405535, 59.824057], [-161.405539, 59.824175], [-161.405541, 59.824293], [-161.405543, 59.82441], [-161.405544, 59.824528], [-161.405545, 59.824646], [-161.405545, 59.824764], [-161.405544, 59.824881], [-161.405542, 59.824999], [-161.405539, 59.825117], [-161.405536, 59.825234], [-161.405531, 59.825352], [-161.405527, 59.82547], [-161.405521, 59.825588], [-161.405514, 59.825705], [-161.405507, 59.825823], [-161.405499, 59.825941], [-161.40549, 59.826058], [-161.405481, 59.826176], [-161.405471, 59.826294], [-161.40546, 59.826411], [-161.405448, 59.826529], [-161.405435, 59.826646], [-161.405422, 59.826764], [-161.405408, 59.826881], [-161.405393, 59.826999], [-161.405377, 59.827116], [-161.405361, 59.827234], [-161.405344, 59.827351], [-161.405326, 59.827469], [-161.405307, 59.827586], [-161.405287, 59.827703], [-161.405267, 59.827821], [-161.405246, 59.827938], [-161.405224, 59.828055], [-161.405202, 59.828172], [-161.405179, 59.828289], [-161.405155, 59.828407], [-161.40513, 59.828524], [-161.405104, 59.828641], [-161.405078, 59.828758], [-161.405051, 59.828875], [-161.405023, 59.828992], [-161.404994, 59.829108], [-161.404965, 59.829225], [-161.404935, 59.829342], [-161.404904, 59.829459], [-161.404872, 59.829575], [-161.40484, 59.829692], [-161.404806, 59.829808], [-161.404773, 59.829925], [-161.404738, 59.830041], [-161.404702, 59.830158], [-161.404666, 59.830274], [-161.404629, 59.83039], [-161.404591, 59.830507], [-161.404553, 59.830623], [-161.404514, 59.830739], [-161.404474, 59.830855], [-161.404433, 59.830971], [-161.404391, 59.831087], [-161.404349, 59.831202], [-161.404306, 59.831318], [-161.404262, 59.831434], [-161.404218, 59.831549], [-161.404172, 59.831665], [-161.404126, 59.83178], [-161.40408, 59.831896], [-161.404032, 59.832011], [-161.403984, 59.832126], [-161.403935, 59.832241], [-161.403885, 59.832356], [-161.403834, 59.832471], [-161.403783, 59.832586], [-161.403731, 59.832701], [-161.403678, 59.832816], [-161.403625, 59.83293], [-161.40357, 59.833045], [-161.403515, 59.833159], [-161.40346, 59.833274], [-161.403403, 59.833388], [-161.403346, 59.833502], [-161.403288, 59.833616], [-161.403229, 59.83373], [-161.40317, 59.833844], [-161.403109, 59.833958], [-161.403048, 59.834072], [-161.402987, 59.834185], [-161.402924, 59.834299], [-161.402861, 59.834412], [-161.402797, 59.834525], [-161.402732, 59.834638], [-161.402667, 59.834751], [-161.402601, 59.834864], [-161.402534, 59.834977], [-161.402466, 59.83509], [-161.402398, 59.835203], [-161.402329, 59.835315], [-161.402259, 59.835428], [-161.402189, 59.83554], [-161.402117, 59.835652], [-161.402045, 59.835764], [-161.401973, 59.835876], [-161.401899, 59.835988], [-161.401825, 59.836099], [-161.40175, 59.836211], [-161.401674, 59.836322], [-161.401598, 59.836434], [-161.401521, 59.836545], [-161.401443, 59.836656], [-161.401365, 59.836767], [-161.401285, 59.836878], [-161.401205, 59.836988], [-161.401125, 59.837099], [-161.401043, 59.837209], [-161.400961, 59.83732], [-161.400878, 59.83743], [-161.400794, 59.83754], [-161.40071, 59.837649], [-161.400625, 59.837759], [-161.400539, 59.837869], [-161.400453, 59.837978], [-161.400366, 59.838087], [-161.400278, 59.838197], [-161.400189, 59.838306], [-161.4001, 59.838414], [-161.40001, 59.838523], [-161.399919, 59.838632], [-161.399828, 59.83874], [-161.399736, 59.838848], [-161.399643, 59.838957], [-161.399549, 59.839064], [-161.399455, 59.839172], [-161.39936, 59.83928], [-161.399265, 59.839387], [-161.399168, 59.839495], [-161.399071, 59.839602], [-161.398973, 59.839709], [-161.398875, 59.839816], [-161.398776, 59.839922], [-161.398676, 59.840029], [-161.398575, 59.840135], [-161.398474, 59.840242], [-161.398372, 59.840348], [-161.39827, 59.840453], [-161.398166, 59.840559], [-161.398062, 59.840665], [-161.397958, 59.84077], [-161.397852, 59.840875], [-161.397746, 59.84098], [-161.39764, 59.841085], [-161.397532, 59.84119], [-161.397424, 59.841294], [-161.397315, 59.841398], [-161.397206, 59.841502], [-161.397096, 59.841606], [-161.396985, 59.84171], [-161.396874, 59.841814], [-161.396761, 59.841917], [-161.396649, 59.84202], [-161.396535, 59.842123], [-161.396421, 59.842226], [-161.396306, 59.842329]]}}, {"type": "Feature", "properties": {"kind": "crossing", "reach": "Kanektok_River", "r_km": 4.0}, "geometry": {"type": "Point", "coordinates": [-161.40531, 59.821739]}}, {"type": "Feature", "properties": {"kind": "crossing", "reach": "Uyak_Creek", "r_km": 4.0}, "geometry": {"type": "Point", "coordinates": [-161.401772, 59.836179]}}, {"type": "Feature", "properties": {"kind": "transect", "r_km": 8.0}, "geometry": {"type": "LineString", "coordinates": [[-161.469488, 59.801538], [-161.469599, 59.801703], [-161.469709, 59.801868], [-161.469819, 59.802033], [-161.469927, 59.802198], [-161.470035, 59.802363], [-161.470142, 59.802529], [-161.470249, 59.802695], [-161.470354, 59.80286], [-161.470459, 59.803026], [-161.470563, 59.803192], [-161.470666, 59.803359], [-161.470768, 59.803525], [-161.470869, 59.803691], [-161.47097, 59.803858], [-161.47107, 59.804024], [-161.471169, 59.804191], [-161.471267, 59.804358], [-161.471365, 59.804525], [-161.471462, 59.804692], [-161.471557, 59.804859], [-161.471652, 59.805027], [-161.471747, 59.805194], [-161.47184, 59.805362], [-161.471933, 59.80553], [-161.472025, 59.805697], [-161.472116, 59.805865], [-161.472206, 59.806033], [-161.472295, 59.806202], [-161.472384, 59.80637], [-161.472472, 59.806538], [-161.472559, 59.806707], [-161.472645, 59.806875], [-161.47273, 59.807044], [-161.472815, 59.807213], [-161.472899, 59.807382], [-161.472982, 59.807551], [-161.473064, 59.80772], [-161.473145, 59.807889], [-161.473226, 59.808058], [-161.473305, 59.808227], [-161.473384, 59.808397], [-161.473462, 59.808567], [-161.47354, 59.808736], [-161.473616, 59.808906], [-161.473692, 59.809076], [-161.473766, 59.809246], [-161.47384, 59.809416], [-161.473914, 59.809586], [-161.473986, 59.809756], [-161.474057, 59.809926], [-161.474128, 59.810097], [-161.474198, 59.810267], [-161.474267, 59.810438], [-161.474335, 59.810608], [-161.474403, 59.810779], [-161.474469, 59.81095], [-161.474535, 59.811121], [-161.4746, 59.811292], [-161.474664, 59.811463], [-161.474728, 59.811634], [-161.47479, 59.811805], [-161.474852, 59.811977], [-161.474913, 59.812148], [-161.474973, 59.812319], [-161.475032, 59.812491], [-161.47509, 59.812662], [-161.475148, 59.812834], [-161.475205, 59.813006], [-161.47526, 59.813177], [-161.475316, 59.813349], [-161.47537, 59.813521], [-161.475423, 59.813693], [-161.475476, 59.813865], [-161.475528, 59.814037], [-161.475579, 59.814209], [-161.475629, 59.814382], [-161.475678, 59.814554], [-161.475726, 59.814726], [-161.475774, 59.814899], [-161.475821, 59.815071], [-161.475867, 59.815244], [-161.475912, 59.815416], [-161.475956, 59.815589], [-161.476, 59.815762], [-161.476042, 59.815934], [-161.476084, 59.816107], [-161.476125, 59.81628], [-161.476165, 59.816453], [-161.476205, 59.816626], [-161.476243, 59.816799], [-161.476281, 59.816972], [-161.476318, 59.817145], [-161.476354, 59.817318], [-161.476389, 59.817491], [-161.476423, 59.817664], [-161.476457, 59.817838], [-161.476489, 59.818011], [-161.476521, 59.818184], [-161.476552, 59.818358], [-161.476582, 59.818531], [-161.476612, 59.818704], [-161.47664, 59.818878], [-161.476668, 59.819051], [-161.476695, 59.819225], [-161.476721, 59.819398], [-161.476746, 59.819572], [-161.47677, 59.819746], [-161.476794, 59.819919], [-161.476816, 59.820093], [-161.476838, 59.820267], [-161.476859, 59.82044], [-161.476879, 59.820614], [-161.476898, 59.820788], [-161.476917, 59.820962], [-161.476935, 59.821136], [-161.476951, 59.82131], [-161.476967, 59.821483], [-161.476982, 59.821657], [-161.476997, 59.821831], [-161.47701, 59.822005], [-161.477023, 59.822179], [-161.477035, 59.822353], [-161.477046, 59.822527], [-161.477056, 59.822701], [-161.477065, 59.822875], [-161.477073, 59.823049], [-161.477081, 59.823223], [-161.477088, 59.823397], [-161.477094, 59.823571], [-161.477099, 59.823745], [-161.477103, 59.823919], [-161.477106, 59.824093], [-161.477109, 59.824267], [-161.477111, 59.824441], [-161.477111, 59.824615], [-161.477112, 59.824789], [-161.477111, 59.824964], [-161.477109, 59.825138], [-161.477107, 59.825312], [-161.477103, 59.825486], [-161.477099, 59.82566], [-161.477094, 59.825834], [-161.477088, 59.826008], [-161.477082, 59.826182], [-161.477074, 59.826356], [-161.477066, 59.82653], [-161.477057, 59.826704], [-161.477047, 59.826878], [-161.477036, 59.827052], [-161.477024, 59.827226], [-161.477012, 59.8274], [-161.476998, 59.827574], [-161.476984, 59.827748], [-161.476969, 59.827921], [-161.476953, 59.828095], [-161.476937, 59.828269], [-161.476919, 59.828443], [-161.476901, 59.828617], [-161.476881, 59.828791], [-161.476861, 59.828964], [-161.476841, 59.829138], [-161.476819, 59.829312], [-161.476796, 59.829486], [-161.476773, 59.829659], [-161.476749, 59.829833], [-161.476724, 59.830006], [-161.476698, 59.83018], [-161.476671, 59.830354], [-161.476643, 59.830527], [-161.476615, 59.830701], [-161.476586, 59.830874], [-161.476556, 59.831047], [-161.476525, 59.831221], [-161.476493, 59.831394], [-161.47646, 59.831567], [-161.476427, 59.831741], [-161.476393, 59.831914], [-161.476358, 59.832087], [-161.476322, 59.83226], [-161.476285, 59.832433], [-161.476247, 59.832606], [-161.476209, 59.832779], [-161.47617, 59.832952], [-161.47613, 59.833125], [-161.476089, 59.833298], [-161.476047, 59.833471], [-161.476004, 59.833643], [-161.475961, 59.833816], [-161.475917, 59.833989], [-161.475872, 59.834161], [-161.475826, 59.834334], [-161.475779, 59.834506], [-161.475731, 59.834679], [-161.475683, 59.834851], [-161.475634, 59.835023], [-161.475584, 59.835196], [-161.475533, 59.835368], [-161.475481, 59.83554], [-161.475428, 59.835712], [-161.475375, 59.835884], [-161.475321, 59.836056], [-161.475266, 59.836228], [-161.47521, 59.836399], [-161.475153, 59.836571], [-161.475096, 59.836743], [-161.475037, 59.836914], [-161.474978, 59.837086], [-161.474918, 59.837257], [-161.474857, 59.837429], [-161.474796, 59.8376], [-161.474733, 59.837771], [-161.47467, 59.837942], [-161.474606, 59.838113], [-161.474541, 59.838284], [-161.474475, 59.838455], [-161.474409, 59.838626], [-161.474341, 59.838797], [-161.474273, 59.838967], [-161.474204, 59.839138], [-161.474134, 59.839308], [-161.474063, 59.839479], [-161.473992, 59.839649], [-161.473919, 59.839819], [-161.473846, 59.839989], [-161.473772, 59.84016], [-161.473697, 59.840329], [-161.473622, 59.840499], [-161.473545, 59.840669], [-161.473468, 59.840839], [-161.47339, 59.841008], [-161.473311, 59.841178], [-161.473231, 59.841347], [-161.473151, 59.841517], [-161.473069, 59.841686], [-161.472987, 59.841855], [-161.472904, 59.842024], [-161.47282, 59.842193], [-161.472736, 59.842362], [-161.47265, 59.84253]]}}, {"type": "Feature", "properties": {"kind": "crossing", "reach": "Kanektok_River", "r_km": 8.0}, "geometry": {"type": "Point", "coordinates": [-161.473206, 59.808016]}}, {"type": "Feature", "properties": {"kind": "crossing", "reach": "Uyak_Creek", "r_km": 8.0}, "geometry": {"type": "Point", "coordinates": [-161.475362, 59.835927]}}, {"type": "Feature", "properties": {"kind": "transect", "r_km": 12.0}, "geometry": {"type": "LineString", "coordinates": [[-161.542967, 59.800074], [-161.543043, 59.800238], [-161.543119, 59.800402], [-161.543194, 59.800565], [-161.543269, 59.800729], [-161.543343, 59.800893], [-161.543417, 59.801057], [-161.543491, 59.801221], [-161.543563, 59.801385], [-161.543636, 59.80155], [-161.543707, 59.801714], [-161.543779, 59.801878], [-161.54385, 59.802043], [-161.54392, 59.802207], [-161.54399, 59.802372], [-161.544059, 59.802536], [-161.544128, 59.802701], [-161.544196, 59.802865], [-161.544263, 59.80303], [-161.544331, 59.803195], [-161.544397, 59.80336], [-161.544464, 59.803524], [-161.544529, 59.803689], [-161.544594, 59.803854], [-161.544659, 59.804019], [-161.544723, 59.804184], [-161.544787, 59.804349], [-161.54485, 59.804515], [-161.544913, 59.80468], [-161.544975, 59.804845], [-161.545036, 59.80501], [-161.545097, 59.805176], [-161.545158, 59.805341], [-161.545218, 59.805506], [-161.545277, 59.805672], [-161.545336, 59.805837], [-161.545395, 59.806003], [-161.545453, 59.806169], [-161.54551, 59.806334], [-161.545567, 59.8065], [-161.545624, 59.806666], [-161.54568, 59.806832], [-161.545735, 59.806997], [-161.54579, 59.807163], [-161.545845, 59.807329], [-161.545899, 59.807495], [-161.545952, 59.807661], [-161.546005, 59.807827], [-161.546057, 59.807993], [-161.546109, 59.80816], [-161.54616, 59.808326], [-161.546211, 59.808492], [-161.546261, 59.808658], [-161.546311, 59.808825], [-161.54636, 59.808991], [-161.546409, 59.809157], [-161.546457, 59.809324], [-161.546505, 59.80949], [-161.546552, 59.809657], [-161.546599, 59.809823], [-161.546645, 59.80999], [-161.546691, 59.810156], [-161.546736, 59.810323], [-161.546781, 59.81049], [-161.546825, 59.810656], [-161.546868, 59.810823], [-161.546911, 59.81099], [-161.546954, 59.811157], [-161.546996, 59.811324], [-161.547038, 59.81149], [-161.547079, 59.811657], [-161.547119, 59.811824], [-161.547159, 59.811991], [-161.547199, 59.812158], [-161.547237, 59.812325], [-161.547276, 59.812492], [-161.547314, 59.812659], [-161.547351, 59.812827], [-161.547388, 59.812994], [-161.547424, 59.813161], [-161.54746, 59.813328], [-161.547496, 59.813495], [-161.54753, 59.813663], [-161.547565, 59.81383], [-161.547598, 59.813997], [-161.547632, 59.814165], [-161.547664, 59.814332], [-161.547697, 59.814499], [-161.547728, 59.814667], [-161.547759, 59.814834], [-161.54779, 59.815002], [-161.54782, 59.815169], [-161.54785, 59.815337], [-161.547879, 59.815504], [-161.547908, 59.815672], [-161.547936, 59.815839], [-161.547963, 59.816007], [-161.54799, 59.816175], [-161.548017, 59.816342], [-161.548043, 59.81651], [-161.548068, 59.816678], [-161.548093, 59.816845], [-161.548117, 59.817013], [-161.548141, 59.817181], [-161.548165, 59.817349], [-161.548188, 59.817516], [-161.54821, 59.817684], [-161.548232, 59.817852], [-161.548253, 59.81802], [-161.548274, 59.818188], [-161.548294, 59.818356], [-161.548314, 59.818523], [-161.548333, 59.818691], [-161.548352, 59.818859], [-161.54837, 59.819027], [-161.548388, 59.819195], [-161.548405, 59.819363], [-161.548421, 59.819531], [-161.548438, 59.819699], [-161.548453, 59.819867], [-161.548468, 59.820035], [-161.548483, 59.820203], [-161.548497, 59.820371], [-161.54851, 59.820539], [-161.548523, 59.820707], [-161.548536, 59.820875], [-161.548548, 59.821043], [-161.548559, 59.821211], [-161.54857, 59.821379], [-161.54858, 59.821548], [-161.54859, 59.821716], [-161.548599, 59.821884], [-161.548608, 59.822052], [-161.548617, 59.82222], [-161.548624, 59.822388], [-161.548632, 59.822556], [-161.548638, 59.822724], [-161.548645, 59.822893], [-161.54865, 59.823061], [-161.548655, 59.823229], [-161.54866, 59.823397], [-161.548664, 59.823565], [-161.548668, 59.823733], [-161.548671, 59.823901], [-161.548673, 59.82407], [-161.548675, 59.824238], [-161.548677, 59.824406], [-161.548678, 59.824574], [-161.548678, 59.824742], [-161.548678, 59.824911], [-161.548678, 59.825079], [-161.548677, 59.825247], [-161.548675, 59.825415], [-161.548673, 59.825583], [-161.54867, 59.825751], [-161.548667, 59.82592], [-161.548663, 59.826088], [-161.548659, 59.826256], [-161.548654, 59.826424], [-161.548649, 59.826592], [-161.548643, 59.82676], [-161.548637, 59.826929], [-161.54863, 59.827097], [-161.548623, 59.827265], [-161.548615, 59.827433], [-161.548607, 59.827601], [-161.548598, 59.827769], [-161.548588, 59.827937], [-161.548578, 59.828105], [-161.548568, 59.828273], [-161.548557, 59.828442], [-161.548545, 59.82861], [-161.548533, 59.828778], [-161.548521, 59.828946], [-161.548508, 59.829114], [-161.548494, 59.829282], [-161.54848, 59.82945], [-161.548465, 59.829618], [-161.54845, 59.829786], [-161.548434, 59.829954], [-161.548418, 59.830122], [-161.548401, 59.83029], [-161.548384, 59.830458], [-161.548366, 59.830626], [-161.548348, 59.830794], [-161.548329, 59.830962], [-161.54831, 59.831129], [-161.54829, 59.831297], [-161.54827, 59.831465], [-161.548249, 59.831633], [-161.548227, 59.831801], [-161.548205, 59.831969], [-161.548183, 59.832136], [-161.54816, 59.832304], [-161.548136, 59.832472], [-161.548112, 59.83264], [-161.548088, 59.832807], [-161.548063, 59.832975], [-161.548037, 59.833143], [-161.548011, 59.833311], [-161.547985, 59.833478], [-161.547957, 59.833646], [-161.54793, 59.833813], [-161.547902, 59.833981], [-161.547873, 59.834149], [-161.547844, 59.834316], [-161.547814, 59.834484], [-161.547784, 59.834651], [-161.547753, 59.834819], [-161.547722, 59.834986], [-161.54769, 59.835153], [-161.547657, 59.835321], [-161.547624, 59.835488], [-161.547591, 59.835655], [-161.547557, 59.835823], [-161.547523, 59.83599], [-161.547488, 59.836157], [-161.547452, 59.836325], [-161.547416, 59.836492], [-161.54738, 59.836659], [-161.547343, 59.836826], [-161.547305, 59.836993], [-161.547267, 59.83716], [-161.547229, 59.837327], [-161.54719, 59.837494], [-161.54715, 59.837661], [-161.54711, 59.837828], [-161.547069, 59.837995], [-161.547028, 59.838162], [-161.546986, 59.838329], [-161.546944, 59.838496], [-161.546902, 59.838663], [-161.546858, 59.838829], [-161.546815, 59.838996], [-161.54677, 59.839163], [-161.546725, 59.83933], [-161.54668, 59.839496], [-161.546634, 59.839663], [-161.546588, 59.839829], [-161.546541, 59.839996]]}}, {"type": "Feature", "properties": {"kind": "crossing", "reach": "Kanektok_River", "r_km": 12.0}, "geometry": {"type": "Point", "coordinates": [-161.54563, 59.806683]}}, {"type": "Feature", "properties": {"kind": "crossing", "reach": "Uyak_Creek", "r_km": 12.0}, "geometry": {"type": "Point", "coordinates": [-161.548014, 59.833293]}}, {"type": "Feature", "properties": {"kind": "transect", "r_km": 16.0}, "geometry": {"type": "LineString", "coordinates": [[-161.614081, 59.795233], [-161.614156, 59.795412], [-161.61423, 59.79559], [-161.614304, 59.795769], [-161.614377, 59.795947], [-161.61445, 59.796126], [-161.614522, 59.796304], [-161.614594, 59.796483], [-161.614665, 59.796662], [-161.614736, 59.79684], [-161.614807, 59.797019], [-161.614877, 59.797198], [-161.614947, 59.797377], [-161.615016, 59.797556], [-161.615084, 59.797735], [-161.615153, 59.797914], [-161.615221, 59.798093], [-161.615288, 59.798272], [-161.615355, 59.798451], [-161.615421, 59.79863], [-161.615487, 59.79881], [-161.615553, 59.798989], [-161.615618, 59.799168], [-161.615683, 59.799347], [-161.615747, 59.799527], [-161.615811, 59.799706], [-161.615874, 59.799886], [-161.615937, 59.800065], [-161.615999, 59.800245], [-161.616061, 59.800424], [-161.616123, 59.800604], [-161.616184, 59.800784], [-161.616244, 59.800963], [-161.616304, 59.801143], [-161.616364, 59.801323], [-161.616423, 59.801503], [-161.616482, 59.801683], [-161.616541, 59.801863], [-161.616598, 59.802042], [-161.616656, 59.802222], [-161.616713, 59.802402], [-161.616769, 59.802583], [-161.616825, 59.802763], [-161.616881, 59.802943], [-161.616936, 59.803123], [-161.616991, 59.803303], [-161.617045, 59.803483], [-161.617099, 59.803664], [-161.617152, 59.803844], [-161.617205, 59.804024], [-161.617258, 59.804204], [-161.61731, 59.804385], [-161.617361, 59.804565], [-161.617412, 59.804746], [-161.617463, 59.804926], [-161.617513, 59.805107], [-161.617563, 59.805287], [-161.617612, 59.805468], [-161.617661, 59.805648], [-161.617709, 59.805829], [-161.617757, 59.80601], [-161.617805, 59.806191], [-161.617852, 59.806371], [-161.617898, 59.806552], [-161.617944, 59.806733], [-161.61799, 59.806914], [-161.618035, 59.807094], [-161.61808, 59.807275], [-161.618124, 59.807456], [-161.618168, 59.807637], [-161.618211, 59.807818], [-161.618254, 59.807999], [-161.618297, 59.80818], [-161.618339, 59.808361], [-161.61838, 59.808542], [-161.618421, 59.808723], [-161.618462, 59.808905], [-161.618502, 59.809086], [-161.618542, 59.809267], [-161.618581, 59.809448], [-161.61862, 59.809629], [-161.618658, 59.809811], [-161.618696, 59.809992], [-161.618734, 59.810173], [-161.61877, 59.810354], [-161.618807, 59.810536], [-161.618843, 59.810717], [-161.618879, 59.810899], [-161.618914, 59.81108], [-161.618949, 59.811261], [-161.618983, 59.811443], [-161.619017, 59.811624], [-161.61905, 59.811806], [-161.619083, 59.811987], [-161.619115, 59.812169], [-161.619147, 59.81235], [-161.619179, 59.812532], [-161.61921, 59.812714], [-161.61924, 59.812895], [-161.61927, 59.813077], [-161.6193, 59.813259], [-161.619329, 59.81344], [-161.619358, 59.813622], [-161.619386, 59.813804], [-161.619414, 59.813985], [-161.619441, 59.814167], [-161.619468, 59.814349], [-161.619495, 59.814531], [-161.619521, 59.814713], [-161.619546, 59.814894], [-161.619572, 59.815076], [-161.619596, 59.815258], [-161.61962, 59.81544], [-161.619644, 59.815622], [-161.619667, 59.815804], [-161.61969, 59.815986], [-161.619712, 59.816168], [-161.619734, 59.81635], [-161.619756, 59.816531], [-161.619777, 59.816713], [-161.619797, 59.816895], [-161.619817, 59.817077], [-161.619837, 59.817259], [-161.619856, 59.817441], [-161.619875, 59.817623], [-161.619893, 59.817806], [-161.619911, 59.817988], [-161.619928, 59.81817], [-161.619945, 59.818352], [-161.619961, 59.818534], [-161.619977, 59.818716], [-161.619993, 59.818898], [-161.620008, 59.81908], [-161.620022, 59.819262], [-161.620036, 59.819444], [-161.62005, 59.819627], [-161.620063, 59.819809], [-161.620076, 59.819991], [-161.620088, 59.820173], [-161.6201, 59.820355], [-161.620111, 59.820537], [-161.620122, 59.82072], [-161.620132, 59.820902], [-161.620142, 59.821084], [-161.620152, 59.821266], [-161.620161, 59.821448], [-161.62017, 59.821631], [-161.620178, 59.821813], [-161.620185, 59.821995], [-161.620193, 59.822177], [-161.620199, 59.82236], [-161.620206, 59.822542], [-161.620211, 59.822724], [-161.620217, 59.822906], [-161.620222, 59.823089], [-161.620226, 59.823271], [-161.62023, 59.823453], [-161.620234, 59.823635], [-161.620237, 59.823818], [-161.620239, 59.824], [-161.620241, 59.824182], [-161.620243, 59.824364], [-161.620244, 59.824547], [-161.620245, 59.824729], [-161.620246, 59.824911], [-161.620245, 59.825094], [-161.620245, 59.825276], [-161.620244, 59.825458], [-161.620242, 59.82564], [-161.62024, 59.825823], [-161.620238, 59.826005], [-161.620235, 59.826187], [-161.620232, 59.826369], [-161.620228, 59.826552], [-161.620223, 59.826734], [-161.620219, 59.826916], [-161.620213, 59.827098], [-161.620208, 59.827281], [-161.620202, 59.827463], [-161.620195, 59.827645], [-161.620188, 59.827827], [-161.620181, 59.82801], [-161.620173, 59.828192], [-161.620164, 59.828374], [-161.620155, 59.828556], [-161.620146, 59.828739], [-161.620136, 59.828921], [-161.620126, 59.829103], [-161.620115, 59.829285], [-161.620104, 59.829467], [-161.620092, 59.82965], [-161.62008, 59.829832], [-161.620068, 59.830014], [-161.620055, 59.830196], [-161.620041, 59.830378], [-161.620027, 59.83056], [-161.620013, 59.830742], [-161.619998, 59.830925], [-161.619983, 59.831107], [-161.619967, 59.831289], [-161.619951, 59.831471], [-161.619934, 59.831653], [-161.619917, 59.831835], [-161.6199, 59.832017], [-161.619881, 59.832199], [-161.619863, 59.832381], [-161.619844, 59.832563], [-161.619825, 59.832745], [-161.619805, 59.832927], [-161.619784, 59.833109], [-161.619764, 59.833291], [-161.619742, 59.833473], [-161.619721, 59.833655], [-161.619698, 59.833837], [-161.619676, 59.834019], [-161.619653, 59.834201], [-161.619629, 59.834383], [-161.619605, 59.834565], [-161.619581, 59.834746], [-161.619556, 59.834928], [-161.61953, 59.83511], [-161.619504, 59.835292], [-161.619478, 59.835474], [-161.619451, 59.835656], [-161.619424, 59.835837], [-161.619396, 59.836019], [-161.619368, 59.836201], [-161.61934, 59.836382], [-161.61931, 59.836564], [-161.619281, 59.836746], [-161.619251, 59.836927], [-161.619221, 59.837109], [-161.61919, 59.837291], [-161.619158, 59.837472], [-161.619126, 59.837654], [-161.619094, 59.837835], [-161.619061, 59.838017], [-161.619028, 59.838198], [-161.618995, 59.83838], [-161.618961, 59.838561]]}}, {"type": "Feature", "properties": {"kind": "crossing", "reach": "Kanektok_River", "r_km": 16.0}, "geometry": {"type": "Point", "coordinates": [-161.616541, 59.801863]}}, {"type": "Feature", "properties": {"kind": "crossing", "reach": "Uyak_Creek", "r_km": 16.0}, "geometry": {"type": "Point", "coordinates": [-161.619917, 59.831834]}}, {"type": "Feature", "properties": {"kind": "transect", "r_km": 20.0}, "geometry": {"type": "LineString", "coordinates": [[-161.682113, 59.7835], [-161.6822, 59.783685], [-161.682287, 59.78387], [-161.682373, 59.784055], [-161.682459, 59.78424], [-161.682545, 59.784425], [-161.68263, 59.78461], [-161.682715, 59.784795], [-161.682799, 59.78498], [-161.682883, 59.785165], [-161.682967, 59.785351], [-161.68305, 59.785536], [-161.683133, 59.785722], [-161.683215, 59.785907], [-161.683297, 59.786093], [-161.683379, 59.786278], [-161.68346, 59.786464], [-161.683541, 59.786649], [-161.683622, 59.786835], [-161.683702, 59.787021], [-161.683782, 59.787206], [-161.683861, 59.787392], [-161.68394, 59.787578], [-161.684019, 59.787764], [-161.684097, 59.78795], [-161.684175, 59.788136], [-161.684252, 59.788322], [-161.684329, 59.788508], [-161.684406, 59.788694], [-161.684482, 59.78888], [-161.684558, 59.789066], [-161.684633, 59.789252], [-161.684708, 59.789439], [-161.684783, 59.789625], [-161.684857, 59.789811], [-161.684931, 59.789998], [-161.685005, 59.790184], [-161.685078, 59.790371], [-161.685151, 59.790557], [-161.685223, 59.790744], [-161.685295, 59.79093], [-161.685367, 59.791117], [-161.685438, 59.791303], [-161.685509, 59.79149], [-161.685579, 59.791677], [-161.685649, 59.791864], [-161.685719, 59.79205], [-161.685788, 59.792237], [-161.685857, 59.792424], [-161.685925, 59.792611], [-161.685993, 59.792798], [-161.686061, 59.792985], [-161.686128, 59.793172], [-161.686195, 59.793359], [-161.686261, 59.793546], [-161.686327, 59.793733], [-161.686393, 59.79392], [-161.686458, 59.794107], [-161.686523, 59.794295], [-161.686588, 59.794482], [-161.686652, 59.794669], [-161.686716, 59.794856], [-161.686779, 59.795044], [-161.686842, 59.795231], [-161.686905, 59.795419], [-161.686967, 59.795606], [-161.687028, 59.795794], [-161.68709, 59.795981], [-161.687151, 59.796169], [-161.687211, 59.796356], [-161.687272, 59.796544], [-161.687331, 59.796731], [-161.687391, 59.796919], [-161.68745, 59.797107], [-161.687508, 59.797295], [-161.687567, 59.797482], [-161.687624, 59.79767], [-161.687682, 59.797858], [-161.687739, 59.798046], [-161.687796, 59.798234], [-161.687852, 59.798422], [-161.687908, 59.79861], [-161.687963, 59.798798], [-161.688018, 59.798986], [-161.688073, 59.799174], [-161.688127, 59.799362], [-161.688181, 59.79955], [-161.688235, 59.799738], [-161.688288, 59.799926], [-161.68834, 59.800114], [-161.688393, 59.800302], [-161.688445, 59.800491], [-161.688496, 59.800679], [-161.688547, 59.800867], [-161.688598, 59.801056], [-161.688648, 59.801244], [-161.688698, 59.801432], [-161.688748, 59.801621], [-161.688797, 59.801809], [-161.688846, 59.801998], [-161.688894, 59.802186], [-161.688942, 59.802375], [-161.68899, 59.802563], [-161.689037, 59.802752], [-161.689083, 59.80294], [-161.68913, 59.803129], [-161.689176, 59.803317], [-161.689221, 59.803506], [-161.689267, 59.803695], [-161.689311, 59.803883], [-161.689356, 59.804072], [-161.6894, 59.804261], [-161.689443, 59.80445], [-161.689487, 59.804639], [-161.689529, 59.804827], [-161.689572, 59.805016], [-161.689614, 59.805205], [-161.689656, 59.805394], [-161.689697, 59.805583], [-161.689738, 59.805772], [-161.689778, 59.805961], [-161.689818, 59.80615], [-161.689858, 59.806339], [-161.689897, 59.806528], [-161.689936, 59.806717], [-161.689974, 59.806906], [-161.690012, 59.807095], [-161.69005, 59.807284], [-161.690087, 59.807473], [-161.690124, 59.807662], [-161.690161, 59.807851], [-161.690197, 59.808041], [-161.690232, 59.80823], [-161.690268, 59.808419], [-161.690303, 59.808608], [-161.690337, 59.808797], [-161.690371, 59.808987], [-161.690405, 59.809176], [-161.690438, 59.809365], [-161.690471, 59.809555], [-161.690503, 59.809744], [-161.690536, 59.809933], [-161.690567, 59.810123], [-161.690599, 59.810312], [-161.69063, 59.810501], [-161.69066, 59.810691], [-161.69069, 59.81088], [-161.69072, 59.81107], [-161.690749, 59.811259], [-161.690778, 59.811449], [-161.690807, 59.811638], [-161.690835, 59.811828], [-161.690862, 59.812017], [-161.69089, 59.812207], [-161.690917, 59.812396], [-161.690943, 59.812586], [-161.690969, 59.812776], [-161.690995, 59.812965], [-161.69102, 59.813155], [-161.691045, 59.813344], [-161.69107, 59.813534], [-161.691094, 59.813724], [-161.691118, 59.813913], [-161.691141, 59.814103], [-161.691164, 59.814293], [-161.691187, 59.814482], [-161.691209, 59.814672], [-161.691231, 59.814862], [-161.691252, 59.815052], [-161.691273, 59.815241], [-161.691293, 59.815431], [-161.691314, 59.815621], [-161.691333, 59.815811], [-161.691353, 59.816], [-161.691372, 59.81619], [-161.69139, 59.81638], [-161.691408, 59.81657], [-161.691426, 59.81676], [-161.691444, 59.81695], [-161.691461, 59.817139], [-161.691477, 59.817329], [-161.691493, 59.817519], [-161.691509, 59.817709], [-161.691524, 59.817899], [-161.691539, 59.818089], [-161.691554, 59.818279], [-161.691568, 59.818469], [-161.691582, 59.818658], [-161.691595, 59.818848], [-161.691608, 59.819038], [-161.691621, 59.819228], [-161.691633, 59.819418], [-161.691645, 59.819608], [-161.691656, 59.819798], [-161.691667, 59.819988], [-161.691678, 59.820178], [-161.691688, 59.820368], [-161.691698, 59.820558], [-161.691707, 59.820748], [-161.691716, 59.820938], [-161.691725, 59.821128], [-161.691733, 59.821318], [-161.691741, 59.821508], [-161.691748, 59.821698], [-161.691755, 59.821888], [-161.691762, 59.822078], [-161.691768, 59.822268], [-161.691774, 59.822458], [-161.691779, 59.822648], [-161.691784, 59.822838], [-161.691789, 59.823028], [-161.691793, 59.823218], [-161.691797, 59.823408], [-161.6918, 59.823598], [-161.691803, 59.823788], [-161.691806, 59.823978], [-161.691808, 59.824168], [-161.69181, 59.824358], [-161.691811, 59.824548], [-161.691812, 59.824738], [-161.691813, 59.824928], [-161.691813, 59.825119], [-161.691813, 59.825309], [-161.691812, 59.825499], [-161.691811, 59.825689], [-161.69181, 59.825879], [-161.691808, 59.826069], [-161.691806, 59.826259], [-161.691803, 59.826449], [-161.6918, 59.826639], [-161.691797, 59.826829], [-161.691793, 59.827019], [-161.691789, 59.827209], [-161.691784, 59.827399], [-161.691779, 59.827589], [-161.691774, 59.827779], [-161.691768, 59.827969], [-161.691762, 59.828159], [-161.691755, 59.828349], [-161.691748, 59.828539]]}}, {"type": "Feature", "properties": {"kind": "crossing", "reach": "Kanektok_River", "r_km": 20.0}, "geometry": {"type": "Point", "coordinates": [-161.684968, 59.790089]}}, {"type": "Feature", "properties": {"kind": "crossing", "reach": "Uyak_Creek", "r_km": 20.0}, "geometry": {"type": "Point", "coordinates": [-161.691752, 59.821795]}}, {"type": "Feature", "properties": {"kind": "transect", "r_km": 24.0}, "geometry": {"type": "LineString", "coordinates": [[-161.752335, 59.776659], [-161.752409, 59.77682], [-161.752482, 59.77698], [-161.752555, 59.777141], [-161.752628, 59.777301], [-161.752701, 59.777461], [-161.752773, 59.777622], [-161.752845, 59.777782], [-161.752917, 59.777943], [-161.752988, 59.778103], [-161.75306, 59.778264], [-161.753131, 59.778425], [-161.753202, 59.778585], [-161.753272, 59.778746], [-161.753343, 59.778907], [-161.753413, 59.779067], [-161.753483, 59.779228], [-161.753553, 59.779389], [-161.753622, 59.77955], [-161.753691, 59.77971], [-161.75376, 59.779871], [-161.753829, 59.780032], [-161.753897, 59.780193], [-161.753965, 59.780354], [-161.754033, 59.780515], [-161.754101, 59.780676], [-161.754169, 59.780837], [-161.754236, 59.780998], [-161.754303, 59.781159], [-161.75437, 59.78132], [-161.754436, 59.781481], [-161.754502, 59.781642], [-161.754568, 59.781803], [-161.754634, 59.781965], [-161.7547, 59.782126], [-161.754765, 59.782287], [-161.75483, 59.782448], [-161.754895, 59.78261], [-161.754959, 59.782771], [-161.755024, 59.782932], [-161.755088, 59.783094], [-161.755152, 59.783255], [-161.755215, 59.783416], [-161.755278, 59.783578], [-161.755342, 59.783739], [-161.755404, 59.783901], [-161.755467, 59.784062], [-161.755529, 59.784224], [-161.755591, 59.784385], [-161.755653, 59.784547], [-161.755715, 59.784708], [-161.755776, 59.78487], [-161.755838, 59.785032], [-161.755898, 59.785193], [-161.755959, 59.785355], [-161.756019, 59.785517], [-161.75608, 59.785679], [-161.75614, 59.78584], [-161.756199, 59.786002], [-161.756259, 59.786164], [-161.756318, 59.786326], [-161.756377, 59.786488], [-161.756435, 59.786649], [-161.756494, 59.786811], [-161.756552, 59.786973], [-161.75661, 59.787135], [-161.756668, 59.787297], [-161.756725, 59.787459], [-161.756782, 59.787621], [-161.756839, 59.787783], [-161.756896, 59.787945], [-161.756953, 59.788107], [-161.757009, 59.788269], [-161.757065, 59.788432], [-161.757121, 59.788594], [-161.757176, 59.788756], [-161.757231, 59.788918], [-161.757287, 59.78908], [-161.757341, 59.789242], [-161.757396, 59.789405], [-161.75745, 59.789567], [-161.757504, 59.789729], [-161.757558, 59.789892], [-161.757611, 59.790054], [-161.757665, 59.790216], [-161.757718, 59.790379], [-161.757771, 59.790541], [-161.757823, 59.790703], [-161.757876, 59.790866], [-161.757928, 59.791028], [-161.757979, 59.791191], [-161.758031, 59.791353], [-161.758082, 59.791516], [-161.758133, 59.791678], [-161.758184, 59.791841], [-161.758235, 59.792003], [-161.758285, 59.792166], [-161.758335, 59.792329], [-161.758385, 59.792491], [-161.758435, 59.792654], [-161.758484, 59.792816], [-161.758533, 59.792979], [-161.758582, 59.793142], [-161.758631, 59.793305], [-161.758679, 59.793467], [-161.758727, 59.79363], [-161.758775, 59.793793], [-161.758823, 59.793956], [-161.75887, 59.794118], [-161.758917, 59.794281], [-161.758964, 59.794444], [-161.759011, 59.794607], [-161.759057, 59.79477], [-161.759104, 59.794933], [-161.75915, 59.795096], [-161.759195, 59.795259], [-161.759241, 59.795422], [-161.759286, 59.795585], [-161.759331, 59.795747], [-161.759376, 59.79591], [-161.75942, 59.796074], [-161.759464, 59.796237], [-161.759508, 59.7964], [-161.759552, 59.796563], [-161.759595, 59.796726], [-161.759638, 59.796889], [-161.759681, 59.797052], [-161.759724, 59.797215], [-161.759767, 59.797378], [-161.759809, 59.797541], [-161.759851, 59.797705], [-161.759893, 59.797868], [-161.759934, 59.798031], [-161.759975, 59.798194], [-161.760016, 59.798358], [-161.760057, 59.798521], [-161.760098, 59.798684], [-161.760138, 59.798847], [-161.760178, 59.799011], [-161.760218, 59.799174], [-161.760257, 59.799337], [-161.760296, 59.799501], [-161.760335, 59.799664], [-161.760374, 59.799827], [-161.760413, 59.799991], [-161.760451, 59.800154], [-161.760489, 59.800318], [-161.760527, 59.800481], [-161.760564, 59.800645], [-161.760601, 59.800808], [-161.760639, 59.800972], [-161.760675, 59.801135], [-161.760712, 59.801299], [-161.760748, 59.801462], [-161.760784, 59.801626], [-161.76082, 59.801789], [-161.760856, 59.801953], [-161.760891, 59.802116], [-161.760926, 59.80228], [-161.760961, 59.802444], [-161.760995, 59.802607], [-161.76103, 59.802771], [-161.761064, 59.802935], [-161.761097, 59.803098], [-161.761131, 59.803262], [-161.761164, 59.803426], [-161.761197, 59.803589], [-161.76123, 59.803753], [-161.761263, 59.803917], [-161.761295, 59.80408], [-161.761327, 59.804244], [-161.761359, 59.804408], [-161.761391, 59.804572], [-161.761422, 59.804736], [-161.761453, 59.804899], [-161.761484, 59.805063], [-161.761514, 59.805227], [-161.761545, 59.805391], [-161.761575, 59.805555], [-161.761605, 59.805719], [-161.761634, 59.805882], [-161.761664, 59.806046], [-161.761693, 59.80621], [-161.761722, 59.806374], [-161.76175, 59.806538], [-161.761779, 59.806702], [-161.761807, 59.806866], [-161.761835, 59.80703], [-161.761862, 59.807194], [-161.76189, 59.807358], [-161.761917, 59.807522], [-161.761944, 59.807686], [-161.76197, 59.80785], [-161.761997, 59.808014], [-161.762023, 59.808178], [-161.762049, 59.808342], [-161.762074, 59.808506], [-161.7621, 59.80867], [-161.762125, 59.808834], [-161.76215, 59.808998], [-161.762174, 59.809162], [-161.762199, 59.809326], [-161.762223, 59.80949], [-161.762247, 59.809654], [-161.76227, 59.809819], [-161.762294, 59.809983], [-161.762317, 59.810147], [-161.76234, 59.810311], [-161.762362, 59.810475], [-161.762385, 59.810639], [-161.762407, 59.810803], [-161.762429, 59.810968], [-161.762451, 59.811132], [-161.762472, 59.811296], [-161.762493, 59.81146], [-161.762514, 59.811624], [-161.762535, 59.811789], [-161.762555, 59.811953], [-161.762575, 59.812117], [-161.762595, 59.812281], [-161.762615, 59.812446], [-161.762634, 59.81261], [-161.762653, 59.812774], [-161.762672, 59.812938], [-161.762691, 59.813103], [-161.762709, 59.813267], [-161.762728, 59.813431], [-161.762745, 59.813595], [-161.762763, 59.81376], [-161.762781, 59.813924], [-161.762798, 59.814088], [-161.762815, 59.814253], [-161.762831, 59.814417], [-161.762848, 59.814581], [-161.762864, 59.814746], [-161.76288, 59.81491], [-161.762896, 59.815074], [-161.762911, 59.815239], [-161.762926, 59.815403], [-161.762941, 59.815568]]}}, {"type": "Feature", "properties": {"kind": "crossing", "reach": "Kanektok_River", "r_km": 24.0}, "geometry": {"type": "Point", "coordinates": [-161.755151, 59.783253]}}, {"type": "Feature", "properties": {"kind": "crossing", "reach": "Uyak_Creek", "r_km": 24.0}, "geometry": {"type": "Point", "coordinates": [-161.762125, 59.808835]}}, {"type": "Feature", "properties": {"kind": "transect", "r_km": 28.0}, "geometry": {"type": "LineString", "coordinates": [[-161.823441, 59.77188], [-161.823515, 59.772053], [-161.82359, 59.772225], [-161.823664, 59.772397], [-161.823738, 59.77257], [-161.823811, 59.772742], [-161.823885, 59.772915], [-161.823958, 59.773088], [-161.824031, 59.77326], [-161.824103, 59.773433], [-161.824176, 59.773605], [-161.824248, 59.773778], [-161.82432, 59.773951], [-161.824391, 59.774124], [-161.824463, 59.774296], [-161.824534, 59.774469], [-161.824605, 59.774642], [-161.824676, 59.774815], [-161.824746, 59.774988], [-161.824817, 59.775161], [-161.824887, 59.775333], [-161.824956, 59.775506], [-161.825026, 59.775679], [-161.825095, 59.775852], [-161.825164, 59.776025], [-161.825233, 59.776198], [-161.825302, 59.776371], [-161.82537, 59.776544], [-161.825438, 59.776718], [-161.825506, 59.776891], [-161.825574, 59.777064], [-161.825641, 59.777237], [-161.825708, 59.77741], [-161.825775, 59.777583], [-161.825842, 59.777757], [-161.825908, 59.77793], [-161.825974, 59.778103], [-161.82604, 59.778276], [-161.826106, 59.77845], [-161.826172, 59.778623], [-161.826237, 59.778797], [-161.826302, 59.77897], [-161.826366, 59.779143], [-161.826431, 59.779317], [-161.826495, 59.77949], [-161.826559, 59.779664], [-161.826623, 59.779837], [-161.826686, 59.780011], [-161.82675, 59.780184], [-161.826813, 59.780358], [-161.826876, 59.780532], [-161.826938, 59.780705], [-161.827001, 59.780879], [-161.827063, 59.781053], [-161.827124, 59.781226], [-161.827186, 59.7814], [-161.827247, 59.781574], [-161.827309, 59.781747], [-161.827369, 59.781921], [-161.82743, 59.782095], [-161.82749, 59.782269], [-161.827551, 59.782443], [-161.827611, 59.782617], [-161.82767, 59.78279], [-161.82773, 59.782964], [-161.827789, 59.783138], [-161.827848, 59.783312], [-161.827906, 59.783486], [-161.827965, 59.78366], [-161.828023, 59.783834], [-161.828081, 59.784008], [-161.828139, 59.784182], [-161.828196, 59.784356], [-161.828254, 59.78453], [-161.828311, 59.784705], [-161.828367, 59.784879], [-161.828424, 59.785053], [-161.82848, 59.785227], [-161.828536, 59.785401], [-161.828592, 59.785575], [-161.828648, 59.78575], [-161.828703, 59.785924], [-161.828758, 59.786098], [-161.828813, 59.786272], [-161.828867, 59.786447], [-161.828922, 59.786621], [-161.828976, 59.786795], [-161.82903, 59.78697], [-161.829083, 59.787144], [-161.829137, 59.787319], [-161.82919, 59.787493], [-161.829243, 59.787667], [-161.829295, 59.787842], [-161.829348, 59.788016], [-161.8294, 59.788191], [-161.829452, 59.788365], [-161.829504, 59.78854], [-161.829555, 59.788714], [-161.829606, 59.788889], [-161.829657, 59.789064], [-161.829708, 59.789238], [-161.829758, 59.789413], [-161.829809, 59.789587], [-161.829859, 59.789762], [-161.829908, 59.789937], [-161.829958, 59.790111], [-161.830007, 59.790286], [-161.830056, 59.790461], [-161.830105, 59.790636], [-161.830154, 59.79081], [-161.830202, 59.790985], [-161.83025, 59.79116], [-161.830298, 59.791335], [-161.830345, 59.79151], [-161.830393, 59.791685], [-161.83044, 59.791859], [-161.830486, 59.792034], [-161.830533, 59.792209], [-161.830579, 59.792384], [-161.830625, 59.792559], [-161.830671, 59.792734], [-161.830717, 59.792909], [-161.830762, 59.793084], [-161.830807, 59.793259], [-161.830852, 59.793434], [-161.830897, 59.793609], [-161.830941, 59.793784], [-161.830986, 59.793959], [-161.831029, 59.794134], [-161.831073, 59.794309], [-161.831117, 59.794484], [-161.83116, 59.794659], [-161.831203, 59.794835], [-161.831245, 59.79501], [-161.831288, 59.795185], [-161.83133, 59.79536], [-161.831372, 59.795535], [-161.831414, 59.79571], [-161.831455, 59.795886], [-161.831496, 59.796061], [-161.831537, 59.796236], [-161.831578, 59.796411], [-161.831619, 59.796587], [-161.831659, 59.796762], [-161.831699, 59.796937], [-161.831739, 59.797113], [-161.831778, 59.797288], [-161.831817, 59.797463], [-161.831856, 59.797639], [-161.831895, 59.797814], [-161.831934, 59.797989], [-161.831972, 59.798165], [-161.83201, 59.79834], [-161.832048, 59.798516], [-161.832086, 59.798691], [-161.832123, 59.798867], [-161.83216, 59.799042], [-161.832197, 59.799217], [-161.832233, 59.799393], [-161.83227, 59.799569], [-161.832306, 59.799744], [-161.832342, 59.79992], [-161.832377, 59.800095], [-161.832413, 59.800271], [-161.832448, 59.800446], [-161.832483, 59.800622], [-161.832517, 59.800797], [-161.832552, 59.800973], [-161.832586, 59.801149], [-161.83262, 59.801324], [-161.832654, 59.8015], [-161.832687, 59.801676], [-161.83272, 59.801851], [-161.832753, 59.802027], [-161.832786, 59.802203], [-161.832818, 59.802378], [-161.83285, 59.802554], [-161.832882, 59.80273], [-161.832914, 59.802906], [-161.832946, 59.803081], [-161.832977, 59.803257], [-161.833008, 59.803433], [-161.833039, 59.803609], [-161.833069, 59.803784], [-161.833099, 59.80396], [-161.833129, 59.804136], [-161.833159, 59.804312], [-161.833189, 59.804488], [-161.833218, 59.804663], [-161.833247, 59.804839], [-161.833276, 59.805015], [-161.833304, 59.805191], [-161.833332, 59.805367], [-161.83336, 59.805543], [-161.833388, 59.805719], [-161.833416, 59.805895], [-161.833443, 59.806071], [-161.83347, 59.806247], [-161.833497, 59.806422], [-161.833524, 59.806598], [-161.83355, 59.806774], [-161.833576, 59.80695], [-161.833602, 59.807126], [-161.833627, 59.807302], [-161.833653, 59.807478], [-161.833678, 59.807654], [-161.833703, 59.80783], [-161.833727, 59.808006], [-161.833752, 59.808182], [-161.833776, 59.808358], [-161.8338, 59.808535], [-161.833823, 59.808711], [-161.833847, 59.808887], [-161.83387, 59.809063], [-161.833893, 59.809239], [-161.833915, 59.809415], [-161.833938, 59.809591], [-161.83396, 59.809767], [-161.833982, 59.809943], [-161.834004, 59.810119], [-161.834025, 59.810295], [-161.834046, 59.810472], [-161.834067, 59.810648], [-161.834088, 59.810824], [-161.834108, 59.811], [-161.834128, 59.811176], [-161.834148, 59.811352], [-161.834168, 59.811529], [-161.834188, 59.811705], [-161.834207, 59.811881], [-161.834226, 59.812057], [-161.834244, 59.812233], [-161.834263, 59.81241], [-161.834281, 59.812586], [-161.834299, 59.812762], [-161.834317, 59.812938], [-161.834334, 59.813115], [-161.834352, 59.813291], [-161.834369, 59.813467], [-161.834385, 59.813643]]}}, {"type": "Feature", "properties": {"kind": "crossing", "reach": "Kanektok_River", "r_km": 28.0}, "geometry": {"type": "Point", "coordinates": [-161.826121, 59.778489]}}, {"type": "Feature", "properties": {"kind": "crossing", "reach": "Uyak_Creek", "r_km": 28.0}, "geometry": {"type": "Point", "coordinates": [-161.83357, 59.806911]}}, {"type": "Feature", "properties": {"kind": "transect", "r_km": 32.0}, "geometry": {"type": "LineString", "coordinates": [[-161.887537, 59.752311], [-161.887667, 59.752559], [-161.887796, 59.752807], [-161.887925, 59.753054], [-161.888053, 59.753302], [-161.888181, 59.75355], [-161.888308, 59.753798], [-161.888435, 59.754046], [-161.888562, 59.754294], [-161.888688, 59.754542], [-161.888813, 59.75479], [-161.888939, 59.755038], [-161.889063, 59.755287], [-161.889188, 59.755535], [-161.889312, 59.755783], [-161.889435, 59.756032], [-161.889558, 59.75628], [-161.889681, 59.756529], [-161.889803, 59.756777], [-161.889925, 59.757026], [-161.890046, 59.757275], [-161.890167, 59.757523], [-161.890287, 59.757772], [-161.890407, 59.758021], [-161.890527, 59.75827], [-161.890646, 59.758519], [-161.890765, 59.758768], [-161.890883, 59.759017], [-161.891001, 59.759266], [-161.891118, 59.759515], [-161.891235, 59.759765], [-161.891351, 59.760014], [-161.891468, 59.760263], [-161.891583, 59.760513], [-161.891698, 59.760762], [-161.891813, 59.761012], [-161.891927, 59.761261], [-161.892041, 59.761511], [-161.892155, 59.76176], [-161.892268, 59.76201], [-161.89238, 59.76226], [-161.892492, 59.76251], [-161.892604, 59.762759], [-161.892715, 59.763009], [-161.892826, 59.763259], [-161.892936, 59.763509], [-161.893046, 59.763759], [-161.893155, 59.764009], [-161.893264, 59.764259], [-161.893373, 59.76451], [-161.893481, 59.76476], [-161.893589, 59.76501], [-161.893696, 59.76526], [-161.893803, 59.765511], [-161.893909, 59.765761], [-161.894015, 59.766012], [-161.894121, 59.766262], [-161.894226, 59.766513], [-161.89433, 59.766763], [-161.894434, 59.767014], [-161.894538, 59.767265], [-161.894641, 59.767516], [-161.894744, 59.767766], [-161.894847, 59.768017], [-161.894949, 59.768268], [-161.89505, 59.768519], [-161.895151, 59.76877], [-161.895252, 59.769021], [-161.895352, 59.769272], [-161.895452, 59.769523], [-161.895551, 59.769774], [-161.89565, 59.770026], [-161.895748, 59.770277], [-161.895846, 59.770528], [-161.895944, 59.77078], [-161.896041, 59.771031], [-161.896138, 59.771282], [-161.896234, 59.771534], [-161.89633, 59.771785], [-161.896425, 59.772037], [-161.89652, 59.772288], [-161.896614, 59.77254], [-161.896708, 59.772792], [-161.896802, 59.773044], [-161.896895, 59.773295], [-161.896987, 59.773547], [-161.89708, 59.773799], [-161.897171, 59.774051], [-161.897263, 59.774303], [-161.897354, 59.774555], [-161.897444, 59.774807], [-161.897534, 59.775059], [-161.897624, 59.775311], [-161.897713, 59.775563], [-161.897801, 59.775815], [-161.89789, 59.776067], [-161.897977, 59.77632], [-161.898065, 59.776572], [-161.898151, 59.776824], [-161.898238, 59.777077], [-161.898324, 59.777329], [-161.898409, 59.777582], [-161.898495, 59.777834], [-161.898579, 59.778087], [-161.898663, 59.778339], [-161.898747, 59.778592], [-161.89883, 59.778844], [-161.898913, 59.779097], [-161.898996, 59.77935], [-161.899078, 59.779602], [-161.899159, 59.779855], [-161.89924, 59.780108], [-161.899321, 59.780361], [-161.899401, 59.780614], [-161.899481, 59.780867], [-161.89956, 59.78112], [-161.899639, 59.781373], [-161.899718, 59.781626], [-161.899796, 59.781879], [-161.899873, 59.782132], [-161.89995, 59.782385], [-161.900027, 59.782638], [-161.900103, 59.782891], [-161.900179, 59.783145], [-161.900254, 59.783398], [-161.900329, 59.783651], [-161.900403, 59.783905], [-161.900477, 59.784158], [-161.900551, 59.784411], [-161.900624, 59.784665], [-161.900696, 59.784918], [-161.900768, 59.785172], [-161.90084, 59.785425], [-161.900911, 59.785679], [-161.900982, 59.785932], [-161.901053, 59.786186], [-161.901123, 59.78644], [-161.901192, 59.786693], [-161.901261, 59.786947], [-161.90133, 59.787201], [-161.901398, 59.787455], [-161.901465, 59.787708], [-161.901533, 59.787962], [-161.901599, 59.788216], [-161.901666, 59.78847], [-161.901732, 59.788724], [-161.901797, 59.788978], [-161.901862, 59.789232], [-161.901927, 59.789486], [-161.901991, 59.78974], [-161.902054, 59.789994], [-161.902118, 59.790248], [-161.90218, 59.790502], [-161.902243, 59.790757], [-161.902305, 59.791011], [-161.902366, 59.791265], [-161.902427, 59.791519], [-161.902487, 59.791773], [-161.902548, 59.792028], [-161.902607, 59.792282], [-161.902666, 59.792536], [-161.902725, 59.792791], [-161.902783, 59.793045], [-161.902841, 59.7933], [-161.902898, 59.793554], [-161.902955, 59.793809], [-161.903012, 59.794063], [-161.903068, 59.794318], [-161.903123, 59.794572], [-161.903179, 59.794827], [-161.903233, 59.795081], [-161.903287, 59.795336], [-161.903341, 59.795591], [-161.903395, 59.795845], [-161.903447, 59.7961], [-161.9035, 59.796355], [-161.903552, 59.79661], [-161.903603, 59.796864], [-161.903654, 59.797119], [-161.903705, 59.797374], [-161.903755, 59.797629], [-161.903805, 59.797884], [-161.903854, 59.798139], [-161.903903, 59.798393], [-161.903951, 59.798648], [-161.903999, 59.798903], [-161.904047, 59.799158], [-161.904094, 59.799413], [-161.90414, 59.799668], [-161.904187, 59.799923], [-161.904232, 59.800178], [-161.904277, 59.800434], [-161.904322, 59.800689], [-161.904367, 59.800944], [-161.90441, 59.801199], [-161.904454, 59.801454], [-161.904497, 59.801709], [-161.904539, 59.801964], [-161.904581, 59.80222], [-161.904623, 59.802475], [-161.904664, 59.80273], [-161.904705, 59.802985], [-161.904745, 59.803241], [-161.904785, 59.803496], [-161.904824, 59.803751], [-161.904863, 59.804007], [-161.904902, 59.804262], [-161.90494, 59.804517], [-161.904977, 59.804773], [-161.905014, 59.805028], [-161.905051, 59.805284], [-161.905087, 59.805539], [-161.905123, 59.805795], [-161.905158, 59.80605], [-161.905193, 59.806305], [-161.905227, 59.806561], [-161.905261, 59.806816], [-161.905295, 59.807072], [-161.905328, 59.807328], [-161.905361, 59.807583], [-161.905393, 59.807839], [-161.905424, 59.808094], [-161.905456, 59.80835], [-161.905486, 59.808606], [-161.905517, 59.808861], [-161.905547, 59.809117], [-161.905576, 59.809373], [-161.905605, 59.809628], [-161.905634, 59.809884], [-161.905662, 59.81014], [-161.905689, 59.810395], [-161.905716, 59.810651], [-161.905743, 59.810907], [-161.905769, 59.811162], [-161.905795, 59.811418], [-161.90582, 59.811674], [-161.905845, 59.81193], [-161.90587, 59.812186], [-161.905894, 59.812441], [-161.905917, 59.812697]]}}, {"type": "Feature", "properties": {"kind": "crossing", "reach": "Kanektok_River", "r_km": 32.0}, "geometry": {"type": "Point", "coordinates": [-161.890805, 59.758852]}}, {"type": "Feature", "properties": {"kind": "crossing", "reach": "Uyak_Creek", "r_km": 32.0}, "geometry": {"type": "Point", "coordinates": [-161.905146, 59.805964]}}, {"type": "Feature", "properties": {"kind": "anchor"}, "geometry": {"type": "Point", "coordinates": [-161.333978, 59.824635]}}]}